ISO-10303-21;
HEADER;

/* File generated by HOOPS Exchange Version 25.8.0 */

FILE_DESCRIPTION(('HOOPS Exchange Step'),'2;1');

FILE_NAME('/Users/cosmin/Downloads/TIPTOE.stp',
'2026-09-24T20:03:15+03:00',
('cosmin'),
('Unknown organisation'),
'HOOPS Exchange 2025.8',
'HOOPS Exchange',
'Unknown authorisation');

FILE_SCHEMA( ('AP203_CONFIGURATION_CONTROLLED_3D_DESIGN_OF_MECHANICAL_PARTS_AND_ASSEMBLIES_MIM_LF') );

ENDSEC;

DATA;
#3=(NAMED_UNIT(*)PLANE_ANGLE_UNIT()SI_UNIT($,.RADIAN.));
#4=PLANE_ANGLE_MEASURE_WITH_UNIT(PLANE_ANGLE_MEASURE(0.0174532925),#3);
#5=(CONVERSION_BASED_UNIT('DEGREE',#4)NAMED_UNIT(#6)PLANE_ANGLE_UNIT());
#6=DIMENSIONAL_EXPONENTS(0.,0.,0.,0.,0.,0.,0.);
#7=(NAMED_UNIT(*)SI_UNIT($,.STERADIAN.)SOLID_ANGLE_UNIT());
#8=(LENGTH_UNIT()NAMED_UNIT(*)SI_UNIT(.MILLI.,.METRE.));
#9=UNCERTAINTY_MEASURE_WITH_UNIT(LENGTH_MEASURE(1.000000E-03),#8,'DISTANCE_ACCURACY_VALUE','Maximum Tolerance applied to model');
#10=(GEOMETRIC_REPRESENTATION_CONTEXT(3)GLOBAL_UNCERTAINTY_ASSIGNED_CONTEXT((#9))GLOBAL_UNIT_ASSIGNED_CONTEXT((#8,#5,#7))REPRESENTATION_CONTEXT('','root'));
#12=CARTESIAN_POINT('',(0.,0.,0.));
#13=DIRECTION('',(0.,0.,1.));
#14=DIRECTION('',(1.,0.,0.));
#15=AXIS2_PLACEMENT_3D('',#12,#13,#14);
#26=(NAMED_UNIT(*)PLANE_ANGLE_UNIT()SI_UNIT($,.RADIAN.));
#27=PLANE_ANGLE_MEASURE_WITH_UNIT(PLANE_ANGLE_MEASURE(0.0174532925),#26);
#28=(CONVERSION_BASED_UNIT('DEGREE',#27)NAMED_UNIT(#29)PLANE_ANGLE_UNIT());
#29=DIMENSIONAL_EXPONENTS(0.,0.,0.,0.,0.,0.,0.);
#30=(NAMED_UNIT(*)SI_UNIT($,.STERADIAN.)SOLID_ANGLE_UNIT());
#31=(LENGTH_UNIT()NAMED_UNIT(*)SI_UNIT(.MILLI.,.METRE.));
#32=UNCERTAINTY_MEASURE_WITH_UNIT(LENGTH_MEASURE(1.000000E-05),#31,'DISTANCE_ACCURACY_VALUE','Maximum Tolerance applied to model');
#33=(GEOMETRIC_REPRESENTATION_CONTEXT(3)GLOBAL_UNCERTAINTY_ASSIGNED_CONTEXT((#32))GLOBAL_UNIT_ASSIGNED_CONTEXT((#31,#28,#30))REPRESENTATION_CONTEXT('','0'));
#35=CARTESIAN_POINT('',(0.,0.,0.));
#36=DIRECTION('',(0.,0.,1.));
#37=DIRECTION('',(1.,0.,0.));
#38=AXIS2_PLACEMENT_3D('',#35,#36,#37);
#49=CARTESIAN_POINT('',(0.,0.,0.));
#50=DIRECTION('',(0.,0.,1.));
#51=DIRECTION('',(1.,0.,-0.));
#52=AXIS2_PLACEMENT_3D('',#49,#50,#51);
#53=ITEM_DEFINED_TRANSFORMATION('','',#52,#38);
#54=(REPRESENTATION_RELATIONSHIP('','',#39,#16)REPRESENTATION_RELATIONSHIP_WITH_TRANSFORMATION(#53)SHAPE_REPRESENTATION_RELATIONSHIP());
#55=NEXT_ASSEMBLY_USAGE_OCCURRENCE('Bottom_1','Bottom','Bottom',#25,#48,$);
#56=PRODUCT_DEFINITION_SHAPE('','',#55);
#57=CONTEXT_DEPENDENT_SHAPE_REPRESENTATION(#54,#56);
#59=CARTESIAN_POINT('',(95.284569731,48.799691071,1.034466219));
#60=DIRECTION('',(0.,1.,0.));
#61=DIRECTION('',(0.,0.,1.));
#62=AXIS2_PLACEMENT_3D('',#59,#60,#61);
#63=PLANE('',#62);
#64=CARTESIAN_POINT('',(-38.303362409,48.799691071,1.02289944));
#65=VERTEX_POINT('',#64);
#66=CARTESIAN_POINT('',(-38.303362409,48.799691071,0.092289957));
#67=DIRECTION('',(0.,1.,0.));
#68=DIRECTION('',(0.,-0.,1.));
#69=AXIS2_PLACEMENT_3D('',#66,#67,#68);
#70=CIRCLE('',#69,0.930609484);
#71=EDGE_CURVE('',#65,#65,#70,.T.);
#72=ORIENTED_EDGE('',*,*,#71,.F.);
#73=EDGE_LOOP('',(#72));
#74=FACE_BOUND('',#73,.T.);
#75=CARTESIAN_POINT('',(-1.060649985,48.799691071,1.02289944));
#76=VERTEX_POINT('',#75);
#77=CARTESIAN_POINT('',(-1.060649985,48.799691071,0.092289957));
#78=DIRECTION('',(0.,1.,0.));
#79=DIRECTION('',(0.,-0.,1.));
#80=AXIS2_PLACEMENT_3D('',#77,#78,#79);
#81=CIRCLE('',#80,0.930609484);
#82=EDGE_CURVE('',#76,#76,#81,.T.);
#83=ORIENTED_EDGE('',*,*,#82,.F.);
#84=EDGE_LOOP('',(#83));
#85=FACE_BOUND('',#84,.T.);
#86=CARTESIAN_POINT('',(-45.75381099,48.799691071,1.034466219));
#87=VERTEX_POINT('',#86);
#88=CARTESIAN_POINT('',(-45.75381099,48.799691071,-0.855513681));
#89=VERTEX_POINT('',#88);
#90=CARTESIAN_POINT('',(-45.75381099,48.799691071,1.034466219));
#91=DIRECTION('',(0.,0.,-1.));
#92=VECTOR('',#91,1.8899799);
#93=LINE('',#90,#92);
#94=EDGE_CURVE('',#87,#89,#93,.T.);
#95=ORIENTED_EDGE('',*,*,#94,.F.);
#96=CARTESIAN_POINT('',(5.504504777,48.799691071,1.034466219));
#97=VERTEX_POINT('',#96);
#98=CARTESIAN_POINT('',(5.504504777,48.799691071,1.034466219));
#99=DIRECTION('',(-1.,0.,0.));
#100=VECTOR('',#99,51.258315768);
#101=LINE('',#98,#100);
#102=EDGE_CURVE('',#97,#87,#101,.T.);
#103=ORIENTED_EDGE('',*,*,#102,.F.);
#104=CARTESIAN_POINT('',(5.504504777,48.799691071,-0.855513681));
#105=VERTEX_POINT('',#104);
#106=CARTESIAN_POINT('',(5.504504777,48.799691071,-0.855513681));
#107=DIRECTION('',(0.,0.,1.));
#108=VECTOR('',#107,1.8899799);
#109=LINE('',#106,#108);
#110=EDGE_CURVE('',#105,#97,#109,.T.);
#111=ORIENTED_EDGE('',*,*,#110,.F.);
#112=CARTESIAN_POINT('',(5.504504777,48.799691071,-0.855513681));
#113=DIRECTION('',(-1.,0.,0.));
#114=VECTOR('',#113,51.258315768);
#115=LINE('',#112,#114);
#116=EDGE_CURVE('',#105,#89,#115,.T.);
#117=ORIENTED_EDGE('',*,*,#116,.T.);
#118=EDGE_LOOP('',(#95,#103,#111,#117));
#119=FACE_BOUND('',#118,.T.);
#120=ADVANCED_FACE('',(#74,#85,#119),#63,.T.);
#121=CARTESIAN_POINT('',(-38.303362409,-28.520906315,0.092289957));
#122=DIRECTION('',(0.,1.,0.));
#123=DIRECTION('',(0.,-0.,1.));
#124=AXIS2_PLACEMENT_3D('',#121,#122,#123);
#125=CYLINDRICAL_SURFACE('',#124,0.930609484);
#126=CARTESIAN_POINT('',(-38.303362409,47.799691071,1.02289944));
#127=VERTEX_POINT('',#126);
#128=CARTESIAN_POINT('',(-38.303362409,48.799691071,1.02289944));
#129=DIRECTION('',(-0.,-1.,-0.));
#130=VECTOR('',#129,1.);
#131=LINE('',#128,#130);
#132=EDGE_CURVE('',#65,#127,#131,.T.);
#133=ORIENTED_EDGE('',*,*,#132,.F.);
#134=ORIENTED_EDGE('',*,*,#71,.T.);
#135=ORIENTED_EDGE('',*,*,#132,.T.);
#136=CARTESIAN_POINT('',(-38.303362409,47.799691071,0.092289957));
#137=DIRECTION('',(0.,1.,0.));
#138=DIRECTION('',(0.,-0.,1.));
#139=AXIS2_PLACEMENT_3D('',#136,#137,#138);
#140=CIRCLE('',#139,0.930609484);
#141=EDGE_CURVE('',#127,#127,#140,.T.);
#142=ORIENTED_EDGE('',*,*,#141,.F.);
#143=EDGE_LOOP('',(#133,#134,#135,#142));
#144=FACE_BOUND('',#143,.T.);
#145=ADVANCED_FACE('',(#144),#125,.F.);
#146=CARTESIAN_POINT('',(-1.060649985,-30.126399772,0.092289957));
#147=DIRECTION('',(0.,1.,0.));
#148=DIRECTION('',(0.,-0.,1.));
#149=AXIS2_PLACEMENT_3D('',#146,#147,#148);
#150=CYLINDRICAL_SURFACE('',#149,0.930609484);
#151=CARTESIAN_POINT('',(-1.060649985,47.799691071,1.02289944));
#152=VERTEX_POINT('',#151);
#153=CARTESIAN_POINT('',(-1.060649985,48.799691071,1.02289944));
#154=DIRECTION('',(-0.,-1.,-0.));
#155=VECTOR('',#154,1.);
#156=LINE('',#153,#155);
#157=EDGE_CURVE('',#76,#152,#156,.T.);
#158=ORIENTED_EDGE('',*,*,#157,.F.);
#159=ORIENTED_EDGE('',*,*,#82,.T.);
#160=ORIENTED_EDGE('',*,*,#157,.T.);
#161=CARTESIAN_POINT('',(-1.060649985,47.799691071,0.092289957));
#162=DIRECTION('',(0.,1.,0.));
#163=DIRECTION('',(0.,-0.,1.));
#164=AXIS2_PLACEMENT_3D('',#161,#162,#163);
#165=CIRCLE('',#164,0.930609484);
#166=EDGE_CURVE('',#152,#152,#165,.T.);
#167=ORIENTED_EDGE('',*,*,#166,.F.);
#168=EDGE_LOOP('',(#158,#159,#160,#167));
#169=FACE_BOUND('',#168,.T.);
#170=ADVANCED_FACE('',(#169),#150,.F.);
#171=CARTESIAN_POINT('',(-45.75381099,-49.017247332,18.6000508));
#172=DIRECTION('',(-1.,0.,0.));
#173=DIRECTION('',(0.,0.,1.));
#174=AXIS2_PLACEMENT_3D('',#171,#172,#173);
#175=PLANE('',#174);
#176=CARTESIAN_POINT('',(-45.75381099,-48.017247332,-0.855513681));
#177=VERTEX_POINT('',#176);
#178=CARTESIAN_POINT('',(-45.75381099,-48.017247332,-4.1999492));
#179=VERTEX_POINT('',#178);
#180=CARTESIAN_POINT('',(-45.75381099,-48.017247332,-0.855513681));
#181=DIRECTION('',(0.,0.,-1.));
#182=VECTOR('',#181,3.344435519);
#183=LINE('',#180,#182);
#184=EDGE_CURVE('',#177,#179,#183,.T.);
#185=ORIENTED_EDGE('',*,*,#184,.T.);
#186=CARTESIAN_POINT('',(-45.75381099,47.799691071,-4.1999492));
#187=VERTEX_POINT('',#186);
#188=CARTESIAN_POINT('',(-45.75381099,-48.017247332,-4.1999492));
#189=DIRECTION('',(0.,1.,0.));
#190=VECTOR('',#189,95.816938403);
#191=LINE('',#188,#190);
#192=EDGE_CURVE('',#179,#187,#191,.T.);
#193=ORIENTED_EDGE('',*,*,#192,.T.);
#194=CARTESIAN_POINT('',(-45.75381099,47.799691071,-0.855513681));
#195=VERTEX_POINT('',#194);
#196=CARTESIAN_POINT('',(-45.75381099,47.799691071,-0.855513681));
#197=DIRECTION('',(0.,0.,-1.));
#198=VECTOR('',#197,3.344435519);
#199=LINE('',#196,#198);
#200=EDGE_CURVE('',#195,#187,#199,.T.);
#201=ORIENTED_EDGE('',*,*,#200,.F.);
#202=CARTESIAN_POINT('',(-45.75381099,47.799691071,-0.855513681));
#203=DIRECTION('',(0.,-1.,0.));
#204=VECTOR('',#203,95.816938403);
#205=LINE('',#202,#204);
#206=EDGE_CURVE('',#195,#177,#205,.T.);
#207=ORIENTED_EDGE('',*,*,#206,.T.);
#208=EDGE_LOOP('',(#185,#193,#201,#207));
#209=FACE_BOUND('',#208,.T.);
#210=ADVANCED_FACE('',(#209),#175,.F.);
#211=CARTESIAN_POINT('',(30.987668395,23.84545647,-4.1999492));
#212=DIRECTION('',(0.,0.,-1.));
#213=DIRECTION('',(-1.,0.,0.));
#214=AXIS2_PLACEMENT_3D('',#211,#212,#213);
#215=PLANE('',#214);
#216=CARTESIAN_POINT('',(56.568161523,47.799691071,-4.1999492));
#217=VERTEX_POINT('',#216);
#218=CARTESIAN_POINT('',(-45.75381099,47.799691071,-4.1999492));
#219=DIRECTION('',(1.,0.,-0.));
#220=VECTOR('',#219,102.321972513);
#221=LINE('',#218,#220);
#222=EDGE_CURVE('',#187,#217,#221,.T.);
#223=ORIENTED_EDGE('',*,*,#222,.F.);
#224=ORIENTED_EDGE('',*,*,#192,.F.);
#225=CARTESIAN_POINT('',(56.568161523,-48.017247332,-4.1999492));
#226=VERTEX_POINT('',#225);
#227=CARTESIAN_POINT('',(56.568161523,-48.017247332,-4.1999492));
#228=DIRECTION('',(-1.,-0.,0.));
#229=VECTOR('',#228,102.321972513);
#230=LINE('',#227,#229);
#231=EDGE_CURVE('',#226,#179,#230,.T.);
#232=ORIENTED_EDGE('',*,*,#231,.F.);
#233=CARTESIAN_POINT('',(56.568161523,47.799691071,-4.1999492));
#234=DIRECTION('',(-0.,-1.,-0.));
#235=VECTOR('',#234,95.816938403);
#236=LINE('',#233,#235);
#237=EDGE_CURVE('',#217,#226,#236,.T.);
#238=ORIENTED_EDGE('',*,*,#237,.F.);
#239=EDGE_LOOP('',(#223,#224,#232,#238));
#240=FACE_BOUND('',#239,.T.);
#241=ADVANCED_FACE('',(#240),#215,.F.);
#242=CARTESIAN_POINT('',(-45.75381099,-49.017247332,18.6000508));
#243=DIRECTION('',(-1.,0.,0.));
#244=DIRECTION('',(0.,0.,1.));
#245=AXIS2_PLACEMENT_3D('',#242,#243,#244);
#246=PLANE('',#245);
#247=ORIENTED_EDGE('',*,*,#206,.F.);
#248=CARTESIAN_POINT('',(-45.75381099,47.799691071,1.034466219));
#249=VERTEX_POINT('',#248);
#250=CARTESIAN_POINT('',(-45.75381099,47.799691071,1.034466219));
#251=DIRECTION('',(0.,0.,-1.));
#252=VECTOR('',#251,1.8899799);
#253=LINE('',#250,#252);
#254=EDGE_CURVE('',#249,#195,#253,.T.);
#255=ORIENTED_EDGE('',*,*,#254,.F.);
#256=CARTESIAN_POINT('',(-45.75381099,-48.017247332,1.034466219));
#257=VERTEX_POINT('',#256);
#258=CARTESIAN_POINT('',(-45.75381099,47.799691071,1.034466219));
#259=DIRECTION('',(0.,-1.,0.));
#260=VECTOR('',#259,95.816938403);
#261=LINE('',#258,#260);
#262=EDGE_CURVE('',#249,#257,#261,.T.);
#263=ORIENTED_EDGE('',*,*,#262,.T.);
#264=CARTESIAN_POINT('',(-45.75381099,-48.017247332,1.034466219));
#265=DIRECTION('',(0.,0.,-1.));
#266=VECTOR('',#265,1.8899799);
#267=LINE('',#264,#266);
#268=EDGE_CURVE('',#257,#177,#267,.T.);
#269=ORIENTED_EDGE('',*,*,#268,.T.);
#270=EDGE_LOOP('',(#247,#255,#263,#269));
#271=FACE_BOUND('',#270,.T.);
#272=ADVANCED_FACE('',(#271),#246,.F.);
#273=CARTESIAN_POINT('',(-45.75381099,250.587114337,-0.855513681));
#274=DIRECTION('',(0.,0.,-1.));
#275=DIRECTION('',(-1.,0.,0.));
#276=AXIS2_PLACEMENT_3D('',#273,#274,#275);
#277=PLANE('',#276);
#278=ORIENTED_EDGE('',*,*,#116,.F.);
#279=CARTESIAN_POINT('',(5.504504777,49.799691071,-0.855513681));
#280=VERTEX_POINT('',#279);
#281=CARTESIAN_POINT('',(5.504504777,49.799691071,-0.855513681));
#282=DIRECTION('',(0.,-1.,0.));
#283=VECTOR('',#282,1.);
#284=LINE('',#281,#283);
#285=EDGE_CURVE('',#280,#105,#284,.T.);
#286=ORIENTED_EDGE('',*,*,#285,.F.);
#287=CARTESIAN_POINT('',(-45.75381099,49.799691071,-0.855513681));
#288=VERTEX_POINT('',#287);
#289=CARTESIAN_POINT('',(5.504504777,49.799691071,-0.855513681));
#290=DIRECTION('',(-1.,0.,0.));
#291=VECTOR('',#290,51.258315768);
#292=LINE('',#289,#291);
#293=EDGE_CURVE('',#280,#288,#292,.T.);
#294=ORIENTED_EDGE('',*,*,#293,.T.);
#295=CARTESIAN_POINT('',(-45.75381099,49.799691071,-0.855513681));
#296=DIRECTION('',(0.,-1.,0.));
#297=VECTOR('',#296,1.);
#298=LINE('',#295,#297);
#299=EDGE_CURVE('',#288,#89,#298,.T.);
#300=ORIENTED_EDGE('',*,*,#299,.T.);
#301=EDGE_LOOP('',(#278,#286,#294,#300));
#302=FACE_BOUND('',#301,.T.);
#303=ADVANCED_FACE('',(#302),#277,.F.);
#304=CARTESIAN_POINT('',(57.568161523,-49.017247332,-5.3999492));
#305=DIRECTION('',(0.,0.,1.));
#306=DIRECTION('',(-1.,0.,0.));
#307=AXIS2_PLACEMENT_3D('',#304,#305,#306);
#308=PLANE('',#307);
#309=CARTESIAN_POINT('',(58.568161523,-50.017247332,-5.3999492));
#310=VERTEX_POINT('',#309);
#311=CARTESIAN_POINT('',(-47.75381099,-50.017247332,-5.3999492));
#312=VERTEX_POINT('',#311);
#313=CARTESIAN_POINT('',(58.568161523,-50.017247332,-5.3999492));
#314=DIRECTION('',(-1.,-0.,0.));
#315=VECTOR('',#314,106.321972513);
#316=LINE('',#313,#315);
#317=EDGE_CURVE('',#310,#312,#316,.T.);
#318=ORIENTED_EDGE('',*,*,#317,.T.);
#319=CARTESIAN_POINT('',(-47.75381099,49.799691071,-5.3999492));
#320=VERTEX_POINT('',#319);
#321=CARTESIAN_POINT('',(-47.75381099,-50.017247332,-5.3999492));
#322=DIRECTION('',(0.,1.,0.));
#323=VECTOR('',#322,99.816938403);
#324=LINE('',#321,#323);
#325=EDGE_CURVE('',#312,#320,#324,.T.);
#326=ORIENTED_EDGE('',*,*,#325,.T.);
#327=CARTESIAN_POINT('',(58.568161523,49.799691071,-5.3999492));
#328=VERTEX_POINT('',#327);
#329=CARTESIAN_POINT('',(-47.75381099,49.799691071,-5.3999492));
#330=DIRECTION('',(1.,0.,-0.));
#331=VECTOR('',#330,106.321972513);
#332=LINE('',#329,#331);
#333=EDGE_CURVE('',#320,#328,#332,.T.);
#334=ORIENTED_EDGE('',*,*,#333,.T.);
#335=CARTESIAN_POINT('',(58.568161523,49.799691071,-5.3999492));
#336=DIRECTION('',(-0.,-1.,-0.));
#337=VECTOR('',#336,99.816938403);
#338=LINE('',#335,#337);
#339=EDGE_CURVE('',#328,#310,#338,.T.);
#340=ORIENTED_EDGE('',*,*,#339,.T.);
#341=EDGE_LOOP('',(#318,#326,#334,#340));
#342=FACE_BOUND('',#341,.T.);
#343=ADVANCED_FACE('',(#342),#308,.F.);
#344=CARTESIAN_POINT('',(5.504504777,250.587114337,-0.855513681));
#345=DIRECTION('',(1.,0.,0.));
#346=DIRECTION('',(0.,0.,-1.));
#347=AXIS2_PLACEMENT_3D('',#344,#345,#346);
#348=PLANE('',#347);
#349=ORIENTED_EDGE('',*,*,#285,.T.);
#350=ORIENTED_EDGE('',*,*,#110,.T.);
#351=CARTESIAN_POINT('',(5.504504777,49.799691071,1.034466219));
#352=VERTEX_POINT('',#351);
#353=CARTESIAN_POINT('',(5.504504777,49.799691071,1.034466219));
#354=DIRECTION('',(0.,-1.,0.));
#355=VECTOR('',#354,1.);
#356=LINE('',#353,#355);
#357=EDGE_CURVE('',#352,#97,#356,.T.);
#358=ORIENTED_EDGE('',*,*,#357,.F.);
#359=CARTESIAN_POINT('',(5.504504777,49.799691071,1.034466219));
#360=DIRECTION('',(0.,0.,-1.));
#361=VECTOR('',#360,1.8899799);
#362=LINE('',#359,#361);
#363=EDGE_CURVE('',#352,#280,#362,.T.);
#364=ORIENTED_EDGE('',*,*,#363,.T.);
#365=EDGE_LOOP('',(#349,#350,#358,#364));
#366=FACE_BOUND('',#365,.T.);
#367=ADVANCED_FACE('',(#366),#348,.F.);
#368=CARTESIAN_POINT('',(-45.75381099,250.587114337,13.689437383));
#369=DIRECTION('',(-1.,0.,0.));
#370=DIRECTION('',(0.,0.,1.));
#371=AXIS2_PLACEMENT_3D('',#368,#369,#370);
#372=PLANE('',#371);
#373=CARTESIAN_POINT('',(-45.75381099,49.799691071,1.034466219));
#374=VERTEX_POINT('',#373);
#375=CARTESIAN_POINT('',(-45.75381099,49.799691071,1.034466219));
#376=DIRECTION('',(0.,-1.,0.));
#377=VECTOR('',#376,1.);
#378=LINE('',#375,#377);
#379=EDGE_CURVE('',#374,#87,#378,.T.);
#380=ORIENTED_EDGE('',*,*,#379,.T.);
#381=ORIENTED_EDGE('',*,*,#94,.T.);
#382=ORIENTED_EDGE('',*,*,#299,.F.);
#383=CARTESIAN_POINT('',(-45.75381099,49.799691071,-0.855513681));
#384=DIRECTION('',(0.,0.,1.));
#385=VECTOR('',#384,1.8899799);
#386=LINE('',#383,#385);
#387=EDGE_CURVE('',#288,#374,#386,.T.);
#388=ORIENTED_EDGE('',*,*,#387,.T.);
#389=EDGE_LOOP('',(#380,#381,#382,#388));
#390=FACE_BOUND('',#389,.T.);
#391=ADVANCED_FACE('',(#390),#372,.F.);
#392=CARTESIAN_POINT('',(-45.75381099,250.063385993,1.034466219));
#393=DIRECTION('',(0.,0.,-1.));
#394=DIRECTION('',(-1.,0.,0.));
#395=AXIS2_PLACEMENT_3D('',#392,#393,#394);
#396=PLANE('',#395);
#397=ORIENTED_EDGE('',*,*,#102,.T.);
#398=CARTESIAN_POINT('',(-45.75381099,48.799691071,1.034466219));
#399=DIRECTION('',(0.,-1.,0.));
#400=VECTOR('',#399,1.);
#401=LINE('',#398,#400);
#402=EDGE_CURVE('',#87,#249,#401,.T.);
#403=ORIENTED_EDGE('',*,*,#402,.T.);
#404=CARTESIAN_POINT('',(5.504504777,47.799691071,1.034466219));
#405=VERTEX_POINT('',#404);
#406=CARTESIAN_POINT('',(5.504504777,47.799691071,1.034466219));
#407=DIRECTION('',(-1.,0.,0.));
#408=VECTOR('',#407,51.258315768);
#409=LINE('',#406,#408);
#410=EDGE_CURVE('',#405,#249,#409,.T.);
#411=ORIENTED_EDGE('',*,*,#410,.F.);
#412=CARTESIAN_POINT('',(5.504504777,48.799691071,1.034466219));
#413=DIRECTION('',(0.,-1.,0.));
#414=VECTOR('',#413,1.);
#415=LINE('',#412,#414);
#416=EDGE_CURVE('',#97,#405,#415,.T.);
#417=ORIENTED_EDGE('',*,*,#416,.F.);
#418=EDGE_LOOP('',(#397,#403,#411,#417));
#419=FACE_BOUND('',#418,.T.);
#420=ADVANCED_FACE('',(#419),#396,.F.);
#421=CARTESIAN_POINT('',(5.504504777,250.063385993,1.034466219));
#422=DIRECTION('',(1.,0.,0.));
#423=DIRECTION('',(0.,0.,-1.));
#424=AXIS2_PLACEMENT_3D('',#421,#422,#423);
#425=PLANE('',#424);
#426=CARTESIAN_POINT('',(5.504504777,47.799691071,6.6000508));
#427=VERTEX_POINT('',#426);
#428=CARTESIAN_POINT('',(5.504504777,47.799691071,6.6000508));
#429=DIRECTION('',(0.,0.,-1.));
#430=VECTOR('',#429,5.565584581);
#431=LINE('',#428,#430);
#432=EDGE_CURVE('',#427,#405,#431,.T.);
#433=ORIENTED_EDGE('',*,*,#432,.F.);
#434=CARTESIAN_POINT('',(5.504504777,49.799691071,6.6000508));
#435=VERTEX_POINT('',#434);
#436=CARTESIAN_POINT('',(5.504504777,47.799691071,6.6000508));
#437=DIRECTION('',(0.,1.,0.));
#438=VECTOR('',#437,2.);
#439=LINE('',#436,#438);
#440=EDGE_CURVE('',#427,#435,#439,.T.);
#441=ORIENTED_EDGE('',*,*,#440,.T.);
#442=CARTESIAN_POINT('',(5.504504777,49.799691071,6.6000508));
#443=DIRECTION('',(0.,0.,-1.));
#444=VECTOR('',#443,5.565584581);
#445=LINE('',#442,#444);
#446=EDGE_CURVE('',#435,#352,#445,.T.);
#447=ORIENTED_EDGE('',*,*,#446,.T.);
#448=ORIENTED_EDGE('',*,*,#357,.T.);
#449=ORIENTED_EDGE('',*,*,#416,.T.);
#450=EDGE_LOOP('',(#433,#441,#447,#448,#449));
#451=FACE_BOUND('',#450,.T.);
#452=ADVANCED_FACE('',(#451),#425,.F.);
#453=CARTESIAN_POINT('',(-45.75381099,250.063385993,11.799457483));
#454=DIRECTION('',(-1.,0.,0.));
#455=DIRECTION('',(0.,0.,1.));
#456=AXIS2_PLACEMENT_3D('',#453,#454,#455);
#457=PLANE('',#456);
#458=CARTESIAN_POINT('',(-45.75381099,49.799691071,6.6000508));
#459=VERTEX_POINT('',#458);
#460=CARTESIAN_POINT('',(-45.75381099,49.799691071,1.034466219));
#461=DIRECTION('',(0.,0.,1.));
#462=VECTOR('',#461,5.565584581);
#463=LINE('',#460,#462);
#464=EDGE_CURVE('',#374,#459,#463,.T.);
#465=ORIENTED_EDGE('',*,*,#464,.T.);
#466=CARTESIAN_POINT('',(-45.75381099,47.799691071,6.6000508));
#467=VERTEX_POINT('',#466);
#468=CARTESIAN_POINT('',(-45.75381099,49.799691071,6.6000508));
#469=DIRECTION('',(0.,-1.,0.));
#470=VECTOR('',#469,2.);
#471=LINE('',#468,#470);
#472=EDGE_CURVE('',#459,#467,#471,.T.);
#473=ORIENTED_EDGE('',*,*,#472,.T.);
#474=CARTESIAN_POINT('',(-45.75381099,47.799691071,6.6000508));
#475=DIRECTION('',(0.,0.,-1.));
#476=VECTOR('',#475,5.565584581);
#477=LINE('',#474,#476);
#478=EDGE_CURVE('',#467,#249,#477,.T.);
#479=ORIENTED_EDGE('',*,*,#478,.T.);
#480=ORIENTED_EDGE('',*,*,#402,.F.);
#481=ORIENTED_EDGE('',*,*,#379,.F.);
#482=EDGE_LOOP('',(#465,#473,#479,#480,#481));
#483=FACE_BOUND('',#482,.T.);
#484=ADVANCED_FACE('',(#483),#457,.F.);
#485=CARTESIAN_POINT('',(-47.75381099,-49.017247332,18.6000508));
#486=DIRECTION('',(-1.,0.,0.));
#487=DIRECTION('',(0.,0.,1.));
#488=AXIS2_PLACEMENT_3D('',#485,#486,#487);
#489=PLANE('',#488);
#490=CARTESIAN_POINT('',(-47.75381099,49.799691071,6.6000508));
#491=VERTEX_POINT('',#490);
#492=CARTESIAN_POINT('',(-47.75381099,-50.017247332,6.6000508));
#493=VERTEX_POINT('',#492);
#494=CARTESIAN_POINT('',(-47.75381099,49.799691071,6.6000508));
#495=DIRECTION('',(0.,-1.,0.));
#496=VECTOR('',#495,99.816938403);
#497=LINE('',#494,#496);
#498=EDGE_CURVE('',#491,#493,#497,.T.);
#499=ORIENTED_EDGE('',*,*,#498,.F.);
#500=CARTESIAN_POINT('',(-47.75381099,49.799691071,6.6000508));
#501=DIRECTION('',(0.,0.,-1.));
#502=VECTOR('',#501,12.);
#503=LINE('',#500,#502);
#504=EDGE_CURVE('',#491,#320,#503,.T.);
#505=ORIENTED_EDGE('',*,*,#504,.T.);
#506=ORIENTED_EDGE('',*,*,#325,.F.);
#507=CARTESIAN_POINT('',(-47.75381099,-50.017247332,6.6000508));
#508=DIRECTION('',(0.,0.,-1.));
#509=VECTOR('',#508,12.);
#510=LINE('',#507,#509);
#511=EDGE_CURVE('',#493,#312,#510,.T.);
#512=ORIENTED_EDGE('',*,*,#511,.F.);
#513=EDGE_LOOP('',(#499,#505,#506,#512));
#514=FACE_BOUND('',#513,.T.);
#515=ADVANCED_FACE('',(#514),#489,.T.);
#516=CARTESIAN_POINT('',(57.568161523,-50.017247332,18.6000508));
#517=DIRECTION('',(0.,-1.,0.));
#518=DIRECTION('',(0.,0.,-1.));
#519=AXIS2_PLACEMENT_3D('',#516,#517,#518);
#520=PLANE('',#519);
#521=CARTESIAN_POINT('',(58.568161523,-50.017247332,6.6000508));
#522=VERTEX_POINT('',#521);
#523=CARTESIAN_POINT('',(-47.75381099,-50.017247332,6.6000508));
#524=DIRECTION('',(1.,0.,-0.));
#525=VECTOR('',#524,106.321972513);
#526=LINE('',#523,#525);
#527=EDGE_CURVE('',#493,#522,#526,.T.);
#528=ORIENTED_EDGE('',*,*,#527,.F.);
#529=ORIENTED_EDGE('',*,*,#511,.T.);
#530=ORIENTED_EDGE('',*,*,#317,.F.);
#531=CARTESIAN_POINT('',(58.568161523,-50.017247332,6.6000508));
#532=DIRECTION('',(0.,0.,-1.));
#533=VECTOR('',#532,12.);
#534=LINE('',#531,#533);
#535=EDGE_CURVE('',#522,#310,#534,.T.);
#536=ORIENTED_EDGE('',*,*,#535,.F.);
#537=EDGE_LOOP('',(#528,#529,#530,#536));
#538=FACE_BOUND('',#537,.T.);
#539=ADVANCED_FACE('',(#538),#520,.T.);
#540=CARTESIAN_POINT('',(58.568161523,48.799691071,18.6000508));
#541=DIRECTION('',(1.,0.,0.));
#542=DIRECTION('',(0.,0.,-1.));
#543=AXIS2_PLACEMENT_3D('',#540,#541,#542);
#544=PLANE('',#543);
#545=CARTESIAN_POINT('',(58.568161523,49.799691071,6.6000508));
#546=VERTEX_POINT('',#545);
#547=CARTESIAN_POINT('',(58.568161523,-50.017247332,6.6000508));
#548=DIRECTION('',(0.,1.,0.));
#549=VECTOR('',#548,99.816938403);
#550=LINE('',#547,#549);
#551=EDGE_CURVE('',#522,#546,#550,.T.);
#552=ORIENTED_EDGE('',*,*,#551,.F.);
#553=ORIENTED_EDGE('',*,*,#535,.T.);
#554=ORIENTED_EDGE('',*,*,#339,.F.);
#555=CARTESIAN_POINT('',(58.568161523,49.799691071,6.6000508));
#556=DIRECTION('',(0.,0.,-1.));
#557=VECTOR('',#556,12.);
#558=LINE('',#555,#557);
#559=EDGE_CURVE('',#546,#328,#558,.T.);
#560=ORIENTED_EDGE('',*,*,#559,.F.);
#561=EDGE_LOOP('',(#552,#553,#554,#560));
#562=FACE_BOUND('',#561,.T.);
#563=ADVANCED_FACE('',(#562),#544,.T.);
#564=CARTESIAN_POINT('',(-46.75381099,49.799691071,18.6000508));
#565=DIRECTION('',(0.,1.,0.));
#566=DIRECTION('',(0.,0.,1.));
#567=AXIS2_PLACEMENT_3D('',#564,#565,#566);
#568=PLANE('',#567);
#569=CARTESIAN_POINT('',(58.568161523,49.799691071,6.6000508));
#570=DIRECTION('',(-1.,0.,0.));
#571=VECTOR('',#570,53.063656745);
#572=LINE('',#569,#571);
#573=EDGE_CURVE('',#546,#435,#572,.T.);
#574=ORIENTED_EDGE('',*,*,#573,.F.);
#575=ORIENTED_EDGE('',*,*,#559,.T.);
#576=ORIENTED_EDGE('',*,*,#333,.F.);
#577=ORIENTED_EDGE('',*,*,#504,.F.);
#578=CARTESIAN_POINT('',(-45.75381099,49.799691071,6.6000508));
#579=DIRECTION('',(-1.,0.,0.));
#580=VECTOR('',#579,2.);
#581=LINE('',#578,#580);
#582=EDGE_CURVE('',#459,#491,#581,.T.);
#583=ORIENTED_EDGE('',*,*,#582,.F.);
#584=ORIENTED_EDGE('',*,*,#464,.F.);
#585=ORIENTED_EDGE('',*,*,#387,.F.);
#586=ORIENTED_EDGE('',*,*,#293,.F.);
#587=ORIENTED_EDGE('',*,*,#363,.F.);
#588=ORIENTED_EDGE('',*,*,#446,.F.);
#589=EDGE_LOOP('',(#574,#575,#576,#577,#583,#584,#585,#586,#587,#588));
#590=FACE_BOUND('',#589,.T.);
#591=ADVANCED_FACE('',(#590),#568,.T.);
#592=CARTESIAN_POINT('',(-45.75381099,-49.017247332,18.6000508));
#593=DIRECTION('',(-1.,0.,0.));
#594=DIRECTION('',(0.,0.,1.));
#595=AXIS2_PLACEMENT_3D('',#592,#593,#594);
#596=PLANE('',#595);
#597=ORIENTED_EDGE('',*,*,#478,.F.);
#598=CARTESIAN_POINT('',(-45.75381099,-48.017247332,6.6000508));
#599=VERTEX_POINT('',#598);
#600=CARTESIAN_POINT('',(-45.75381099,47.799691071,6.6000508));
#601=DIRECTION('',(0.,-1.,0.));
#602=VECTOR('',#601,95.816938403);
#603=LINE('',#600,#602);
#604=EDGE_CURVE('',#467,#599,#603,.T.);
#605=ORIENTED_EDGE('',*,*,#604,.T.);
#606=CARTESIAN_POINT('',(-45.75381099,-48.017247332,6.6000508));
#607=DIRECTION('',(0.,0.,-1.));
#608=VECTOR('',#607,5.565584581);
#609=LINE('',#606,#608);
#610=EDGE_CURVE('',#599,#257,#609,.T.);
#611=ORIENTED_EDGE('',*,*,#610,.T.);
#612=ORIENTED_EDGE('',*,*,#262,.F.);
#613=EDGE_LOOP('',(#597,#605,#611,#612));
#614=FACE_BOUND('',#613,.T.);
#615=ADVANCED_FACE('',(#614),#596,.F.);
#616=CARTESIAN_POINT('',(57.568161523,-48.017247332,18.6000508));
#617=DIRECTION('',(0.,-1.,0.));
#618=DIRECTION('',(0.,0.,-1.));
#619=AXIS2_PLACEMENT_3D('',#616,#617,#618);
#620=PLANE('',#619);
#621=ORIENTED_EDGE('',*,*,#610,.F.);
#622=CARTESIAN_POINT('',(56.568161523,-48.017247332,6.6000508));
#623=VERTEX_POINT('',#622);
#624=CARTESIAN_POINT('',(-45.75381099,-48.017247332,6.6000508));
#625=DIRECTION('',(1.,0.,-0.));
#626=VECTOR('',#625,102.321972513);
#627=LINE('',#624,#626);
#628=EDGE_CURVE('',#599,#623,#627,.T.);
#629=ORIENTED_EDGE('',*,*,#628,.T.);
#630=CARTESIAN_POINT('',(56.568161523,-48.017247332,6.6000508));
#631=DIRECTION('',(0.,0.,-1.));
#632=VECTOR('',#631,10.8);
#633=LINE('',#630,#632);
#634=EDGE_CURVE('',#623,#226,#633,.T.);
#635=ORIENTED_EDGE('',*,*,#634,.T.);
#636=ORIENTED_EDGE('',*,*,#231,.T.);
#637=ORIENTED_EDGE('',*,*,#184,.F.);
#638=ORIENTED_EDGE('',*,*,#268,.F.);
#639=EDGE_LOOP('',(#621,#629,#635,#636,#637,#638));
#640=FACE_BOUND('',#639,.T.);
#641=ADVANCED_FACE('',(#640),#620,.F.);
#642=CARTESIAN_POINT('',(56.568161523,48.799691071,18.6000508));
#643=DIRECTION('',(1.,0.,0.));
#644=DIRECTION('',(0.,0.,-1.));
#645=AXIS2_PLACEMENT_3D('',#642,#643,#644);
#646=PLANE('',#645);
#647=ORIENTED_EDGE('',*,*,#634,.F.);
#648=CARTESIAN_POINT('',(56.568161523,47.799691071,6.6000508));
#649=VERTEX_POINT('',#648);
#650=CARTESIAN_POINT('',(56.568161523,-48.017247332,6.6000508));
#651=DIRECTION('',(0.,1.,0.));
#652=VECTOR('',#651,95.816938403);
#653=LINE('',#650,#652);
#654=EDGE_CURVE('',#623,#649,#653,.T.);
#655=ORIENTED_EDGE('',*,*,#654,.T.);
#656=CARTESIAN_POINT('',(56.568161523,47.799691071,6.6000508));
#657=DIRECTION('',(0.,0.,-1.));
#658=VECTOR('',#657,10.8);
#659=LINE('',#656,#658);
#660=EDGE_CURVE('',#649,#217,#659,.T.);
#661=ORIENTED_EDGE('',*,*,#660,.T.);
#662=ORIENTED_EDGE('',*,*,#237,.T.);
#663=EDGE_LOOP('',(#647,#655,#661,#662));
#664=FACE_BOUND('',#663,.T.);
#665=ADVANCED_FACE('',(#664),#646,.F.);
#666=CARTESIAN_POINT('',(-46.75381099,47.799691071,18.6000508));
#667=DIRECTION('',(0.,1.,0.));
#668=DIRECTION('',(0.,0.,1.));
#669=AXIS2_PLACEMENT_3D('',#666,#667,#668);
#670=PLANE('',#669);
#671=ORIENTED_EDGE('',*,*,#166,.T.);
#672=EDGE_LOOP('',(#671));
#673=FACE_BOUND('',#672,.T.);
#674=ORIENTED_EDGE('',*,*,#141,.T.);
#675=EDGE_LOOP('',(#674));
#676=FACE_BOUND('',#675,.T.);
#677=ORIENTED_EDGE('',*,*,#660,.F.);
#678=CARTESIAN_POINT('',(56.568161523,47.799691071,6.6000508));
#679=DIRECTION('',(-1.,0.,0.));
#680=VECTOR('',#679,51.063656745);
#681=LINE('',#678,#680);
#682=EDGE_CURVE('',#649,#427,#681,.T.);
#683=ORIENTED_EDGE('',*,*,#682,.T.);
#684=ORIENTED_EDGE('',*,*,#432,.T.);
#685=ORIENTED_EDGE('',*,*,#410,.T.);
#686=ORIENTED_EDGE('',*,*,#254,.T.);
#687=ORIENTED_EDGE('',*,*,#200,.T.);
#688=ORIENTED_EDGE('',*,*,#222,.T.);
#689=EDGE_LOOP('',(#677,#683,#684,#685,#686,#687,#688));
#690=FACE_BOUND('',#689,.T.);
#691=ADVANCED_FACE('',(#673,#676,#690),#670,.F.);
#692=CARTESIAN_POINT('',(208.319587732,49.799691071,6.6000508));
#693=DIRECTION('',(0.,0.,-1.));
#694=DIRECTION('',(-1.,0.,0.));
#695=AXIS2_PLACEMENT_3D('',#692,#693,#694);
#696=PLANE('',#695);
#697=ORIENTED_EDGE('',*,*,#551,.T.);
#698=ORIENTED_EDGE('',*,*,#573,.T.);
#699=ORIENTED_EDGE('',*,*,#440,.F.);
#700=ORIENTED_EDGE('',*,*,#682,.F.);
#701=ORIENTED_EDGE('',*,*,#654,.F.);
#702=ORIENTED_EDGE('',*,*,#628,.F.);
#703=ORIENTED_EDGE('',*,*,#604,.F.);
#704=ORIENTED_EDGE('',*,*,#472,.F.);
#705=ORIENTED_EDGE('',*,*,#582,.T.);
#706=ORIENTED_EDGE('',*,*,#498,.T.);
#707=ORIENTED_EDGE('',*,*,#527,.T.);
#708=EDGE_LOOP('',(#697,#698,#699,#700,#701,#702,#703,#704,#705,#706,#707));
#709=FACE_BOUND('',#708,.T.);
#710=ADVANCED_FACE('',(#709),#696,.F.);
#711=CLOSED_SHELL('',(#120,#145,#170,#210,#241,#272,#303,#343,#367,#391,#420,#452,#484,#515,#539,#563,#591,#615,#641,#665,#691,#710));
#712=MANIFOLD_SOLID_BREP('Case Bottom',#711);
#58=STYLED_ITEM('',(),#712);
#713=(NAMED_UNIT(*)PLANE_ANGLE_UNIT()SI_UNIT($,.RADIAN.));
#714=PLANE_ANGLE_MEASURE_WITH_UNIT(PLANE_ANGLE_MEASURE(0.0174532925),#713);
#715=(CONVERSION_BASED_UNIT('DEGREE',#714)NAMED_UNIT(#716)PLANE_ANGLE_UNIT());
#716=DIMENSIONAL_EXPONENTS(0.,0.,0.,0.,0.,0.,0.);
#717=(NAMED_UNIT(*)SI_UNIT($,.STERADIAN.)SOLID_ANGLE_UNIT());
#718=(LENGTH_UNIT()NAMED_UNIT(*)SI_UNIT(.MILLI.,.METRE.));
#719=UNCERTAINTY_MEASURE_WITH_UNIT(LENGTH_MEASURE(1.000000E-05),#718,'DISTANCE_ACCURACY_VALUE','Maximum Tolerance applied to model');
#720=(GEOMETRIC_REPRESENTATION_CONTEXT(3)GLOBAL_UNCERTAINTY_ASSIGNED_CONTEXT((#719))GLOBAL_UNIT_ASSIGNED_CONTEXT((#718,#715,#717))REPRESENTATION_CONTEXT('','0'));
#722=CARTESIAN_POINT('',(0.,0.,0.));
#723=DIRECTION('',(0.,0.,1.));
#724=DIRECTION('',(1.,0.,0.));
#725=AXIS2_PLACEMENT_3D('',#722,#723,#724);
#736=CARTESIAN_POINT('',(0.,0.,0.));
#737=DIRECTION('',(0.,0.,1.));
#738=DIRECTION('',(1.,0.,-0.));
#739=AXIS2_PLACEMENT_3D('',#736,#737,#738);
#740=ITEM_DEFINED_TRANSFORMATION('','',#739,#725);
#741=(REPRESENTATION_RELATIONSHIP('','',#726,#39)REPRESENTATION_RELATIONSHIP_WITH_TRANSFORMATION(#740)SHAPE_REPRESENTATION_RELATIONSHIP());
#742=NEXT_ASSEMBLY_USAGE_OCCURRENCE('Text Bottom_2','Text Bottom','Text Bottom',#48,#735,$);
#743=PRODUCT_DEFINITION_SHAPE('','',#742);
#744=CONTEXT_DEPENDENT_SHAPE_REPRESENTATION(#741,#743);
#746=CARTESIAN_POINT('',(-9.013903323,-33.280749279,-5.397335996));
#747=DIRECTION('',(1.,0.,0.));
#748=DIRECTION('',(0.,0.,-1.));
#749=AXIS2_PLACEMENT_3D('',#746,#747,#748);
#750=PLANE('',#749);
#751=CARTESIAN_POINT('',(-9.013903323,-33.280749279,-6.397335996));
#752=VERTEX_POINT('',#751);
#753=CARTESIAN_POINT('',(-9.013903323,-43.380749279,-6.397335996));
#754=VERTEX_POINT('',#753);
#755=CARTESIAN_POINT('',(-9.013903323,-33.280749279,-6.397335996));
#756=DIRECTION('',(0.,-1.,0.));
#757=VECTOR('',#756,10.1);
#758=LINE('',#755,#757);
#759=EDGE_CURVE('',#752,#754,#758,.T.);
#760=ORIENTED_EDGE('',*,*,#759,.T.);
#761=CARTESIAN_POINT('',(-9.013903323,-43.380749279,-5.397335996));
#762=VERTEX_POINT('',#761);
#763=CARTESIAN_POINT('',(-9.013903323,-43.380749279,-5.397335996));
#764=DIRECTION('',(0.,0.,-1.));
#765=VECTOR('',#764,1.);
#766=LINE('',#763,#765);
#767=EDGE_CURVE('',#762,#754,#766,.T.);
#768=ORIENTED_EDGE('',*,*,#767,.F.);
#769=CARTESIAN_POINT('',(-9.013903323,-33.280749279,-5.397335996));
#770=VERTEX_POINT('',#769);
#771=CARTESIAN_POINT('',(-9.013903323,-33.280749279,-5.397335996));
#772=DIRECTION('',(0.,-1.,0.));
#773=VECTOR('',#772,10.1);
#774=LINE('',#771,#773);
#775=EDGE_CURVE('',#770,#762,#774,.T.);
#776=ORIENTED_EDGE('',*,*,#775,.F.);
#777=CARTESIAN_POINT('',(-9.013903323,-33.280749279,-5.397335996));
#778=DIRECTION('',(0.,0.,-1.));
#779=VECTOR('',#778,1.);
#780=LINE('',#777,#779);
#781=EDGE_CURVE('',#770,#752,#780,.T.);
#782=ORIENTED_EDGE('',*,*,#781,.T.);
#783=EDGE_LOOP('',(#760,#768,#776,#782));
#784=FACE_BOUND('',#783,.T.);
#785=ADVANCED_FACE('',(#784),#750,.F.);
#786=CARTESIAN_POINT('',(-9.013903323,-43.380749279,-5.397335996));
#787=DIRECTION('',(0.,1.,0.));
#788=DIRECTION('',(0.,0.,1.));
#789=AXIS2_PLACEMENT_3D('',#786,#787,#788);
#790=PLANE('',#789);
#791=CARTESIAN_POINT('',(-7.783903323,-43.380749279,-6.397335996));
#792=VERTEX_POINT('',#791);
#793=CARTESIAN_POINT('',(-9.013903323,-43.380749279,-6.397335996));
#794=DIRECTION('',(1.,0.,-0.));
#795=VECTOR('',#794,1.23);
#796=LINE('',#793,#795);
#797=EDGE_CURVE('',#754,#792,#796,.T.);
#798=ORIENTED_EDGE('',*,*,#797,.T.);
#799=CARTESIAN_POINT('',(-7.783903323,-43.380749279,-5.397335996));
#800=VERTEX_POINT('',#799);
#801=CARTESIAN_POINT('',(-7.783903323,-43.380749279,-5.397335996));
#802=DIRECTION('',(0.,0.,-1.));
#803=VECTOR('',#802,1.);
#804=LINE('',#801,#803);
#805=EDGE_CURVE('',#800,#792,#804,.T.);
#806=ORIENTED_EDGE('',*,*,#805,.F.);
#807=CARTESIAN_POINT('',(-9.013903323,-43.380749279,-5.397335996));
#808=DIRECTION('',(1.,0.,-0.));
#809=VECTOR('',#808,1.23);
#810=LINE('',#807,#809);
#811=EDGE_CURVE('',#762,#800,#810,.T.);
#812=ORIENTED_EDGE('',*,*,#811,.F.);
#813=ORIENTED_EDGE('',*,*,#767,.T.);
#814=EDGE_LOOP('',(#798,#806,#812,#813));
#815=FACE_BOUND('',#814,.T.);
#816=ADVANCED_FACE('',(#815),#790,.F.);
#817=CARTESIAN_POINT('',(-7.783903323,-43.380749279,-5.397335996));
#818=DIRECTION('',(-1.,0.,0.));
#819=DIRECTION('',(0.,0.,1.));
#820=AXIS2_PLACEMENT_3D('',#817,#818,#819);
#821=PLANE('',#820);
#822=CARTESIAN_POINT('',(-7.783903323,-33.280749279,-6.397335996));
#823=VERTEX_POINT('',#822);
#824=CARTESIAN_POINT('',(-7.783903323,-43.380749279,-6.397335996));
#825=DIRECTION('',(0.,1.,0.));
#826=VECTOR('',#825,10.1);
#827=LINE('',#824,#826);
#828=EDGE_CURVE('',#792,#823,#827,.T.);
#829=ORIENTED_EDGE('',*,*,#828,.T.);
#830=CARTESIAN_POINT('',(-7.783903323,-33.280749279,-5.397335996));
#831=VERTEX_POINT('',#830);
#832=CARTESIAN_POINT('',(-7.783903323,-33.280749279,-5.397335996));
#833=DIRECTION('',(0.,0.,-1.));
#834=VECTOR('',#833,1.);
#835=LINE('',#832,#834);
#836=EDGE_CURVE('',#831,#823,#835,.T.);
#837=ORIENTED_EDGE('',*,*,#836,.F.);
#838=CARTESIAN_POINT('',(-7.783903323,-43.380749279,-5.397335996));
#839=DIRECTION('',(0.,1.,0.));
#840=VECTOR('',#839,10.1);
#841=LINE('',#838,#840);
#842=EDGE_CURVE('',#800,#831,#841,.T.);
#843=ORIENTED_EDGE('',*,*,#842,.F.);
#844=ORIENTED_EDGE('',*,*,#805,.T.);
#845=EDGE_LOOP('',(#829,#837,#843,#844));
#846=FACE_BOUND('',#845,.T.);
#847=ADVANCED_FACE('',(#846),#821,.F.);
#848=CARTESIAN_POINT('',(-7.783903323,-33.280749279,-5.397335996));
#849=DIRECTION('',(0.,-1.,0.));
#850=DIRECTION('',(0.,0.,-1.));
#851=AXIS2_PLACEMENT_3D('',#848,#849,#850);
#852=PLANE('',#851);
#853=CARTESIAN_POINT('',(-7.783903323,-33.280749279,-6.397335996));
#854=DIRECTION('',(-1.,0.,0.));
#855=VECTOR('',#854,1.23);
#856=LINE('',#853,#855);
#857=EDGE_CURVE('',#823,#752,#856,.T.);
#858=ORIENTED_EDGE('',*,*,#857,.T.);
#859=ORIENTED_EDGE('',*,*,#781,.F.);
#860=CARTESIAN_POINT('',(-7.783903323,-33.280749279,-5.397335996));
#861=DIRECTION('',(-1.,0.,0.));
#862=VECTOR('',#861,1.23);
#863=LINE('',#860,#862);
#864=EDGE_CURVE('',#831,#770,#863,.T.);
#865=ORIENTED_EDGE('',*,*,#864,.F.);
#866=ORIENTED_EDGE('',*,*,#836,.T.);
#867=EDGE_LOOP('',(#858,#859,#865,#866));
#868=FACE_BOUND('',#867,.T.);
#869=ADVANCED_FACE('',(#868),#852,.F.);
#870=CARTESIAN_POINT('',(-14.693903323,-38.330749279,-5.397335996));
#871=DIRECTION('',(0.,0.,1.));
#872=DIRECTION('',(0.,-1.,0.));
#873=AXIS2_PLACEMENT_3D('',#870,#871,#872);
#874=PLANE('',#873);
#875=ORIENTED_EDGE('',*,*,#775,.T.);
#876=ORIENTED_EDGE('',*,*,#811,.T.);
#877=ORIENTED_EDGE('',*,*,#842,.T.);
#878=ORIENTED_EDGE('',*,*,#864,.T.);
#879=EDGE_LOOP('',(#875,#876,#877,#878));
#880=FACE_BOUND('',#879,.T.);
#881=ADVANCED_FACE('',(#880),#874,.T.);
#882=CARTESIAN_POINT('',(-14.693903323,-38.330749279,-6.397335996));
#883=DIRECTION('',(0.,0.,1.));
#884=DIRECTION('',(0.,-1.,0.));
#885=AXIS2_PLACEMENT_3D('',#882,#883,#884);
#886=PLANE('',#885);
#887=ORIENTED_EDGE('',*,*,#759,.F.);
#888=ORIENTED_EDGE('',*,*,#857,.F.);
#889=ORIENTED_EDGE('',*,*,#828,.F.);
#890=ORIENTED_EDGE('',*,*,#797,.F.);
#891=EDGE_LOOP('',(#887,#888,#889,#890));
#892=FACE_BOUND('',#891,.T.);
#893=ADVANCED_FACE('',(#892),#886,.F.);
#894=CLOSED_SHELL('',(#785,#816,#847,#869,#881,#893));
#895=MANIFOLD_SOLID_BREP('I',#894);
#745=STYLED_ITEM('',(),#895);
#897=CARTESIAN_POINT('',(-1.903903323,-36.970749279,-5.397335996));
#898=DIRECTION('',(0.,-1.,0.));
#899=DIRECTION('',(0.,0.,-1.));
#900=AXIS2_PLACEMENT_3D('',#897,#898,#899);
#901=PLANE('',#900);
#902=CARTESIAN_POINT('',(-1.903903323,-36.970749279,-6.397335996));
#903=VERTEX_POINT('',#902);
#904=CARTESIAN_POINT('',(-4.113903323,-36.970749279,-6.397335996));
#905=VERTEX_POINT('',#904);
#906=CARTESIAN_POINT('',(-1.903903323,-36.970749279,-6.397335996));
#907=DIRECTION('',(-1.,0.,0.));
#908=VECTOR('',#907,2.21);
#909=LINE('',#906,#908);
#910=EDGE_CURVE('',#903,#905,#909,.T.);
#911=ORIENTED_EDGE('',*,*,#910,.T.);
#912=CARTESIAN_POINT('',(-4.113903323,-36.970749279,-5.397335996));
#913=VERTEX_POINT('',#912);
#914=CARTESIAN_POINT('',(-4.113903323,-36.970749279,-5.397335996));
#915=DIRECTION('',(0.,0.,-1.));
#916=VECTOR('',#915,1.);
#917=LINE('',#914,#916);
#918=EDGE_CURVE('',#913,#905,#917,.T.);
#919=ORIENTED_EDGE('',*,*,#918,.F.);
#920=CARTESIAN_POINT('',(-1.903903323,-36.970749279,-5.397335996));
#921=VERTEX_POINT('',#920);
#922=CARTESIAN_POINT('',(-1.903903323,-36.970749279,-5.397335996));
#923=DIRECTION('',(-1.,0.,0.));
#924=VECTOR('',#923,2.21);
#925=LINE('',#922,#924);
#926=EDGE_CURVE('',#921,#913,#925,.T.);
#927=ORIENTED_EDGE('',*,*,#926,.F.);
#928=CARTESIAN_POINT('',(-1.903903323,-36.970749279,-5.397335996));
#929=DIRECTION('',(0.,0.,-1.));
#930=VECTOR('',#929,1.);
#931=LINE('',#928,#930);
#932=EDGE_CURVE('',#921,#903,#931,.T.);
#933=ORIENTED_EDGE('',*,*,#932,.T.);
#934=EDGE_LOOP('',(#911,#919,#927,#933));
#935=FACE_BOUND('',#934,.T.);
#936=ADVANCED_FACE('',(#935),#901,.F.);
#937=CARTESIAN_POINT('',(-4.113903323,-42.300749279,-5.397335996));
#938=DIRECTION('',(-1.,0.,0.));
#939=DIRECTION('',(0.,0.,1.));
#940=AXIS2_PLACEMENT_3D('',#937,#938,#939);
#941=PLANE('',#940);
#942=CARTESIAN_POINT('',(-4.113903323,-33.280749279,-6.397335996));
#943=VERTEX_POINT('',#942);
#944=CARTESIAN_POINT('',(-4.113903323,-36.970749279,-6.397335996));
#945=DIRECTION('',(0.,1.,0.));
#946=VECTOR('',#945,3.69);
#947=LINE('',#944,#946);
#948=EDGE_CURVE('',#905,#943,#947,.T.);
#949=ORIENTED_EDGE('',*,*,#948,.T.);
#950=CARTESIAN_POINT('',(-4.113903323,-33.280749279,-5.397335996));
#951=VERTEX_POINT('',#950);
#952=CARTESIAN_POINT('',(-4.113903323,-33.280749279,-5.397335996));
#953=DIRECTION('',(0.,0.,-1.));
#954=VECTOR('',#953,1.);
#955=LINE('',#952,#954);
#956=EDGE_CURVE('',#951,#943,#955,.T.);
#957=ORIENTED_EDGE('',*,*,#956,.F.);
#958=CARTESIAN_POINT('',(-4.113903323,-36.970749279,-5.397335996));
#959=DIRECTION('',(0.,1.,0.));
#960=VECTOR('',#959,3.69);
#961=LINE('',#958,#960);
#962=EDGE_CURVE('',#913,#951,#961,.T.);
#963=ORIENTED_EDGE('',*,*,#962,.F.);
#964=ORIENTED_EDGE('',*,*,#918,.T.);
#965=EDGE_LOOP('',(#949,#957,#963,#964));
#966=FACE_BOUND('',#965,.T.);
#967=ADVANCED_FACE('',(#966),#941,.F.);
#968=CARTESIAN_POINT('',(-4.113903323,-33.280749279,-5.397335996));
#969=DIRECTION('',(0.,-1.,0.));
#970=DIRECTION('',(0.,0.,-1.));
#971=AXIS2_PLACEMENT_3D('',#968,#969,#970);
#972=PLANE('',#971);
#973=CARTESIAN_POINT('',(-5.343903323,-33.280749279,-6.397335996));
#974=VERTEX_POINT('',#973);
#975=CARTESIAN_POINT('',(-4.113903323,-33.280749279,-6.397335996));
#976=DIRECTION('',(-1.,0.,0.));
#977=VECTOR('',#976,1.23);
#978=LINE('',#975,#977);
#979=EDGE_CURVE('',#943,#974,#978,.T.);
#980=ORIENTED_EDGE('',*,*,#979,.T.);
#981=CARTESIAN_POINT('',(-5.343903323,-33.280749279,-5.397335996));
#982=VERTEX_POINT('',#981);
#983=CARTESIAN_POINT('',(-5.343903323,-33.280749279,-5.397335996));
#984=DIRECTION('',(0.,0.,-1.));
#985=VECTOR('',#984,1.);
#986=LINE('',#983,#985);
#987=EDGE_CURVE('',#982,#974,#986,.T.);
#988=ORIENTED_EDGE('',*,*,#987,.F.);
#989=CARTESIAN_POINT('',(-4.113903323,-33.280749279,-5.397335996));
#990=DIRECTION('',(-1.,0.,0.));
#991=VECTOR('',#990,1.23);
#992=LINE('',#989,#991);
#993=EDGE_CURVE('',#951,#982,#992,.T.);
#994=ORIENTED_EDGE('',*,*,#993,.F.);
#995=ORIENTED_EDGE('',*,*,#956,.T.);
#996=EDGE_LOOP('',(#980,#988,#994,#995));
#997=FACE_BOUND('',#996,.T.);
#998=ADVANCED_FACE('',(#997),#972,.F.);
#999=CARTESIAN_POINT('',(-5.343903323,-33.280749279,-5.397335996));
#1000=DIRECTION('',(1.,0.,0.));
#1001=DIRECTION('',(0.,0.,-1.));
#1002=AXIS2_PLACEMENT_3D('',#999,#1000,#1001);
#1003=PLANE('',#1002);
#1004=CARTESIAN_POINT('',(-5.343903323,-43.380749279,-6.397335996));
#1005=VERTEX_POINT('',#1004);
#1006=CARTESIAN_POINT('',(-5.343903323,-33.280749279,-6.397335996));
#1007=DIRECTION('',(0.,-1.,0.));
#1008=VECTOR('',#1007,10.1);
#1009=LINE('',#1006,#1008);
#1010=EDGE_CURVE('',#974,#1005,#1009,.T.);
#1011=ORIENTED_EDGE('',*,*,#1010,.T.);
#1012=CARTESIAN_POINT('',(-5.343903323,-43.380749279,-5.397335996));
#1013=VERTEX_POINT('',#1012);
#1014=CARTESIAN_POINT('',(-5.343903323,-43.380749279,-5.397335996));
#1015=DIRECTION('',(0.,0.,-1.));
#1016=VECTOR('',#1015,1.);
#1017=LINE('',#1014,#1016);
#1018=EDGE_CURVE('',#1013,#1005,#1017,.T.);
#1019=ORIENTED_EDGE('',*,*,#1018,.F.);
#1020=CARTESIAN_POINT('',(-5.343903323,-33.280749279,-5.397335996));
#1021=DIRECTION('',(0.,-1.,0.));
#1022=VECTOR('',#1021,10.1);
#1023=LINE('',#1020,#1022);
#1024=EDGE_CURVE('',#982,#1013,#1023,.T.);
#1025=ORIENTED_EDGE('',*,*,#1024,.F.);
#1026=ORIENTED_EDGE('',*,*,#987,.T.);
#1027=EDGE_LOOP('',(#1011,#1019,#1025,#1026));
#1028=FACE_BOUND('',#1027,.T.);
#1029=ADVANCED_FACE('',(#1028),#1003,.F.);
#1030=CARTESIAN_POINT('',(-5.343903323,-43.380749279,-5.397335996));
#1031=DIRECTION('',(0.,1.,0.));
#1032=DIRECTION('',(0.,0.,1.));
#1033=AXIS2_PLACEMENT_3D('',#1030,#1031,#1032);
#1034=PLANE('',#1033);
#1035=CARTESIAN_POINT('',(-1.923903323,-43.380749279,-6.397335996));
#1036=VERTEX_POINT('',#1035);
#1037=CARTESIAN_POINT('',(-5.343903323,-43.380749279,-6.397335996));
#1038=DIRECTION('',(1.,0.,-0.));
#1039=VECTOR('',#1038,3.42);
#1040=LINE('',#1037,#1039);
#1041=EDGE_CURVE('',#1005,#1036,#1040,.T.);
#1042=ORIENTED_EDGE('',*,*,#1041,.T.);
#1043=CARTESIAN_POINT('',(-1.923903323,-43.380749279,-5.397335996));
#1044=VERTEX_POINT('',#1043);
#1045=CARTESIAN_POINT('',(-1.923903323,-43.380749279,-5.397335996));
#1046=DIRECTION('',(0.,0.,-1.));
#1047=VECTOR('',#1046,1.);
#1048=LINE('',#1045,#1047);
#1049=EDGE_CURVE('',#1044,#1036,#1048,.T.);
#1050=ORIENTED_EDGE('',*,*,#1049,.F.);
#1051=CARTESIAN_POINT('',(-5.343903323,-43.380749279,-5.397335996));
#1052=DIRECTION('',(1.,0.,-0.));
#1053=VECTOR('',#1052,3.42);
#1054=LINE('',#1051,#1053);
#1055=EDGE_CURVE('',#1013,#1044,#1054,.T.);
#1056=ORIENTED_EDGE('',*,*,#1055,.F.);
#1057=ORIENTED_EDGE('',*,*,#1018,.T.);
#1058=EDGE_LOOP('',(#1042,#1050,#1056,#1057));
#1059=FACE_BOUND('',#1058,.T.);
#1060=ADVANCED_FACE('',(#1059),#1034,.F.);
#1061=CARTESIAN_POINT('',(-1.923903323,-43.380749279,-5.397335996));
#1062=CARTESIAN_POINT('',(-1.923903323,-43.380749279,-6.397335996));
#1063=CARTESIAN_POINT('',(-0.743903323,-43.380749279,-5.397335996));
#1064=CARTESIAN_POINT('',(-0.743903323,-43.380749279,-6.397335996));
#1065=CARTESIAN_POINT('',(0.016096677,-42.950749279,-5.397335996));
#1066=CARTESIAN_POINT('',(0.016096677,-42.950749279,-6.397335996));
#1067=B_SPLINE_SURFACE_WITH_KNOTS('',2,1,((#1061,#1062),(#1063,#1064),(#1065,#1066)),.UNSPECIFIED.,.F.,.F.,.U.,(3,3),(2,2),(0.,1.),(0.,1.),.UNSPECIFIED.);
#1068=CARTESIAN_POINT('',(0.016096677,-42.950749279,-6.397335996));
#1069=VERTEX_POINT('',#1068);
#1070=CARTESIAN_POINT('',(-1.923903323,-43.380749279,-6.397335996));
#1071=CARTESIAN_POINT('',(-0.743903323,-43.380749279,-6.397335996));
#1072=CARTESIAN_POINT('',(0.016096677,-42.950749279,-6.397335996));
#1073=B_SPLINE_CURVE_WITH_KNOTS('',2,(#1070,#1071,#1072),.UNSPECIFIED.,.F.,.F.,(3,3),(0.,1.),.UNSPECIFIED.);
#1074=EDGE_CURVE('',#1036,#1069,#1073,.T.);
#1075=ORIENTED_EDGE('',*,*,#1074,.T.);
#1076=CARTESIAN_POINT('',(0.016096677,-42.950749279,-5.397335996));
#1077=VERTEX_POINT('',#1076);
#1078=CARTESIAN_POINT('',(0.016096677,-42.950749279,-5.397335996));
#1079=DIRECTION('',(0.,0.,-1.));
#1080=VECTOR('',#1079,1.);
#1081=LINE('',#1078,#1080);
#1082=EDGE_CURVE('',#1077,#1069,#1081,.T.);
#1083=ORIENTED_EDGE('',*,*,#1082,.F.);
#1084=CARTESIAN_POINT('',(-1.923903323,-43.380749279,-5.397335996));
#1085=CARTESIAN_POINT('',(-0.743903323,-43.380749279,-5.397335996));
#1086=CARTESIAN_POINT('',(0.016096677,-42.950749279,-5.397335996));
#1087=B_SPLINE_CURVE_WITH_KNOTS('',2,(#1084,#1085,#1086),.UNSPECIFIED.,.F.,.F.,(3,3),(0.,1.),.UNSPECIFIED.);
#1088=EDGE_CURVE('',#1044,#1077,#1087,.T.);
#1089=ORIENTED_EDGE('',*,*,#1088,.F.);
#1090=ORIENTED_EDGE('',*,*,#1049,.T.);
#1091=EDGE_LOOP('',(#1075,#1083,#1089,#1090));
#1092=FACE_BOUND('',#1091,.T.);
#1093=ADVANCED_FACE('',(#1092),#1067,.F.);
#1094=CARTESIAN_POINT('',(0.016096677,-42.950749279,-5.397335996));
#1095=CARTESIAN_POINT('',(0.016096677,-42.950749279,-6.397335996));
#1096=CARTESIAN_POINT('',(0.776096677,-42.530749279,-5.397335996));
#1097=CARTESIAN_POINT('',(0.776096677,-42.530749279,-6.397335996));
#1098=CARTESIAN_POINT('',(1.136096677,-41.800749279,-5.397335996));
#1099=CARTESIAN_POINT('',(1.136096677,-41.800749279,-6.397335996));
#1100=B_SPLINE_SURFACE_WITH_KNOTS('',2,1,((#1094,#1095),(#1096,#1097),(#1098,#1099)),.UNSPECIFIED.,.F.,.F.,.U.,(3,3),(2,2),(0.,1.),(0.,1.),.UNSPECIFIED.);
#1101=CARTESIAN_POINT('',(1.136096677,-41.800749279,-6.397335996));
#1102=VERTEX_POINT('',#1101);
#1103=CARTESIAN_POINT('',(0.016096677,-42.950749279,-6.397335996));
#1104=CARTESIAN_POINT('',(0.776096677,-42.530749279,-6.397335996));
#1105=CARTESIAN_POINT('',(1.136096677,-41.800749279,-6.397335996));
#1106=B_SPLINE_CURVE_WITH_KNOTS('',2,(#1103,#1104,#1105),.UNSPECIFIED.,.F.,.F.,(3,3),(0.,1.),.UNSPECIFIED.);
#1107=EDGE_CURVE('',#1069,#1102,#1106,.T.);
#1108=ORIENTED_EDGE('',*,*,#1107,.T.);
#1109=CARTESIAN_POINT('',(1.136096677,-41.800749279,-5.397335996));
#1110=VERTEX_POINT('',#1109);
#1111=CARTESIAN_POINT('',(1.136096677,-41.800749279,-5.397335996));
#1112=DIRECTION('',(0.,0.,-1.));
#1113=VECTOR('',#1112,1.);
#1114=LINE('',#1111,#1113);
#1115=EDGE_CURVE('',#1110,#1102,#1114,.T.);
#1116=ORIENTED_EDGE('',*,*,#1115,.F.);
#1117=CARTESIAN_POINT('',(0.016096677,-42.950749279,-5.397335996));
#1118=CARTESIAN_POINT('',(0.776096677,-42.530749279,-5.397335996));
#1119=CARTESIAN_POINT('',(1.136096677,-41.800749279,-5.397335996));
#1120=B_SPLINE_CURVE_WITH_KNOTS('',2,(#1117,#1118,#1119),.UNSPECIFIED.,.F.,.F.,(3,3),(0.,1.),.UNSPECIFIED.);
#1121=EDGE_CURVE('',#1077,#1110,#1120,.T.);
#1122=ORIENTED_EDGE('',*,*,#1121,.F.);
#1123=ORIENTED_EDGE('',*,*,#1082,.T.);
#1124=EDGE_LOOP('',(#1108,#1116,#1122,#1123));
#1125=FACE_BOUND('',#1124,.T.);
#1126=ADVANCED_FACE('',(#1125),#1100,.F.);
#1127=CARTESIAN_POINT('',(1.136096677,-41.800749279,-5.397335996));
#1128=CARTESIAN_POINT('',(1.136096677,-41.800749279,-6.397335996));
#1129=CARTESIAN_POINT('',(1.506096677,-41.080749279,-5.397335996));
#1130=CARTESIAN_POINT('',(1.506096677,-41.080749279,-6.397335996));
#1131=CARTESIAN_POINT('',(1.506096677,-40.180749279,-5.397335996));
#1132=CARTESIAN_POINT('',(1.506096677,-40.180749279,-6.397335996));
#1133=B_SPLINE_SURFACE_WITH_KNOTS('',2,1,((#1127,#1128),(#1129,#1130),(#1131,#1132)),.UNSPECIFIED.,.F.,.F.,.U.,(3,3),(2,2),(0.,1.),(0.,1.),.UNSPECIFIED.);
#1134=CARTESIAN_POINT('',(1.506096677,-40.180749279,-6.397335996));
#1135=VERTEX_POINT('',#1134);
#1136=CARTESIAN_POINT('',(1.136096677,-41.800749279,-6.397335996));
#1137=CARTESIAN_POINT('',(1.506096677,-41.080749279,-6.397335996));
#1138=CARTESIAN_POINT('',(1.506096677,-40.180749279,-6.397335996));
#1139=B_SPLINE_CURVE_WITH_KNOTS('',2,(#1136,#1137,#1138),.UNSPECIFIED.,.F.,.F.,(3,3),(0.,1.),.UNSPECIFIED.);
#1140=EDGE_CURVE('',#1102,#1135,#1139,.T.);
#1141=ORIENTED_EDGE('',*,*,#1140,.T.);
#1142=CARTESIAN_POINT('',(1.506096677,-40.180749279,-5.397335996));
#1143=VERTEX_POINT('',#1142);
#1144=CARTESIAN_POINT('',(1.506096677,-40.180749279,-5.397335996));
#1145=DIRECTION('',(0.,0.,-1.));
#1146=VECTOR('',#1145,1.);
#1147=LINE('',#1144,#1146);
#1148=EDGE_CURVE('',#1143,#1135,#1147,.T.);
#1149=ORIENTED_EDGE('',*,*,#1148,.F.);
#1150=CARTESIAN_POINT('',(1.136096677,-41.800749279,-5.397335996));
#1151=CARTESIAN_POINT('',(1.506096677,-41.080749279,-5.397335996));
#1152=CARTESIAN_POINT('',(1.506096677,-40.180749279,-5.397335996));
#1153=B_SPLINE_CURVE_WITH_KNOTS('',2,(#1150,#1151,#1152),.UNSPECIFIED.,.F.,.F.,(3,3),(0.,1.),.UNSPECIFIED.);
#1154=EDGE_CURVE('',#1110,#1143,#1153,.T.);
#1155=ORIENTED_EDGE('',*,*,#1154,.F.);
#1156=ORIENTED_EDGE('',*,*,#1115,.T.);
#1157=EDGE_LOOP('',(#1141,#1149,#1155,#1156));
#1158=FACE_BOUND('',#1157,.T.);
#1159=ADVANCED_FACE('',(#1158),#1133,.F.);
#1160=CARTESIAN_POINT('',(1.506096677,-40.180749279,-5.397335996));
#1161=CARTESIAN_POINT('',(1.506096677,-40.180749279,-6.397335996));
#1162=CARTESIAN_POINT('',(1.506096677,-39.290749279,-5.397335996));
#1163=CARTESIAN_POINT('',(1.506096677,-39.290749279,-6.397335996));
#1164=CARTESIAN_POINT('',(1.146096677,-38.560749279,-5.397335996));
#1165=CARTESIAN_POINT('',(1.146096677,-38.560749279,-6.397335996));
#1166=B_SPLINE_SURFACE_WITH_KNOTS('',2,1,((#1160,#1161),(#1162,#1163),(#1164,#1165)),.UNSPECIFIED.,.F.,.F.,.U.,(3,3),(2,2),(0.,1.),(0.,1.),.UNSPECIFIED.);
#1167=CARTESIAN_POINT('',(1.146096677,-38.560749279,-6.397335996));
#1168=VERTEX_POINT('',#1167);
#1169=CARTESIAN_POINT('',(1.506096677,-40.180749279,-6.397335996));
#1170=CARTESIAN_POINT('',(1.506096677,-39.290749279,-6.397335996));
#1171=CARTESIAN_POINT('',(1.146096677,-38.560749279,-6.397335996));
#1172=B_SPLINE_CURVE_WITH_KNOTS('',2,(#1169,#1170,#1171),.UNSPECIFIED.,.F.,.F.,(3,3),(0.,1.),.UNSPECIFIED.);
#1173=EDGE_CURVE('',#1135,#1168,#1172,.T.);
#1174=ORIENTED_EDGE('',*,*,#1173,.T.);
#1175=CARTESIAN_POINT('',(1.146096677,-38.560749279,-5.397335996));
#1176=VERTEX_POINT('',#1175);
#1177=CARTESIAN_POINT('',(1.146096677,-38.560749279,-5.397335996));
#1178=DIRECTION('',(0.,0.,-1.));
#1179=VECTOR('',#1178,1.);
#1180=LINE('',#1177,#1179);
#1181=EDGE_CURVE('',#1176,#1168,#1180,.T.);
#1182=ORIENTED_EDGE('',*,*,#1181,.F.);
#1183=CARTESIAN_POINT('',(1.506096677,-40.180749279,-5.397335996));
#1184=CARTESIAN_POINT('',(1.506096677,-39.290749279,-5.397335996));
#1185=CARTESIAN_POINT('',(1.146096677,-38.560749279,-5.397335996));
#1186=B_SPLINE_CURVE_WITH_KNOTS('',2,(#1183,#1184,#1185),.UNSPECIFIED.,.F.,.F.,(3,3),(0.,1.),.UNSPECIFIED.);
#1187=EDGE_CURVE('',#1143,#1176,#1186,.T.);
#1188=ORIENTED_EDGE('',*,*,#1187,.F.);
#1189=ORIENTED_EDGE('',*,*,#1148,.T.);
#1190=EDGE_LOOP('',(#1174,#1182,#1188,#1189));
#1191=FACE_BOUND('',#1190,.T.);
#1192=ADVANCED_FACE('',(#1191),#1166,.F.);
#1193=CARTESIAN_POINT('',(1.146096677,-38.560749279,-5.397335996));
#1194=CARTESIAN_POINT('',(1.146096677,-38.560749279,-6.397335996));
#1195=CARTESIAN_POINT('',(0.776096677,-37.830749279,-5.397335996));
#1196=CARTESIAN_POINT('',(0.776096677,-37.830749279,-6.397335996));
#1197=CARTESIAN_POINT('',(0.026096677,-37.400749279,-5.397335996));
#1198=CARTESIAN_POINT('',(0.026096677,-37.400749279,-6.397335996));
#1199=B_SPLINE_SURFACE_WITH_KNOTS('',2,1,((#1193,#1194),(#1195,#1196),(#1197,#1198)),.UNSPECIFIED.,.F.,.F.,.U.,(3,3),(2,2),(0.,1.),(0.,1.),.UNSPECIFIED.);
#1200=CARTESIAN_POINT('',(0.026096677,-37.400749279,-6.397335996));
#1201=VERTEX_POINT('',#1200);
#1202=CARTESIAN_POINT('',(1.146096677,-38.560749279,-6.397335996));
#1203=CARTESIAN_POINT('',(0.776096677,-37.830749279,-6.397335996));
#1204=CARTESIAN_POINT('',(0.026096677,-37.400749279,-6.397335996));
#1205=B_SPLINE_CURVE_WITH_KNOTS('',2,(#1202,#1203,#1204),.UNSPECIFIED.,.F.,.F.,(3,3),(0.,1.),.UNSPECIFIED.);
#1206=EDGE_CURVE('',#1168,#1201,#1205,.T.);
#1207=ORIENTED_EDGE('',*,*,#1206,.T.);
#1208=CARTESIAN_POINT('',(0.026096677,-37.400749279,-5.397335996));
#1209=VERTEX_POINT('',#1208);
#1210=CARTESIAN_POINT('',(0.026096677,-37.400749279,-5.397335996));
#1211=DIRECTION('',(0.,0.,-1.));
#1212=VECTOR('',#1211,1.);
#1213=LINE('',#1210,#1212);
#1214=EDGE_CURVE('',#1209,#1201,#1213,.T.);
#1215=ORIENTED_EDGE('',*,*,#1214,.F.);
#1216=CARTESIAN_POINT('',(1.146096677,-38.560749279,-5.397335996));
#1217=CARTESIAN_POINT('',(0.776096677,-37.830749279,-5.397335996));
#1218=CARTESIAN_POINT('',(0.026096677,-37.400749279,-5.397335996));
#1219=B_SPLINE_CURVE_WITH_KNOTS('',2,(#1216,#1217,#1218),.UNSPECIFIED.,.F.,.F.,(3,3),(0.,1.),.UNSPECIFIED.);
#1220=EDGE_CURVE('',#1176,#1209,#1219,.T.);
#1221=ORIENTED_EDGE('',*,*,#1220,.F.);
#1222=ORIENTED_EDGE('',*,*,#1181,.T.);
#1223=EDGE_LOOP('',(#1207,#1215,#1221,#1222));
#1224=FACE_BOUND('',#1223,.T.);
#1225=ADVANCED_FACE('',(#1224),#1199,.F.);
#1226=CARTESIAN_POINT('',(0.026096677,-37.400749279,-5.397335996));
#1227=CARTESIAN_POINT('',(0.026096677,-37.400749279,-6.397335996));
#1228=CARTESIAN_POINT('',(-0.733903323,-36.970749279,-5.397335996));
#1229=CARTESIAN_POINT('',(-0.733903323,-36.970749279,-6.397335996));
#1230=CARTESIAN_POINT('',(-1.903903323,-36.970749279,-5.397335996));
#1231=CARTESIAN_POINT('',(-1.903903323,-36.970749279,-6.397335996));
#1232=B_SPLINE_SURFACE_WITH_KNOTS('',2,1,((#1226,#1227),(#1228,#1229),(#1230,#1231)),.UNSPECIFIED.,.F.,.F.,.U.,(3,3),(2,2),(0.,1.),(0.,1.),.UNSPECIFIED.);
#1233=CARTESIAN_POINT('',(0.026096677,-37.400749279,-6.397335996));
#1234=CARTESIAN_POINT('',(-0.733903323,-36.970749279,-6.397335996));
#1235=CARTESIAN_POINT('',(-1.903903323,-36.970749279,-6.397335996));
#1236=B_SPLINE_CURVE_WITH_KNOTS('',2,(#1233,#1234,#1235),.UNSPECIFIED.,.F.,.F.,(3,3),(0.,1.),.UNSPECIFIED.);
#1237=EDGE_CURVE('',#1201,#903,#1236,.T.);
#1238=ORIENTED_EDGE('',*,*,#1237,.T.);
#1239=ORIENTED_EDGE('',*,*,#932,.F.);
#1240=CARTESIAN_POINT('',(0.026096677,-37.400749279,-5.397335996));
#1241=CARTESIAN_POINT('',(-0.733903323,-36.970749279,-5.397335996));
#1242=CARTESIAN_POINT('',(-1.903903323,-36.970749279,-5.397335996));
#1243=B_SPLINE_CURVE_WITH_KNOTS('',2,(#1240,#1241,#1242),.UNSPECIFIED.,.F.,.F.,(3,3),(0.,1.),.UNSPECIFIED.);
#1244=EDGE_CURVE('',#1209,#921,#1243,.T.);
#1245=ORIENTED_EDGE('',*,*,#1244,.F.);
#1246=ORIENTED_EDGE('',*,*,#1214,.T.);
#1247=EDGE_LOOP('',(#1238,#1239,#1245,#1246));
#1248=FACE_BOUND('',#1247,.T.);
#1249=ADVANCED_FACE('',(#1248),#1232,.F.);
#1250=CARTESIAN_POINT('',(-14.693903323,-38.330749279,-5.397335996));
#1251=DIRECTION('',(0.,0.,1.));
#1252=DIRECTION('',(0.,-1.,0.));
#1253=AXIS2_PLACEMENT_3D('',#1250,#1251,#1252);
#1254=PLANE('',#1253);
#1255=CARTESIAN_POINT('',(-4.113903323,-38.050749279,-5.397335996));
#1256=VERTEX_POINT('',#1255);
#1257=CARTESIAN_POINT('',(-1.943903323,-38.050749279,-5.397335996));
#1258=VERTEX_POINT('',#1257);
#1259=CARTESIAN_POINT('',(-4.113903323,-38.050749279,-5.397335996));
#1260=DIRECTION('',(1.,0.,-0.));
#1261=VECTOR('',#1260,2.17);
#1262=LINE('',#1259,#1261);
#1263=EDGE_CURVE('',#1256,#1258,#1262,.T.);
#1264=ORIENTED_EDGE('',*,*,#1263,.T.);
#1265=CARTESIAN_POINT('',(-0.643903323,-38.340749279,-5.397335996));
#1266=VERTEX_POINT('',#1265);
#1267=CARTESIAN_POINT('',(-1.943903323,-38.050749279,-5.397335996));
#1268=CARTESIAN_POINT('',(-1.133903323,-38.050749279,-5.397335996));
#1269=CARTESIAN_POINT('',(-0.643903323,-38.340749279,-5.397335996));
#1270=B_SPLINE_CURVE_WITH_KNOTS('',2,(#1267,#1268,#1269),.UNSPECIFIED.,.F.,.F.,(3,3),(0.,1.),.UNSPECIFIED.);
#1271=EDGE_CURVE('',#1258,#1266,#1270,.T.);
#1272=ORIENTED_EDGE('',*,*,#1271,.T.);
#1273=CARTESIAN_POINT('',(0.076096677,-39.100749279,-5.397335996));
#1274=VERTEX_POINT('',#1273);
#1275=CARTESIAN_POINT('',(-0.643903323,-38.340749279,-5.397335996));
#1276=CARTESIAN_POINT('',(-0.143903323,-38.620749279,-5.397335996));
#1277=CARTESIAN_POINT('',(0.076096677,-39.100749279,-5.397335996));
#1278=B_SPLINE_CURVE_WITH_KNOTS('',2,(#1275,#1276,#1277),.UNSPECIFIED.,.F.,.F.,(3,3),(0.,1.),.UNSPECIFIED.);
#1279=EDGE_CURVE('',#1266,#1274,#1278,.T.);
#1280=ORIENTED_EDGE('',*,*,#1279,.T.);
#1281=CARTESIAN_POINT('',(0.306096677,-40.180749279,-5.397335996));
#1282=VERTEX_POINT('',#1281);
#1283=CARTESIAN_POINT('',(0.076096677,-39.100749279,-5.397335996));
#1284=CARTESIAN_POINT('',(0.306096677,-39.580749279,-5.397335996));
#1285=CARTESIAN_POINT('',(0.306096677,-40.180749279,-5.397335996));
#1286=B_SPLINE_CURVE_WITH_KNOTS('',2,(#1283,#1284,#1285),.UNSPECIFIED.,.F.,.F.,(3,3),(0.,1.),.UNSPECIFIED.);
#1287=EDGE_CURVE('',#1274,#1282,#1286,.T.);
#1288=ORIENTED_EDGE('',*,*,#1287,.T.);
#1289=CARTESIAN_POINT('',(0.076096677,-41.270749279,-5.397335996));
#1290=VERTEX_POINT('',#1289);
#1291=CARTESIAN_POINT('',(0.306096677,-40.180749279,-5.397335996));
#1292=CARTESIAN_POINT('',(0.306096677,-40.790749279,-5.397335996));
#1293=CARTESIAN_POINT('',(0.076096677,-41.270749279,-5.397335996));
#1294=B_SPLINE_CURVE_WITH_KNOTS('',2,(#1291,#1292,#1293),.UNSPECIFIED.,.F.,.F.,(3,3),(0.,1.),.UNSPECIFIED.);
#1295=EDGE_CURVE('',#1282,#1290,#1294,.T.);
#1296=ORIENTED_EDGE('',*,*,#1295,.T.);
#1297=CARTESIAN_POINT('',(-0.643903323,-42.020749279,-5.397335996));
#1298=VERTEX_POINT('',#1297);
#1299=CARTESIAN_POINT('',(0.076096677,-41.270749279,-5.397335996));
#1300=CARTESIAN_POINT('',(-0.143903323,-41.750749279,-5.397335996));
#1301=CARTESIAN_POINT('',(-0.643903323,-42.020749279,-5.397335996));
#1302=B_SPLINE_CURVE_WITH_KNOTS('',2,(#1299,#1300,#1301),.UNSPECIFIED.,.F.,.F.,(3,3),(0.,1.),.UNSPECIFIED.);
#1303=EDGE_CURVE('',#1290,#1298,#1302,.T.);
#1304=ORIENTED_EDGE('',*,*,#1303,.T.);
#1305=CARTESIAN_POINT('',(-1.963903323,-42.300749279,-5.397335996));
#1306=VERTEX_POINT('',#1305);
#1307=CARTESIAN_POINT('',(-0.643903323,-42.020749279,-5.397335996));
#1308=CARTESIAN_POINT('',(-1.143903323,-42.300749279,-5.397335996));
#1309=CARTESIAN_POINT('',(-1.963903323,-42.300749279,-5.397335996));
#1310=B_SPLINE_CURVE_WITH_KNOTS('',2,(#1307,#1308,#1309),.UNSPECIFIED.,.F.,.F.,(3,3),(0.,1.),.UNSPECIFIED.);
#1311=EDGE_CURVE('',#1298,#1306,#1310,.T.);
#1312=ORIENTED_EDGE('',*,*,#1311,.T.);
#1313=CARTESIAN_POINT('',(-4.113903323,-42.300749279,-5.397335996));
#1314=VERTEX_POINT('',#1313);
#1315=CARTESIAN_POINT('',(-1.963903323,-42.300749279,-5.397335996));
#1316=DIRECTION('',(-1.,0.,0.));
#1317=VECTOR('',#1316,2.15);
#1318=LINE('',#1315,#1317);
#1319=EDGE_CURVE('',#1306,#1314,#1318,.T.);
#1320=ORIENTED_EDGE('',*,*,#1319,.T.);
#1321=CARTESIAN_POINT('',(-4.113903323,-42.300749279,-5.397335996));
#1322=DIRECTION('',(0.,1.,0.));
#1323=VECTOR('',#1322,4.25);
#1324=LINE('',#1321,#1323);
#1325=EDGE_CURVE('',#1314,#1256,#1324,.T.);
#1326=ORIENTED_EDGE('',*,*,#1325,.T.);
#1327=EDGE_LOOP('',(#1264,#1272,#1280,#1288,#1296,#1304,#1312,#1320,#1326));
#1328=FACE_BOUND('',#1327,.T.);
#1329=ORIENTED_EDGE('',*,*,#926,.T.);
#1330=ORIENTED_EDGE('',*,*,#962,.T.);
#1331=ORIENTED_EDGE('',*,*,#993,.T.);
#1332=ORIENTED_EDGE('',*,*,#1024,.T.);
#1333=ORIENTED_EDGE('',*,*,#1055,.T.);
#1334=ORIENTED_EDGE('',*,*,#1088,.T.);
#1335=ORIENTED_EDGE('',*,*,#1121,.T.);
#1336=ORIENTED_EDGE('',*,*,#1154,.T.);
#1337=ORIENTED_EDGE('',*,*,#1187,.T.);
#1338=ORIENTED_EDGE('',*,*,#1220,.T.);
#1339=ORIENTED_EDGE('',*,*,#1244,.T.);
#1340=EDGE_LOOP('',(#1329,#1330,#1331,#1332,#1333,#1334,#1335,#1336,#1337,#1338,#1339));
#1341=FACE_BOUND('',#1340,.T.);
#1342=ADVANCED_FACE('',(#1328,#1341),#1254,.T.);
#1343=CARTESIAN_POINT('',(-14.693903323,-38.330749279,-6.397335996));
#1344=DIRECTION('',(0.,0.,1.));
#1345=DIRECTION('',(0.,-1.,0.));
#1346=AXIS2_PLACEMENT_3D('',#1343,#1344,#1345);
#1347=PLANE('',#1346);
#1348=CARTESIAN_POINT('',(-1.943903323,-38.050749279,-6.397335996));
#1349=VERTEX_POINT('',#1348);
#1350=CARTESIAN_POINT('',(-0.643903323,-38.340749279,-6.397335996));
#1351=VERTEX_POINT('',#1350);
#1352=CARTESIAN_POINT('',(-1.943903323,-38.050749279,-6.397335996));
#1353=CARTESIAN_POINT('',(-1.133903323,-38.050749279,-6.397335996));
#1354=CARTESIAN_POINT('',(-0.643903323,-38.340749279,-6.397335996));
#1355=B_SPLINE_CURVE_WITH_KNOTS('',2,(#1352,#1353,#1354),.UNSPECIFIED.,.F.,.F.,(3,3),(0.,1.),.UNSPECIFIED.);
#1356=EDGE_CURVE('',#1349,#1351,#1355,.T.);
#1357=ORIENTED_EDGE('',*,*,#1356,.F.);
#1358=CARTESIAN_POINT('',(-4.113903323,-38.050749279,-6.397335996));
#1359=VERTEX_POINT('',#1358);
#1360=CARTESIAN_POINT('',(-4.113903323,-38.050749279,-6.397335996));
#1361=DIRECTION('',(1.,0.,-0.));
#1362=VECTOR('',#1361,2.17);
#1363=LINE('',#1360,#1362);
#1364=EDGE_CURVE('',#1359,#1349,#1363,.T.);
#1365=ORIENTED_EDGE('',*,*,#1364,.F.);
#1366=CARTESIAN_POINT('',(-4.113903323,-42.300749279,-6.397335996));
#1367=VERTEX_POINT('',#1366);
#1368=CARTESIAN_POINT('',(-4.113903323,-42.300749279,-6.397335996));
#1369=DIRECTION('',(0.,1.,0.));
#1370=VECTOR('',#1369,4.25);
#1371=LINE('',#1368,#1370);
#1372=EDGE_CURVE('',#1367,#1359,#1371,.T.);
#1373=ORIENTED_EDGE('',*,*,#1372,.F.);
#1374=CARTESIAN_POINT('',(-1.963903323,-42.300749279,-6.397335996));
#1375=VERTEX_POINT('',#1374);
#1376=CARTESIAN_POINT('',(-1.963903323,-42.300749279,-6.397335996));
#1377=DIRECTION('',(-1.,0.,0.));
#1378=VECTOR('',#1377,2.15);
#1379=LINE('',#1376,#1378);
#1380=EDGE_CURVE('',#1375,#1367,#1379,.T.);
#1381=ORIENTED_EDGE('',*,*,#1380,.F.);
#1382=CARTESIAN_POINT('',(-0.643903323,-42.020749279,-6.397335996));
#1383=VERTEX_POINT('',#1382);
#1384=CARTESIAN_POINT('',(-0.643903323,-42.020749279,-6.397335996));
#1385=CARTESIAN_POINT('',(-1.143903323,-42.300749279,-6.397335996));
#1386=CARTESIAN_POINT('',(-1.963903323,-42.300749279,-6.397335996));
#1387=B_SPLINE_CURVE_WITH_KNOTS('',2,(#1384,#1385,#1386),.UNSPECIFIED.,.F.,.F.,(3,3),(0.,1.),.UNSPECIFIED.);
#1388=EDGE_CURVE('',#1383,#1375,#1387,.T.);
#1389=ORIENTED_EDGE('',*,*,#1388,.F.);
#1390=CARTESIAN_POINT('',(0.076096677,-41.270749279,-6.397335996));
#1391=VERTEX_POINT('',#1390);
#1392=CARTESIAN_POINT('',(0.076096677,-41.270749279,-6.397335996));
#1393=CARTESIAN_POINT('',(-0.143903323,-41.750749279,-6.397335996));
#1394=CARTESIAN_POINT('',(-0.643903323,-42.020749279,-6.397335996));
#1395=B_SPLINE_CURVE_WITH_KNOTS('',2,(#1392,#1393,#1394),.UNSPECIFIED.,.F.,.F.,(3,3),(0.,1.),.UNSPECIFIED.);
#1396=EDGE_CURVE('',#1391,#1383,#1395,.T.);
#1397=ORIENTED_EDGE('',*,*,#1396,.F.);
#1398=CARTESIAN_POINT('',(0.306096677,-40.180749279,-6.397335996));
#1399=VERTEX_POINT('',#1398);
#1400=CARTESIAN_POINT('',(0.306096677,-40.180749279,-6.397335996));
#1401=CARTESIAN_POINT('',(0.306096677,-40.790749279,-6.397335996));
#1402=CARTESIAN_POINT('',(0.076096677,-41.270749279,-6.397335996));
#1403=B_SPLINE_CURVE_WITH_KNOTS('',2,(#1400,#1401,#1402),.UNSPECIFIED.,.F.,.F.,(3,3),(0.,1.),.UNSPECIFIED.);
#1404=EDGE_CURVE('',#1399,#1391,#1403,.T.);
#1405=ORIENTED_EDGE('',*,*,#1404,.F.);
#1406=CARTESIAN_POINT('',(0.076096677,-39.100749279,-6.397335996));
#1407=VERTEX_POINT('',#1406);
#1408=CARTESIAN_POINT('',(0.076096677,-39.100749279,-6.397335996));
#1409=CARTESIAN_POINT('',(0.306096677,-39.580749279,-6.397335996));
#1410=CARTESIAN_POINT('',(0.306096677,-40.180749279,-6.397335996));
#1411=B_SPLINE_CURVE_WITH_KNOTS('',2,(#1408,#1409,#1410),.UNSPECIFIED.,.F.,.F.,(3,3),(0.,1.),.UNSPECIFIED.);
#1412=EDGE_CURVE('',#1407,#1399,#1411,.T.);
#1413=ORIENTED_EDGE('',*,*,#1412,.F.);
#1414=CARTESIAN_POINT('',(-0.643903323,-38.340749279,-6.397335996));
#1415=CARTESIAN_POINT('',(-0.143903323,-38.620749279,-6.397335996));
#1416=CARTESIAN_POINT('',(0.076096677,-39.100749279,-6.397335996));
#1417=B_SPLINE_CURVE_WITH_KNOTS('',2,(#1414,#1415,#1416),.UNSPECIFIED.,.F.,.F.,(3,3),(0.,1.),.UNSPECIFIED.);
#1418=EDGE_CURVE('',#1351,#1407,#1417,.T.);
#1419=ORIENTED_EDGE('',*,*,#1418,.F.);
#1420=EDGE_LOOP('',(#1357,#1365,#1373,#1381,#1389,#1397,#1405,#1413,#1419));
#1421=FACE_BOUND('',#1420,.T.);
#1422=ORIENTED_EDGE('',*,*,#910,.F.);
#1423=ORIENTED_EDGE('',*,*,#1237,.F.);
#1424=ORIENTED_EDGE('',*,*,#1206,.F.);
#1425=ORIENTED_EDGE('',*,*,#1173,.F.);
#1426=ORIENTED_EDGE('',*,*,#1140,.F.);
#1427=ORIENTED_EDGE('',*,*,#1107,.F.);
#1428=ORIENTED_EDGE('',*,*,#1074,.F.);
#1429=ORIENTED_EDGE('',*,*,#1041,.F.);
#1430=ORIENTED_EDGE('',*,*,#1010,.F.);
#1431=ORIENTED_EDGE('',*,*,#979,.F.);
#1432=ORIENTED_EDGE('',*,*,#948,.F.);
#1433=EDGE_LOOP('',(#1422,#1423,#1424,#1425,#1426,#1427,#1428,#1429,#1430,#1431,#1432));
#1434=FACE_BOUND('',#1433,.T.);
#1435=ADVANCED_FACE('',(#1421,#1434),#1347,.F.);
#1436=CARTESIAN_POINT('',(-4.353903323,-38.050749279,-5.397335996));
#1437=DIRECTION('',(0.,1.,0.));
#1438=DIRECTION('',(0.,0.,1.));
#1439=AXIS2_PLACEMENT_3D('',#1436,#1437,#1438);
#1440=PLANE('',#1439);
#1441=ORIENTED_EDGE('',*,*,#1364,.T.);
#1442=CARTESIAN_POINT('',(-1.943903323,-38.050749279,-5.397335996));
#1443=DIRECTION('',(0.,0.,-1.));
#1444=VECTOR('',#1443,1.);
#1445=LINE('',#1442,#1444);
#1446=EDGE_CURVE('',#1258,#1349,#1445,.T.);
#1447=ORIENTED_EDGE('',*,*,#1446,.F.);
#1448=ORIENTED_EDGE('',*,*,#1263,.F.);
#1449=CARTESIAN_POINT('',(-4.113903323,-38.050749279,-5.397335996));
#1450=DIRECTION('',(0.,0.,-1.));
#1451=VECTOR('',#1450,1.);
#1452=LINE('',#1449,#1451);
#1453=EDGE_CURVE('',#1256,#1359,#1452,.T.);
#1454=ORIENTED_EDGE('',*,*,#1453,.T.);
#1455=EDGE_LOOP('',(#1441,#1447,#1448,#1454));
#1456=FACE_BOUND('',#1455,.T.);
#1457=ADVANCED_FACE('',(#1456),#1440,.F.);
#1458=CARTESIAN_POINT('',(-4.113903323,-42.300749279,-5.397335996));
#1459=DIRECTION('',(-1.,0.,0.));
#1460=DIRECTION('',(0.,0.,1.));
#1461=AXIS2_PLACEMENT_3D('',#1458,#1459,#1460);
#1462=PLANE('',#1461);
#1463=ORIENTED_EDGE('',*,*,#1372,.T.);
#1464=ORIENTED_EDGE('',*,*,#1453,.F.);
#1465=ORIENTED_EDGE('',*,*,#1325,.F.);
#1466=CARTESIAN_POINT('',(-4.113903323,-42.300749279,-5.397335996));
#1467=DIRECTION('',(0.,0.,-1.));
#1468=VECTOR('',#1467,1.);
#1469=LINE('',#1466,#1468);
#1470=EDGE_CURVE('',#1314,#1367,#1469,.T.);
#1471=ORIENTED_EDGE('',*,*,#1470,.T.);
#1472=EDGE_LOOP('',(#1463,#1464,#1465,#1471));
#1473=FACE_BOUND('',#1472,.T.);
#1474=ADVANCED_FACE('',(#1473),#1462,.F.);
#1475=CARTESIAN_POINT('',(-1.963903323,-42.300749279,-5.397335996));
#1476=DIRECTION('',(0.,-1.,0.));
#1477=DIRECTION('',(0.,0.,-1.));
#1478=AXIS2_PLACEMENT_3D('',#1475,#1476,#1477);
#1479=PLANE('',#1478);
#1480=ORIENTED_EDGE('',*,*,#1380,.T.);
#1481=ORIENTED_EDGE('',*,*,#1470,.F.);
#1482=ORIENTED_EDGE('',*,*,#1319,.F.);
#1483=CARTESIAN_POINT('',(-1.963903323,-42.300749279,-5.397335996));
#1484=DIRECTION('',(0.,0.,-1.));
#1485=VECTOR('',#1484,1.);
#1486=LINE('',#1483,#1485);
#1487=EDGE_CURVE('',#1306,#1375,#1486,.T.);
#1488=ORIENTED_EDGE('',*,*,#1487,.T.);
#1489=EDGE_LOOP('',(#1480,#1481,#1482,#1488));
#1490=FACE_BOUND('',#1489,.T.);
#1491=ADVANCED_FACE('',(#1490),#1479,.F.);
#1492=CARTESIAN_POINT('',(-0.643903323,-42.020749279,-5.397335996));
#1493=CARTESIAN_POINT('',(-0.643903323,-42.020749279,-6.397335996));
#1494=CARTESIAN_POINT('',(-1.143903323,-42.300749279,-5.397335996));
#1495=CARTESIAN_POINT('',(-1.143903323,-42.300749279,-6.397335996));
#1496=CARTESIAN_POINT('',(-1.963903323,-42.300749279,-5.397335996));
#1497=CARTESIAN_POINT('',(-1.963903323,-42.300749279,-6.397335996));
#1498=B_SPLINE_SURFACE_WITH_KNOTS('',2,1,((#1492,#1493),(#1494,#1495),(#1496,#1497)),.UNSPECIFIED.,.F.,.F.,.U.,(3,3),(2,2),(0.,1.),(0.,1.),.UNSPECIFIED.);
#1499=ORIENTED_EDGE('',*,*,#1388,.T.);
#1500=ORIENTED_EDGE('',*,*,#1487,.F.);
#1501=ORIENTED_EDGE('',*,*,#1311,.F.);
#1502=CARTESIAN_POINT('',(-0.643903323,-42.020749279,-5.397335996));
#1503=DIRECTION('',(0.,0.,-1.));
#1504=VECTOR('',#1503,1.);
#1505=LINE('',#1502,#1504);
#1506=EDGE_CURVE('',#1298,#1383,#1505,.T.);
#1507=ORIENTED_EDGE('',*,*,#1506,.T.);
#1508=EDGE_LOOP('',(#1499,#1500,#1501,#1507));
#1509=FACE_BOUND('',#1508,.T.);
#1510=ADVANCED_FACE('',(#1509),#1498,.F.);
#1511=CARTESIAN_POINT('',(0.076096677,-41.270749279,-5.397335996));
#1512=CARTESIAN_POINT('',(0.076096677,-41.270749279,-6.397335996));
#1513=CARTESIAN_POINT('',(-0.143903323,-41.750749279,-5.397335996));
#1514=CARTESIAN_POINT('',(-0.143903323,-41.750749279,-6.397335996));
#1515=CARTESIAN_POINT('',(-0.643903323,-42.020749279,-5.397335996));
#1516=CARTESIAN_POINT('',(-0.643903323,-42.020749279,-6.397335996));
#1517=B_SPLINE_SURFACE_WITH_KNOTS('',2,1,((#1511,#1512),(#1513,#1514),(#1515,#1516)),.UNSPECIFIED.,.F.,.F.,.U.,(3,3),(2,2),(0.,1.),(0.,1.),.UNSPECIFIED.);
#1518=ORIENTED_EDGE('',*,*,#1396,.T.);
#1519=ORIENTED_EDGE('',*,*,#1506,.F.);
#1520=ORIENTED_EDGE('',*,*,#1303,.F.);
#1521=CARTESIAN_POINT('',(0.076096677,-41.270749279,-5.397335996));
#1522=DIRECTION('',(0.,0.,-1.));
#1523=VECTOR('',#1522,1.);
#1524=LINE('',#1521,#1523);
#1525=EDGE_CURVE('',#1290,#1391,#1524,.T.);
#1526=ORIENTED_EDGE('',*,*,#1525,.T.);
#1527=EDGE_LOOP('',(#1518,#1519,#1520,#1526));
#1528=FACE_BOUND('',#1527,.T.);
#1529=ADVANCED_FACE('',(#1528),#1517,.F.);
#1530=CARTESIAN_POINT('',(0.306096677,-40.180749279,-5.397335996));
#1531=CARTESIAN_POINT('',(0.306096677,-40.180749279,-6.397335996));
#1532=CARTESIAN_POINT('',(0.306096677,-40.790749279,-5.397335996));
#1533=CARTESIAN_POINT('',(0.306096677,-40.790749279,-6.397335996));
#1534=CARTESIAN_POINT('',(0.076096677,-41.270749279,-5.397335996));
#1535=CARTESIAN_POINT('',(0.076096677,-41.270749279,-6.397335996));
#1536=B_SPLINE_SURFACE_WITH_KNOTS('',2,1,((#1530,#1531),(#1532,#1533),(#1534,#1535)),.UNSPECIFIED.,.F.,.F.,.U.,(3,3),(2,2),(0.,1.),(0.,1.),.UNSPECIFIED.);
#1537=ORIENTED_EDGE('',*,*,#1404,.T.);
#1538=ORIENTED_EDGE('',*,*,#1525,.F.);
#1539=ORIENTED_EDGE('',*,*,#1295,.F.);
#1540=CARTESIAN_POINT('',(0.306096677,-40.180749279,-5.397335996));
#1541=DIRECTION('',(0.,0.,-1.));
#1542=VECTOR('',#1541,1.);
#1543=LINE('',#1540,#1542);
#1544=EDGE_CURVE('',#1282,#1399,#1543,.T.);
#1545=ORIENTED_EDGE('',*,*,#1544,.T.);
#1546=EDGE_LOOP('',(#1537,#1538,#1539,#1545));
#1547=FACE_BOUND('',#1546,.T.);
#1548=ADVANCED_FACE('',(#1547),#1536,.F.);
#1549=CARTESIAN_POINT('',(0.076096677,-39.100749279,-5.397335996));
#1550=CARTESIAN_POINT('',(0.076096677,-39.100749279,-6.397335996));
#1551=CARTESIAN_POINT('',(0.306096677,-39.580749279,-5.397335996));
#1552=CARTESIAN_POINT('',(0.306096677,-39.580749279,-6.397335996));
#1553=CARTESIAN_POINT('',(0.306096677,-40.180749279,-5.397335996));
#1554=CARTESIAN_POINT('',(0.306096677,-40.180749279,-6.397335996));
#1555=B_SPLINE_SURFACE_WITH_KNOTS('',2,1,((#1549,#1550),(#1551,#1552),(#1553,#1554)),.UNSPECIFIED.,.F.,.F.,.U.,(3,3),(2,2),(0.,1.),(0.,1.),.UNSPECIFIED.);
#1556=ORIENTED_EDGE('',*,*,#1412,.T.);
#1557=ORIENTED_EDGE('',*,*,#1544,.F.);
#1558=ORIENTED_EDGE('',*,*,#1287,.F.);
#1559=CARTESIAN_POINT('',(0.076096677,-39.100749279,-5.397335996));
#1560=DIRECTION('',(0.,0.,-1.));
#1561=VECTOR('',#1560,1.);
#1562=LINE('',#1559,#1561);
#1563=EDGE_CURVE('',#1274,#1407,#1562,.T.);
#1564=ORIENTED_EDGE('',*,*,#1563,.T.);
#1565=EDGE_LOOP('',(#1556,#1557,#1558,#1564));
#1566=FACE_BOUND('',#1565,.T.);
#1567=ADVANCED_FACE('',(#1566),#1555,.F.);
#1568=CARTESIAN_POINT('',(-0.643903323,-38.340749279,-5.397335996));
#1569=CARTESIAN_POINT('',(-0.643903323,-38.340749279,-6.397335996));
#1570=CARTESIAN_POINT('',(-0.143903323,-38.620749279,-5.397335996));
#1571=CARTESIAN_POINT('',(-0.143903323,-38.620749279,-6.397335996));
#1572=CARTESIAN_POINT('',(0.076096677,-39.100749279,-5.397335996));
#1573=CARTESIAN_POINT('',(0.076096677,-39.100749279,-6.397335996));
#1574=B_SPLINE_SURFACE_WITH_KNOTS('',2,1,((#1568,#1569),(#1570,#1571),(#1572,#1573)),.UNSPECIFIED.,.F.,.F.,.U.,(3,3),(2,2),(0.,1.),(0.,1.),.UNSPECIFIED.);
#1575=ORIENTED_EDGE('',*,*,#1418,.T.);
#1576=ORIENTED_EDGE('',*,*,#1563,.F.);
#1577=ORIENTED_EDGE('',*,*,#1279,.F.);
#1578=CARTESIAN_POINT('',(-0.643903323,-38.340749279,-5.397335996));
#1579=DIRECTION('',(0.,0.,-1.));
#1580=VECTOR('',#1579,1.);
#1581=LINE('',#1578,#1580);
#1582=EDGE_CURVE('',#1266,#1351,#1581,.T.);
#1583=ORIENTED_EDGE('',*,*,#1582,.T.);
#1584=EDGE_LOOP('',(#1575,#1576,#1577,#1583));
#1585=FACE_BOUND('',#1584,.T.);
#1586=ADVANCED_FACE('',(#1585),#1574,.F.);
#1587=CARTESIAN_POINT('',(-1.943903323,-38.050749279,-5.397335996));
#1588=CARTESIAN_POINT('',(-1.943903323,-38.050749279,-6.397335996));
#1589=CARTESIAN_POINT('',(-1.133903323,-38.050749279,-5.397335996));
#1590=CARTESIAN_POINT('',(-1.133903323,-38.050749279,-6.397335996));
#1591=CARTESIAN_POINT('',(-0.643903323,-38.340749279,-5.397335996));
#1592=CARTESIAN_POINT('',(-0.643903323,-38.340749279,-6.397335996));
#1593=B_SPLINE_SURFACE_WITH_KNOTS('',2,1,((#1587,#1588),(#1589,#1590),(#1591,#1592)),.UNSPECIFIED.,.F.,.F.,.U.,(3,3),(2,2),(0.,1.),(0.,1.),.UNSPECIFIED.);
#1594=ORIENTED_EDGE('',*,*,#1356,.T.);
#1595=ORIENTED_EDGE('',*,*,#1582,.F.);
#1596=ORIENTED_EDGE('',*,*,#1271,.F.);
#1597=ORIENTED_EDGE('',*,*,#1446,.T.);
#1598=EDGE_LOOP('',(#1594,#1595,#1596,#1597));
#1599=FACE_BOUND('',#1598,.T.);
#1600=ADVANCED_FACE('',(#1599),#1593,.F.);
#1601=CLOSED_SHELL('',(#936,#967,#998,#1029,#1060,#1093,#1126,#1159,#1192,#1225,#1249,#1342,#1435,#1457,#1474,#1491,#1510,#1529,#1548,#1567,#1586,#1600));
#1602=MANIFOLD_SOLID_BREP('P',#1601);
#896=STYLED_ITEM('',(),#1602);
#1604=CARTESIAN_POINT('',(6.106096677,-33.280749279,-5.397335996));
#1605=DIRECTION('',(1.,0.,0.));
#1606=DIRECTION('',(0.,0.,-1.));
#1607=AXIS2_PLACEMENT_3D('',#1604,#1605,#1606);
#1608=PLANE('',#1607);
#1609=CARTESIAN_POINT('',(6.106096677,-33.280749279,-6.397335996));
#1610=VERTEX_POINT('',#1609);
#1611=CARTESIAN_POINT('',(6.106096677,-42.300749279,-6.397335996));
#1612=VERTEX_POINT('',#1611);
#1613=CARTESIAN_POINT('',(6.106096677,-33.280749279,-6.397335996));
#1614=DIRECTION('',(0.,-1.,0.));
#1615=VECTOR('',#1614,9.02);
#1616=LINE('',#1613,#1615);
#1617=EDGE_CURVE('',#1610,#1612,#1616,.T.);
#1618=ORIENTED_EDGE('',*,*,#1617,.T.);
#1619=CARTESIAN_POINT('',(6.106096677,-42.300749279,-5.397335996));
#1620=VERTEX_POINT('',#1619);
#1621=CARTESIAN_POINT('',(6.106096677,-42.300749279,-5.397335996));
#1622=DIRECTION('',(0.,0.,-1.));
#1623=VECTOR('',#1622,1.);
#1624=LINE('',#1621,#1623);
#1625=EDGE_CURVE('',#1620,#1612,#1624,.T.);
#1626=ORIENTED_EDGE('',*,*,#1625,.F.);
#1627=CARTESIAN_POINT('',(6.106096677,-33.280749279,-5.397335996));
#1628=VERTEX_POINT('',#1627);
#1629=CARTESIAN_POINT('',(6.106096677,-33.280749279,-5.397335996));
#1630=DIRECTION('',(0.,-1.,0.));
#1631=VECTOR('',#1630,9.02);
#1632=LINE('',#1629,#1631);
#1633=EDGE_CURVE('',#1628,#1620,#1632,.T.);
#1634=ORIENTED_EDGE('',*,*,#1633,.F.);
#1635=CARTESIAN_POINT('',(6.106096677,-33.280749279,-5.397335996));
#1636=DIRECTION('',(0.,0.,-1.));
#1637=VECTOR('',#1636,1.);
#1638=LINE('',#1635,#1637);
#1639=EDGE_CURVE('',#1628,#1610,#1638,.T.);
#1640=ORIENTED_EDGE('',*,*,#1639,.T.);
#1641=EDGE_LOOP('',(#1618,#1626,#1634,#1640));
#1642=FACE_BOUND('',#1641,.T.);
#1643=ADVANCED_FACE('',(#1642),#1608,.F.);
#1644=CARTESIAN_POINT('',(6.106096677,-42.300749279,-5.397335996));
#1645=DIRECTION('',(0.,-1.,0.));
#1646=DIRECTION('',(0.,0.,-1.));
#1647=AXIS2_PLACEMENT_3D('',#1644,#1645,#1646);
#1648=PLANE('',#1647);
#1649=CARTESIAN_POINT('',(2.926096677,-42.300749279,-6.397335996));
#1650=VERTEX_POINT('',#1649);
#1651=CARTESIAN_POINT('',(6.106096677,-42.300749279,-6.397335996));
#1652=DIRECTION('',(-1.,0.,0.));
#1653=VECTOR('',#1652,3.18);
#1654=LINE('',#1651,#1653);
#1655=EDGE_CURVE('',#1612,#1650,#1654,.T.);
#1656=ORIENTED_EDGE('',*,*,#1655,.T.);
#1657=CARTESIAN_POINT('',(2.926096677,-42.300749279,-5.397335996));
#1658=VERTEX_POINT('',#1657);
#1659=CARTESIAN_POINT('',(2.926096677,-42.300749279,-5.397335996));
#1660=DIRECTION('',(0.,0.,-1.));
#1661=VECTOR('',#1660,1.);
#1662=LINE('',#1659,#1661);
#1663=EDGE_CURVE('',#1658,#1650,#1662,.T.);
#1664=ORIENTED_EDGE('',*,*,#1663,.F.);
#1665=CARTESIAN_POINT('',(6.106096677,-42.300749279,-5.397335996));
#1666=DIRECTION('',(-1.,0.,0.));
#1667=VECTOR('',#1666,3.18);
#1668=LINE('',#1665,#1667);
#1669=EDGE_CURVE('',#1620,#1658,#1668,.T.);
#1670=ORIENTED_EDGE('',*,*,#1669,.F.);
#1671=ORIENTED_EDGE('',*,*,#1625,.T.);
#1672=EDGE_LOOP('',(#1656,#1664,#1670,#1671));
#1673=FACE_BOUND('',#1672,.T.);
#1674=ADVANCED_FACE('',(#1673),#1648,.F.);
#1675=CARTESIAN_POINT('',(2.926096677,-42.300749279,-5.397335996));
#1676=DIRECTION('',(1.,0.,0.));
#1677=DIRECTION('',(0.,0.,-1.));
#1678=AXIS2_PLACEMENT_3D('',#1675,#1676,#1677);
#1679=PLANE('',#1678);
#1680=CARTESIAN_POINT('',(2.926096677,-43.380749279,-6.397335996));
#1681=VERTEX_POINT('',#1680);
#1682=CARTESIAN_POINT('',(2.926096677,-42.300749279,-6.397335996));
#1683=DIRECTION('',(0.,-1.,0.));
#1684=VECTOR('',#1683,1.08);
#1685=LINE('',#1682,#1684);
#1686=EDGE_CURVE('',#1650,#1681,#1685,.T.);
#1687=ORIENTED_EDGE('',*,*,#1686,.T.);
#1688=CARTESIAN_POINT('',(2.926096677,-43.380749279,-5.397335996));
#1689=VERTEX_POINT('',#1688);
#1690=CARTESIAN_POINT('',(2.926096677,-43.380749279,-5.397335996));
#1691=DIRECTION('',(0.,0.,-1.));
#1692=VECTOR('',#1691,1.);
#1693=LINE('',#1690,#1692);
#1694=EDGE_CURVE('',#1689,#1681,#1693,.T.);
#1695=ORIENTED_EDGE('',*,*,#1694,.F.);
#1696=CARTESIAN_POINT('',(2.926096677,-42.300749279,-5.397335996));
#1697=DIRECTION('',(0.,-1.,0.));
#1698=VECTOR('',#1697,1.08);
#1699=LINE('',#1696,#1698);
#1700=EDGE_CURVE('',#1658,#1689,#1699,.T.);
#1701=ORIENTED_EDGE('',*,*,#1700,.F.);
#1702=ORIENTED_EDGE('',*,*,#1663,.T.);
#1703=EDGE_LOOP('',(#1687,#1695,#1701,#1702));
#1704=FACE_BOUND('',#1703,.T.);
#1705=ADVANCED_FACE('',(#1704),#1679,.F.);
#1706=CARTESIAN_POINT('',(2.926096677,-43.380749279,-5.397335996));
#1707=DIRECTION('',(0.,1.,0.));
#1708=DIRECTION('',(0.,0.,1.));
#1709=AXIS2_PLACEMENT_3D('',#1706,#1707,#1708);
#1710=PLANE('',#1709);
#1711=CARTESIAN_POINT('',(10.506096677,-43.380749279,-6.397335996));
#1712=VERTEX_POINT('',#1711);
#1713=CARTESIAN_POINT('',(2.926096677,-43.380749279,-6.397335996));
#1714=DIRECTION('',(1.,0.,-0.));
#1715=VECTOR('',#1714,7.58);
#1716=LINE('',#1713,#1715);
#1717=EDGE_CURVE('',#1681,#1712,#1716,.T.);
#1718=ORIENTED_EDGE('',*,*,#1717,.T.);
#1719=CARTESIAN_POINT('',(10.506096677,-43.380749279,-5.397335996));
#1720=VERTEX_POINT('',#1719);
#1721=CARTESIAN_POINT('',(10.506096677,-43.380749279,-5.397335996));
#1722=DIRECTION('',(0.,0.,-1.));
#1723=VECTOR('',#1722,1.);
#1724=LINE('',#1721,#1723);
#1725=EDGE_CURVE('',#1720,#1712,#1724,.T.);
#1726=ORIENTED_EDGE('',*,*,#1725,.F.);
#1727=CARTESIAN_POINT('',(2.926096677,-43.380749279,-5.397335996));
#1728=DIRECTION('',(1.,0.,-0.));
#1729=VECTOR('',#1728,7.58);
#1730=LINE('',#1727,#1729);
#1731=EDGE_CURVE('',#1689,#1720,#1730,.T.);
#1732=ORIENTED_EDGE('',*,*,#1731,.F.);
#1733=ORIENTED_EDGE('',*,*,#1694,.T.);
#1734=EDGE_LOOP('',(#1718,#1726,#1732,#1733));
#1735=FACE_BOUND('',#1734,.T.);
#1736=ADVANCED_FACE('',(#1735),#1710,.F.);
#1737=CARTESIAN_POINT('',(10.506096677,-43.380749279,-5.397335996));
#1738=DIRECTION('',(-1.,0.,0.));
#1739=DIRECTION('',(0.,0.,1.));
#1740=AXIS2_PLACEMENT_3D('',#1737,#1738,#1739);
#1741=PLANE('',#1740);
#1742=CARTESIAN_POINT('',(10.506096677,-42.300749279,-6.397335996));
#1743=VERTEX_POINT('',#1742);
#1744=CARTESIAN_POINT('',(10.506096677,-43.380749279,-6.397335996));
#1745=DIRECTION('',(0.,1.,0.));
#1746=VECTOR('',#1745,1.08);
#1747=LINE('',#1744,#1746);
#1748=EDGE_CURVE('',#1712,#1743,#1747,.T.);
#1749=ORIENTED_EDGE('',*,*,#1748,.T.);
#1750=CARTESIAN_POINT('',(10.506096677,-42.300749279,-5.397335996));
#1751=VERTEX_POINT('',#1750);
#1752=CARTESIAN_POINT('',(10.506096677,-42.300749279,-5.397335996));
#1753=DIRECTION('',(0.,0.,-1.));
#1754=VECTOR('',#1753,1.);
#1755=LINE('',#1752,#1754);
#1756=EDGE_CURVE('',#1751,#1743,#1755,.T.);
#1757=ORIENTED_EDGE('',*,*,#1756,.F.);
#1758=CARTESIAN_POINT('',(10.506096677,-43.380749279,-5.397335996));
#1759=DIRECTION('',(0.,1.,0.));
#1760=VECTOR('',#1759,1.08);
#1761=LINE('',#1758,#1760);
#1762=EDGE_CURVE('',#1720,#1751,#1761,.T.);
#1763=ORIENTED_EDGE('',*,*,#1762,.F.);
#1764=ORIENTED_EDGE('',*,*,#1725,.T.);
#1765=EDGE_LOOP('',(#1749,#1757,#1763,#1764));
#1766=FACE_BOUND('',#1765,.T.);
#1767=ADVANCED_FACE('',(#1766),#1741,.F.);
#1768=CARTESIAN_POINT('',(10.506096677,-42.300749279,-5.397335996));
#1769=DIRECTION('',(0.,-1.,0.));
#1770=DIRECTION('',(0.,0.,-1.));
#1771=AXIS2_PLACEMENT_3D('',#1768,#1769,#1770);
#1772=PLANE('',#1771);
#1773=CARTESIAN_POINT('',(7.326096677,-42.300749279,-6.397335996));
#1774=VERTEX_POINT('',#1773);
#1775=CARTESIAN_POINT('',(10.506096677,-42.300749279,-6.397335996));
#1776=DIRECTION('',(-1.,0.,0.));
#1777=VECTOR('',#1776,3.18);
#1778=LINE('',#1775,#1777);
#1779=EDGE_CURVE('',#1743,#1774,#1778,.T.);
#1780=ORIENTED_EDGE('',*,*,#1779,.T.);
#1781=CARTESIAN_POINT('',(7.326096677,-42.300749279,-5.397335996));
#1782=VERTEX_POINT('',#1781);
#1783=CARTESIAN_POINT('',(7.326096677,-42.300749279,-5.397335996));
#1784=DIRECTION('',(0.,0.,-1.));
#1785=VECTOR('',#1784,1.);
#1786=LINE('',#1783,#1785);
#1787=EDGE_CURVE('',#1782,#1774,#1786,.T.);
#1788=ORIENTED_EDGE('',*,*,#1787,.F.);
#1789=CARTESIAN_POINT('',(10.506096677,-42.300749279,-5.397335996));
#1790=DIRECTION('',(-1.,0.,0.));
#1791=VECTOR('',#1790,3.18);
#1792=LINE('',#1789,#1791);
#1793=EDGE_CURVE('',#1751,#1782,#1792,.T.);
#1794=ORIENTED_EDGE('',*,*,#1793,.F.);
#1795=ORIENTED_EDGE('',*,*,#1756,.T.);
#1796=EDGE_LOOP('',(#1780,#1788,#1794,#1795));
#1797=FACE_BOUND('',#1796,.T.);
#1798=ADVANCED_FACE('',(#1797),#1772,.F.);
#1799=CARTESIAN_POINT('',(7.326096677,-42.300749279,-5.397335996));
#1800=DIRECTION('',(-1.,0.,0.));
#1801=DIRECTION('',(0.,0.,1.));
#1802=AXIS2_PLACEMENT_3D('',#1799,#1800,#1801);
#1803=PLANE('',#1802);
#1804=CARTESIAN_POINT('',(7.326096677,-33.280749279,-6.397335996));
#1805=VERTEX_POINT('',#1804);
#1806=CARTESIAN_POINT('',(7.326096677,-42.300749279,-6.397335996));
#1807=DIRECTION('',(0.,1.,0.));
#1808=VECTOR('',#1807,9.02);
#1809=LINE('',#1806,#1808);
#1810=EDGE_CURVE('',#1774,#1805,#1809,.T.);
#1811=ORIENTED_EDGE('',*,*,#1810,.T.);
#1812=CARTESIAN_POINT('',(7.326096677,-33.280749279,-5.397335996));
#1813=VERTEX_POINT('',#1812);
#1814=CARTESIAN_POINT('',(7.326096677,-33.280749279,-5.397335996));
#1815=DIRECTION('',(0.,0.,-1.));
#1816=VECTOR('',#1815,1.);
#1817=LINE('',#1814,#1816);
#1818=EDGE_CURVE('',#1813,#1805,#1817,.T.);
#1819=ORIENTED_EDGE('',*,*,#1818,.F.);
#1820=CARTESIAN_POINT('',(7.326096677,-42.300749279,-5.397335996));
#1821=DIRECTION('',(0.,1.,0.));
#1822=VECTOR('',#1821,9.02);
#1823=LINE('',#1820,#1822);
#1824=EDGE_CURVE('',#1782,#1813,#1823,.T.);
#1825=ORIENTED_EDGE('',*,*,#1824,.F.);
#1826=ORIENTED_EDGE('',*,*,#1787,.T.);
#1827=EDGE_LOOP('',(#1811,#1819,#1825,#1826));
#1828=FACE_BOUND('',#1827,.T.);
#1829=ADVANCED_FACE('',(#1828),#1803,.F.);
#1830=CARTESIAN_POINT('',(7.326096677,-33.280749279,-5.397335996));
#1831=DIRECTION('',(0.,-1.,0.));
#1832=DIRECTION('',(0.,0.,-1.));
#1833=AXIS2_PLACEMENT_3D('',#1830,#1831,#1832);
#1834=PLANE('',#1833);
#1835=CARTESIAN_POINT('',(7.326096677,-33.280749279,-6.397335996));
#1836=DIRECTION('',(-1.,0.,0.));
#1837=VECTOR('',#1836,1.22);
#1838=LINE('',#1835,#1837);
#1839=EDGE_CURVE('',#1805,#1610,#1838,.T.);
#1840=ORIENTED_EDGE('',*,*,#1839,.T.);
#1841=ORIENTED_EDGE('',*,*,#1639,.F.);
#1842=CARTESIAN_POINT('',(7.326096677,-33.280749279,-5.397335996));
#1843=DIRECTION('',(-1.,0.,0.));
#1844=VECTOR('',#1843,1.22);
#1845=LINE('',#1842,#1844);
#1846=EDGE_CURVE('',#1813,#1628,#1845,.T.);
#1847=ORIENTED_EDGE('',*,*,#1846,.F.);
#1848=ORIENTED_EDGE('',*,*,#1818,.T.);
#1849=EDGE_LOOP('',(#1840,#1841,#1847,#1848));
#1850=FACE_BOUND('',#1849,.T.);
#1851=ADVANCED_FACE('',(#1850),#1834,.F.);
#1852=CARTESIAN_POINT('',(-14.693903323,-38.330749279,-5.397335996));
#1853=DIRECTION('',(0.,0.,1.));
#1854=DIRECTION('',(0.,-1.,0.));
#1855=AXIS2_PLACEMENT_3D('',#1852,#1853,#1854);
#1856=PLANE('',#1855);
#1857=ORIENTED_EDGE('',*,*,#1633,.T.);
#1858=ORIENTED_EDGE('',*,*,#1669,.T.);
#1859=ORIENTED_EDGE('',*,*,#1700,.T.);
#1860=ORIENTED_EDGE('',*,*,#1731,.T.);
#1861=ORIENTED_EDGE('',*,*,#1762,.T.);
#1862=ORIENTED_EDGE('',*,*,#1793,.T.);
#1863=ORIENTED_EDGE('',*,*,#1824,.T.);
#1864=ORIENTED_EDGE('',*,*,#1846,.T.);
#1865=EDGE_LOOP('',(#1857,#1858,#1859,#1860,#1861,#1862,#1863,#1864));
#1866=FACE_BOUND('',#1865,.T.);
#1867=ADVANCED_FACE('',(#1866),#1856,.T.);
#1868=CARTESIAN_POINT('',(-14.693903323,-38.330749279,-6.397335996));
#1869=DIRECTION('',(0.,0.,1.));
#1870=DIRECTION('',(0.,-1.,0.));
#1871=AXIS2_PLACEMENT_3D('',#1868,#1869,#1870);
#1872=PLANE('',#1871);
#1873=ORIENTED_EDGE('',*,*,#1617,.F.);
#1874=ORIENTED_EDGE('',*,*,#1839,.F.);
#1875=ORIENTED_EDGE('',*,*,#1810,.F.);
#1876=ORIENTED_EDGE('',*,*,#1779,.F.);
#1877=ORIENTED_EDGE('',*,*,#1748,.F.);
#1878=ORIENTED_EDGE('',*,*,#1717,.F.);
#1879=ORIENTED_EDGE('',*,*,#1686,.F.);
#1880=ORIENTED_EDGE('',*,*,#1655,.F.);
#1881=EDGE_LOOP('',(#1873,#1874,#1875,#1876,#1877,#1878,#1879,#1880));
#1882=FACE_BOUND('',#1881,.T.);
#1883=ADVANCED_FACE('',(#1882),#1872,.F.);
#1884=CLOSED_SHELL('',(#1643,#1674,#1705,#1736,#1767,#1798,#1829,#1851,#1867,#1883));
#1885=MANIFOLD_SOLID_BREP('T',#1884);
#1603=STYLED_ITEM('',(),#1885);
#1887=CARTESIAN_POINT('',(16.466096677,-34.290749279,-5.397335996));
#1888=CARTESIAN_POINT('',(16.466096677,-34.290749279,-6.397335996));
#1889=CARTESIAN_POINT('',(17.376096677,-34.290749279,-5.397335996));
#1890=CARTESIAN_POINT('',(17.376096677,-34.290749279,-6.397335996));
#1891=CARTESIAN_POINT('',(18.126096677,-34.750749279,-5.397335996));
#1892=CARTESIAN_POINT('',(18.126096677,-34.750749279,-6.397335996));
#1893=B_SPLINE_SURFACE_WITH_KNOTS('',2,1,((#1887,#1888),(#1889,#1890),(#1891,#1892)),.UNSPECIFIED.,.F.,.F.,.U.,(3,3),(2,2),(0.,1.),(0.,1.),.UNSPECIFIED.);
#1894=CARTESIAN_POINT('',(16.466096677,-34.290749279,-6.397335996));
#1895=VERTEX_POINT('',#1894);
#1896=CARTESIAN_POINT('',(18.126096677,-34.750749279,-6.397335996));
#1897=VERTEX_POINT('',#1896);
#1898=CARTESIAN_POINT('',(16.466096677,-34.290749279,-6.397335996));
#1899=CARTESIAN_POINT('',(17.376096677,-34.290749279,-6.397335996));
#1900=CARTESIAN_POINT('',(18.126096677,-34.750749279,-6.397335996));
#1901=B_SPLINE_CURVE_WITH_KNOTS('',2,(#1898,#1899,#1900),.UNSPECIFIED.,.F.,.F.,(3,3),(0.,1.),.UNSPECIFIED.);
#1902=EDGE_CURVE('',#1895,#1897,#1901,.T.);
#1903=ORIENTED_EDGE('',*,*,#1902,.T.);
#1904=CARTESIAN_POINT('',(18.126096677,-34.750749279,-5.397335996));
#1905=VERTEX_POINT('',#1904);
#1906=CARTESIAN_POINT('',(18.126096677,-34.750749279,-5.397335996));
#1907=DIRECTION('',(0.,0.,-1.));
#1908=VECTOR('',#1907,1.);
#1909=LINE('',#1906,#1908);
#1910=EDGE_CURVE('',#1905,#1897,#1909,.T.);
#1911=ORIENTED_EDGE('',*,*,#1910,.F.);
#1912=CARTESIAN_POINT('',(16.466096677,-34.290749279,-5.397335996));
#1913=VERTEX_POINT('',#1912);
#1914=CARTESIAN_POINT('',(16.466096677,-34.290749279,-5.397335996));
#1915=CARTESIAN_POINT('',(17.376096677,-34.290749279,-5.397335996));
#1916=CARTESIAN_POINT('',(18.126096677,-34.750749279,-5.397335996));
#1917=B_SPLINE_CURVE_WITH_KNOTS('',2,(#1914,#1915,#1916),.UNSPECIFIED.,.F.,.F.,(3,3),(0.,1.),.UNSPECIFIED.);
#1918=EDGE_CURVE('',#1913,#1905,#1917,.T.);
#1919=ORIENTED_EDGE('',*,*,#1918,.F.);
#1920=CARTESIAN_POINT('',(16.466096677,-34.290749279,-5.397335996));
#1921=DIRECTION('',(0.,0.,-1.));
#1922=VECTOR('',#1921,1.);
#1923=LINE('',#1920,#1922);
#1924=EDGE_CURVE('',#1913,#1895,#1923,.T.);
#1925=ORIENTED_EDGE('',*,*,#1924,.T.);
#1926=EDGE_LOOP('',(#1903,#1911,#1919,#1925));
#1927=FACE_BOUND('',#1926,.T.);
#1928=ADVANCED_FACE('',(#1927),#1893,.F.);
#1929=CARTESIAN_POINT('',(18.126096677,-34.750749279,-5.397335996));
#1930=CARTESIAN_POINT('',(18.126096677,-34.750749279,-6.397335996));
#1931=CARTESIAN_POINT('',(18.866096677,-35.210749279,-5.397335996));
#1932=CARTESIAN_POINT('',(18.866096677,-35.210749279,-6.397335996));
#1933=CARTESIAN_POINT('',(19.306096677,-36.120749279,-5.397335996));
#1934=CARTESIAN_POINT('',(19.306096677,-36.120749279,-6.397335996));
#1935=B_SPLINE_SURFACE_WITH_KNOTS('',2,1,((#1929,#1930),(#1931,#1932),(#1933,#1934)),.UNSPECIFIED.,.F.,.F.,.U.,(3,3),(2,2),(0.,1.),(0.,1.),.UNSPECIFIED.);
#1936=CARTESIAN_POINT('',(19.306096677,-36.120749279,-6.397335996));
#1937=VERTEX_POINT('',#1936);
#1938=CARTESIAN_POINT('',(18.126096677,-34.750749279,-6.397335996));
#1939=CARTESIAN_POINT('',(18.866096677,-35.210749279,-6.397335996));
#1940=CARTESIAN_POINT('',(19.306096677,-36.120749279,-6.397335996));
#1941=B_SPLINE_CURVE_WITH_KNOTS('',2,(#1938,#1939,#1940),.UNSPECIFIED.,.F.,.F.,(3,3),(0.,1.),.UNSPECIFIED.);
#1942=EDGE_CURVE('',#1897,#1937,#1941,.T.);
#1943=ORIENTED_EDGE('',*,*,#1942,.T.);
#1944=CARTESIAN_POINT('',(19.306096677,-36.120749279,-5.397335996));
#1945=VERTEX_POINT('',#1944);
#1946=CARTESIAN_POINT('',(19.306096677,-36.120749279,-5.397335996));
#1947=DIRECTION('',(0.,0.,-1.));
#1948=VECTOR('',#1947,1.);
#1949=LINE('',#1946,#1948);
#1950=EDGE_CURVE('',#1945,#1937,#1949,.T.);
#1951=ORIENTED_EDGE('',*,*,#1950,.F.);
#1952=CARTESIAN_POINT('',(18.126096677,-34.750749279,-5.397335996));
#1953=CARTESIAN_POINT('',(18.866096677,-35.210749279,-5.397335996));
#1954=CARTESIAN_POINT('',(19.306096677,-36.120749279,-5.397335996));
#1955=B_SPLINE_CURVE_WITH_KNOTS('',2,(#1952,#1953,#1954),.UNSPECIFIED.,.F.,.F.,(3,3),(0.,1.),.UNSPECIFIED.);
#1956=EDGE_CURVE('',#1905,#1945,#1955,.T.);
#1957=ORIENTED_EDGE('',*,*,#1956,.F.);
#1958=ORIENTED_EDGE('',*,*,#1910,.T.);
#1959=EDGE_LOOP('',(#1943,#1951,#1957,#1958));
#1960=FACE_BOUND('',#1959,.T.);
#1961=ADVANCED_FACE('',(#1960),#1935,.F.);
#1962=CARTESIAN_POINT('',(19.306096677,-36.120749279,-5.397335996));
#1963=CARTESIAN_POINT('',(19.306096677,-36.120749279,-6.397335996));
#1964=CARTESIAN_POINT('',(19.736096677,-37.020749279,-5.397335996));
#1965=CARTESIAN_POINT('',(19.736096677,-37.020749279,-6.397335996));
#1966=CARTESIAN_POINT('',(19.736096677,-38.330749279,-5.397335996));
#1967=CARTESIAN_POINT('',(19.736096677,-38.330749279,-6.397335996));
#1968=B_SPLINE_SURFACE_WITH_KNOTS('',2,1,((#1962,#1963),(#1964,#1965),(#1966,#1967)),.UNSPECIFIED.,.F.,.F.,.U.,(3,3),(2,2),(0.,1.),(0.,1.),.UNSPECIFIED.);
#1969=CARTESIAN_POINT('',(19.736096677,-38.330749279,-6.397335996));
#1970=VERTEX_POINT('',#1969);
#1971=CARTESIAN_POINT('',(19.306096677,-36.120749279,-6.397335996));
#1972=CARTESIAN_POINT('',(19.736096677,-37.020749279,-6.397335996));
#1973=CARTESIAN_POINT('',(19.736096677,-38.330749279,-6.397335996));
#1974=B_SPLINE_CURVE_WITH_KNOTS('',2,(#1971,#1972,#1973),.UNSPECIFIED.,.F.,.F.,(3,3),(0.,1.),.UNSPECIFIED.);
#1975=EDGE_CURVE('',#1937,#1970,#1974,.T.);
#1976=ORIENTED_EDGE('',*,*,#1975,.T.);
#1977=CARTESIAN_POINT('',(19.736096677,-38.330749279,-5.397335996));
#1978=VERTEX_POINT('',#1977);
#1979=CARTESIAN_POINT('',(19.736096677,-38.330749279,-5.397335996));
#1980=DIRECTION('',(0.,0.,-1.));
#1981=VECTOR('',#1980,1.);
#1982=LINE('',#1979,#1981);
#1983=EDGE_CURVE('',#1978,#1970,#1982,.T.);
#1984=ORIENTED_EDGE('',*,*,#1983,.F.);
#1985=CARTESIAN_POINT('',(19.306096677,-36.120749279,-5.397335996));
#1986=CARTESIAN_POINT('',(19.736096677,-37.020749279,-5.397335996));
#1987=CARTESIAN_POINT('',(19.736096677,-38.330749279,-5.397335996));
#1988=B_SPLINE_CURVE_WITH_KNOTS('',2,(#1985,#1986,#1987),.UNSPECIFIED.,.F.,.F.,(3,3),(0.,1.),.UNSPECIFIED.);
#1989=EDGE_CURVE('',#1945,#1978,#1988,.T.);
#1990=ORIENTED_EDGE('',*,*,#1989,.F.);
#1991=ORIENTED_EDGE('',*,*,#1950,.T.);
#1992=EDGE_LOOP('',(#1976,#1984,#1990,#1991));
#1993=FACE_BOUND('',#1992,.T.);
#1994=ADVANCED_FACE('',(#1993),#1968,.F.);
#1995=CARTESIAN_POINT('',(19.736096677,-38.330749279,-5.397335996));
#1996=CARTESIAN_POINT('',(19.736096677,-38.330749279,-6.397335996));
#1997=CARTESIAN_POINT('',(19.736096677,-39.640749279,-5.397335996));
#1998=CARTESIAN_POINT('',(19.736096677,-39.640749279,-6.397335996));
#1999=CARTESIAN_POINT('',(19.306096677,-40.550749279,-5.397335996));
#2000=CARTESIAN_POINT('',(19.306096677,-40.550749279,-6.397335996));
#2001=B_SPLINE_SURFACE_WITH_KNOTS('',2,1,((#1995,#1996),(#1997,#1998),(#1999,#2000)),.UNSPECIFIED.,.F.,.F.,.U.,(3,3),(2,2),(0.,1.),(0.,1.),.UNSPECIFIED.);
#2002=CARTESIAN_POINT('',(19.306096677,-40.550749279,-6.397335996));
#2003=VERTEX_POINT('',#2002);
#2004=CARTESIAN_POINT('',(19.736096677,-38.330749279,-6.397335996));
#2005=CARTESIAN_POINT('',(19.736096677,-39.640749279,-6.397335996));
#2006=CARTESIAN_POINT('',(19.306096677,-40.550749279,-6.397335996));
#2007=B_SPLINE_CURVE_WITH_KNOTS('',2,(#2004,#2005,#2006),.UNSPECIFIED.,.F.,.F.,(3,3),(0.,1.),.UNSPECIFIED.);
#2008=EDGE_CURVE('',#1970,#2003,#2007,.T.);
#2009=ORIENTED_EDGE('',*,*,#2008,.T.);
#2010=CARTESIAN_POINT('',(19.306096677,-40.550749279,-5.397335996));
#2011=VERTEX_POINT('',#2010);
#2012=CARTESIAN_POINT('',(19.306096677,-40.550749279,-5.397335996));
#2013=DIRECTION('',(0.,0.,-1.));
#2014=VECTOR('',#2013,1.);
#2015=LINE('',#2012,#2014);
#2016=EDGE_CURVE('',#2011,#2003,#2015,.T.);
#2017=ORIENTED_EDGE('',*,*,#2016,.F.);
#2018=CARTESIAN_POINT('',(19.736096677,-38.330749279,-5.397335996));
#2019=CARTESIAN_POINT('',(19.736096677,-39.640749279,-5.397335996));
#2020=CARTESIAN_POINT('',(19.306096677,-40.550749279,-5.397335996));
#2021=B_SPLINE_CURVE_WITH_KNOTS('',2,(#2018,#2019,#2020),.UNSPECIFIED.,.F.,.F.,(3,3),(0.,1.),.UNSPECIFIED.);
#2022=EDGE_CURVE('',#1978,#2011,#2021,.T.);
#2023=ORIENTED_EDGE('',*,*,#2022,.F.);
#2024=ORIENTED_EDGE('',*,*,#1983,.T.);
#2025=EDGE_LOOP('',(#2009,#2017,#2023,#2024));
#2026=FACE_BOUND('',#2025,.T.);
#2027=ADVANCED_FACE('',(#2026),#2001,.F.);
#2028=CARTESIAN_POINT('',(19.306096677,-40.550749279,-5.397335996));
#2029=CARTESIAN_POINT('',(19.306096677,-40.550749279,-6.397335996));
#2030=CARTESIAN_POINT('',(18.866096677,-41.450749279,-5.397335996));
#2031=CARTESIAN_POINT('',(18.866096677,-41.450749279,-6.397335996));
#2032=CARTESIAN_POINT('',(18.126096677,-41.910749279,-5.397335996));
#2033=CARTESIAN_POINT('',(18.126096677,-41.910749279,-6.397335996));
#2034=B_SPLINE_SURFACE_WITH_KNOTS('',2,1,((#2028,#2029),(#2030,#2031),(#2032,#2033)),.UNSPECIFIED.,.F.,.F.,.U.,(3,3),(2,2),(0.,1.),(0.,1.),.UNSPECIFIED.);
#2035=CARTESIAN_POINT('',(18.126096677,-41.910749279,-6.397335996));
#2036=VERTEX_POINT('',#2035);
#2037=CARTESIAN_POINT('',(19.306096677,-40.550749279,-6.397335996));
#2038=CARTESIAN_POINT('',(18.866096677,-41.450749279,-6.397335996));
#2039=CARTESIAN_POINT('',(18.126096677,-41.910749279,-6.397335996));
#2040=B_SPLINE_CURVE_WITH_KNOTS('',2,(#2037,#2038,#2039),.UNSPECIFIED.,.F.,.F.,(3,3),(0.,1.),.UNSPECIFIED.);
#2041=EDGE_CURVE('',#2003,#2036,#2040,.T.);
#2042=ORIENTED_EDGE('',*,*,#2041,.T.);
#2043=CARTESIAN_POINT('',(18.126096677,-41.910749279,-5.397335996));
#2044=VERTEX_POINT('',#2043);
#2045=CARTESIAN_POINT('',(18.126096677,-41.910749279,-5.397335996));
#2046=DIRECTION('',(0.,0.,-1.));
#2047=VECTOR('',#2046,1.);
#2048=LINE('',#2045,#2047);
#2049=EDGE_CURVE('',#2044,#2036,#2048,.T.);
#2050=ORIENTED_EDGE('',*,*,#2049,.F.);
#2051=CARTESIAN_POINT('',(19.306096677,-40.550749279,-5.397335996));
#2052=CARTESIAN_POINT('',(18.866096677,-41.450749279,-5.397335996));
#2053=CARTESIAN_POINT('',(18.126096677,-41.910749279,-5.397335996));
#2054=B_SPLINE_CURVE_WITH_KNOTS('',2,(#2051,#2052,#2053),.UNSPECIFIED.,.F.,.F.,(3,3),(0.,1.),.UNSPECIFIED.);
#2055=EDGE_CURVE('',#2011,#2044,#2054,.T.);
#2056=ORIENTED_EDGE('',*,*,#2055,.F.);
#2057=ORIENTED_EDGE('',*,*,#2016,.T.);
#2058=EDGE_LOOP('',(#2042,#2050,#2056,#2057));
#2059=FACE_BOUND('',#2058,.T.);
#2060=ADVANCED_FACE('',(#2059),#2034,.F.);
#2061=CARTESIAN_POINT('',(18.126096677,-41.910749279,-5.397335996));
#2062=CARTESIAN_POINT('',(18.126096677,-41.910749279,-6.397335996));
#2063=CARTESIAN_POINT('',(17.376096677,-42.370749279,-5.397335996));
#2064=CARTESIAN_POINT('',(17.376096677,-42.370749279,-6.397335996));
#2065=CARTESIAN_POINT('',(16.466096677,-42.370749279,-5.397335996));
#2066=CARTESIAN_POINT('',(16.466096677,-42.370749279,-6.397335996));
#2067=B_SPLINE_SURFACE_WITH_KNOTS('',2,1,((#2061,#2062),(#2063,#2064),(#2065,#2066)),.UNSPECIFIED.,.F.,.F.,.U.,(3,3),(2,2),(0.,1.),(0.,1.),.UNSPECIFIED.);
#2068=CARTESIAN_POINT('',(16.466096677,-42.370749279,-6.397335996));
#2069=VERTEX_POINT('',#2068);
#2070=CARTESIAN_POINT('',(18.126096677,-41.910749279,-6.397335996));
#2071=CARTESIAN_POINT('',(17.376096677,-42.370749279,-6.397335996));
#2072=CARTESIAN_POINT('',(16.466096677,-42.370749279,-6.397335996));
#2073=B_SPLINE_CURVE_WITH_KNOTS('',2,(#2070,#2071,#2072),.UNSPECIFIED.,.F.,.F.,(3,3),(0.,1.),.UNSPECIFIED.);
#2074=EDGE_CURVE('',#2036,#2069,#2073,.T.);
#2075=ORIENTED_EDGE('',*,*,#2074,.T.);
#2076=CARTESIAN_POINT('',(16.466096677,-42.370749279,-5.397335996));
#2077=VERTEX_POINT('',#2076);
#2078=CARTESIAN_POINT('',(16.466096677,-42.370749279,-5.397335996));
#2079=DIRECTION('',(0.,0.,-1.));
#2080=VECTOR('',#2079,1.);
#2081=LINE('',#2078,#2080);
#2082=EDGE_CURVE('',#2077,#2069,#2081,.T.);
#2083=ORIENTED_EDGE('',*,*,#2082,.F.);
#2084=CARTESIAN_POINT('',(18.126096677,-41.910749279,-5.397335996));
#2085=CARTESIAN_POINT('',(17.376096677,-42.370749279,-5.397335996));
#2086=CARTESIAN_POINT('',(16.466096677,-42.370749279,-5.397335996));
#2087=B_SPLINE_CURVE_WITH_KNOTS('',2,(#2084,#2085,#2086),.UNSPECIFIED.,.F.,.F.,(3,3),(0.,1.),.UNSPECIFIED.);
#2088=EDGE_CURVE('',#2044,#2077,#2087,.T.);
#2089=ORIENTED_EDGE('',*,*,#2088,.F.);
#2090=ORIENTED_EDGE('',*,*,#2049,.T.);
#2091=EDGE_LOOP('',(#2075,#2083,#2089,#2090));
#2092=FACE_BOUND('',#2091,.T.);
#2093=ADVANCED_FACE('',(#2092),#2067,.F.);
#2094=CARTESIAN_POINT('',(16.466096677,-42.370749279,-5.397335996));
#2095=CARTESIAN_POINT('',(16.466096677,-42.370749279,-6.397335996));
#2096=CARTESIAN_POINT('',(15.546096677,-42.370749279,-5.397335996));
#2097=CARTESIAN_POINT('',(15.546096677,-42.370749279,-6.397335996));
#2098=CARTESIAN_POINT('',(14.806096677,-41.910749279,-5.397335996));
#2099=CARTESIAN_POINT('',(14.806096677,-41.910749279,-6.397335996));
#2100=B_SPLINE_SURFACE_WITH_KNOTS('',2,1,((#2094,#2095),(#2096,#2097),(#2098,#2099)),.UNSPECIFIED.,.F.,.F.,.U.,(3,3),(2,2),(0.,1.),(0.,1.),.UNSPECIFIED.);
#2101=CARTESIAN_POINT('',(14.806096677,-41.910749279,-6.397335996));
#2102=VERTEX_POINT('',#2101);
#2103=CARTESIAN_POINT('',(16.466096677,-42.370749279,-6.397335996));
#2104=CARTESIAN_POINT('',(15.546096677,-42.370749279,-6.397335996));
#2105=CARTESIAN_POINT('',(14.806096677,-41.910749279,-6.397335996));
#2106=B_SPLINE_CURVE_WITH_KNOTS('',2,(#2103,#2104,#2105),.UNSPECIFIED.,.F.,.F.,(3,3),(0.,1.),.UNSPECIFIED.);
#2107=EDGE_CURVE('',#2069,#2102,#2106,.T.);
#2108=ORIENTED_EDGE('',*,*,#2107,.T.);
#2109=CARTESIAN_POINT('',(14.806096677,-41.910749279,-5.397335996));
#2110=VERTEX_POINT('',#2109);
#2111=CARTESIAN_POINT('',(14.806096677,-41.910749279,-5.397335996));
#2112=DIRECTION('',(0.,0.,-1.));
#2113=VECTOR('',#2112,1.);
#2114=LINE('',#2111,#2113);
#2115=EDGE_CURVE('',#2110,#2102,#2114,.T.);
#2116=ORIENTED_EDGE('',*,*,#2115,.F.);
#2117=CARTESIAN_POINT('',(16.466096677,-42.370749279,-5.397335996));
#2118=CARTESIAN_POINT('',(15.546096677,-42.370749279,-5.397335996));
#2119=CARTESIAN_POINT('',(14.806096677,-41.910749279,-5.397335996));
#2120=B_SPLINE_CURVE_WITH_KNOTS('',2,(#2117,#2118,#2119),.UNSPECIFIED.,.F.,.F.,(3,3),(0.,1.),.UNSPECIFIED.);
#2121=EDGE_CURVE('',#2077,#2110,#2120,.T.);
#2122=ORIENTED_EDGE('',*,*,#2121,.F.);
#2123=ORIENTED_EDGE('',*,*,#2082,.T.);
#2124=EDGE_LOOP('',(#2108,#2116,#2122,#2123));
#2125=FACE_BOUND('',#2124,.T.);
#2126=ADVANCED_FACE('',(#2125),#2100,.F.);
#2127=CARTESIAN_POINT('',(14.806096677,-41.910749279,-5.397335996));
#2128=CARTESIAN_POINT('',(14.806096677,-41.910749279,-6.397335996));
#2129=CARTESIAN_POINT('',(14.066096677,-41.450749279,-5.397335996));
#2130=CARTESIAN_POINT('',(14.066096677,-41.450749279,-6.397335996));
#2131=CARTESIAN_POINT('',(13.626096677,-40.550749279,-5.397335996));
#2132=CARTESIAN_POINT('',(13.626096677,-40.550749279,-6.397335996));
#2133=B_SPLINE_SURFACE_WITH_KNOTS('',2,1,((#2127,#2128),(#2129,#2130),(#2131,#2132)),.UNSPECIFIED.,.F.,.F.,.U.,(3,3),(2,2),(0.,1.),(0.,1.),.UNSPECIFIED.);
#2134=CARTESIAN_POINT('',(13.626096677,-40.550749279,-6.397335996));
#2135=VERTEX_POINT('',#2134);
#2136=CARTESIAN_POINT('',(14.806096677,-41.910749279,-6.397335996));
#2137=CARTESIAN_POINT('',(14.066096677,-41.450749279,-6.397335996));
#2138=CARTESIAN_POINT('',(13.626096677,-40.550749279,-6.397335996));
#2139=B_SPLINE_CURVE_WITH_KNOTS('',2,(#2136,#2137,#2138),.UNSPECIFIED.,.F.,.F.,(3,3),(0.,1.),.UNSPECIFIED.);
#2140=EDGE_CURVE('',#2102,#2135,#2139,.T.);
#2141=ORIENTED_EDGE('',*,*,#2140,.T.);
#2142=CARTESIAN_POINT('',(13.626096677,-40.550749279,-5.397335996));
#2143=VERTEX_POINT('',#2142);
#2144=CARTESIAN_POINT('',(13.626096677,-40.550749279,-5.397335996));
#2145=DIRECTION('',(0.,0.,-1.));
#2146=VECTOR('',#2145,1.);
#2147=LINE('',#2144,#2146);
#2148=EDGE_CURVE('',#2143,#2135,#2147,.T.);
#2149=ORIENTED_EDGE('',*,*,#2148,.F.);
#2150=CARTESIAN_POINT('',(14.806096677,-41.910749279,-5.397335996));
#2151=CARTESIAN_POINT('',(14.066096677,-41.450749279,-5.397335996));
#2152=CARTESIAN_POINT('',(13.626096677,-40.550749279,-5.397335996));
#2153=B_SPLINE_CURVE_WITH_KNOTS('',2,(#2150,#2151,#2152),.UNSPECIFIED.,.F.,.F.,(3,3),(0.,1.),.UNSPECIFIED.);
#2154=EDGE_CURVE('',#2110,#2143,#2153,.T.);
#2155=ORIENTED_EDGE('',*,*,#2154,.F.);
#2156=ORIENTED_EDGE('',*,*,#2115,.T.);
#2157=EDGE_LOOP('',(#2141,#2149,#2155,#2156));
#2158=FACE_BOUND('',#2157,.T.);
#2159=ADVANCED_FACE('',(#2158),#2133,.F.);
#2160=CARTESIAN_POINT('',(13.626096677,-40.550749279,-5.397335996));
#2161=CARTESIAN_POINT('',(13.626096677,-40.550749279,-6.397335996));
#2162=CARTESIAN_POINT('',(13.186096677,-39.640749279,-5.397335996));
#2163=CARTESIAN_POINT('',(13.186096677,-39.640749279,-6.397335996));
#2164=CARTESIAN_POINT('',(13.186096677,-38.330749279,-5.397335996));
#2165=CARTESIAN_POINT('',(13.186096677,-38.330749279,-6.397335996));
#2166=B_SPLINE_SURFACE_WITH_KNOTS('',2,1,((#2160,#2161),(#2162,#2163),(#2164,#2165)),.UNSPECIFIED.,.F.,.F.,.U.,(3,3),(2,2),(0.,1.),(0.,1.),.UNSPECIFIED.);
#2167=CARTESIAN_POINT('',(13.186096677,-38.330749279,-6.397335996));
#2168=VERTEX_POINT('',#2167);
#2169=CARTESIAN_POINT('',(13.626096677,-40.550749279,-6.397335996));
#2170=CARTESIAN_POINT('',(13.186096677,-39.640749279,-6.397335996));
#2171=CARTESIAN_POINT('',(13.186096677,-38.330749279,-6.397335996));
#2172=B_SPLINE_CURVE_WITH_KNOTS('',2,(#2169,#2170,#2171),.UNSPECIFIED.,.F.,.F.,(3,3),(0.,1.),.UNSPECIFIED.);
#2173=EDGE_CURVE('',#2135,#2168,#2172,.T.);
#2174=ORIENTED_EDGE('',*,*,#2173,.T.);
#2175=CARTESIAN_POINT('',(13.186096677,-38.330749279,-5.397335996));
#2176=VERTEX_POINT('',#2175);
#2177=CARTESIAN_POINT('',(13.186096677,-38.330749279,-5.397335996));
#2178=DIRECTION('',(0.,0.,-1.));
#2179=VECTOR('',#2178,1.);
#2180=LINE('',#2177,#2179);
#2181=EDGE_CURVE('',#2176,#2168,#2180,.T.);
#2182=ORIENTED_EDGE('',*,*,#2181,.F.);
#2183=CARTESIAN_POINT('',(13.626096677,-40.550749279,-5.397335996));
#2184=CARTESIAN_POINT('',(13.186096677,-39.640749279,-5.397335996));
#2185=CARTESIAN_POINT('',(13.186096677,-38.330749279,-5.397335996));
#2186=B_SPLINE_CURVE_WITH_KNOTS('',2,(#2183,#2184,#2185),.UNSPECIFIED.,.F.,.F.,(3,3),(0.,1.),.UNSPECIFIED.);
#2187=EDGE_CURVE('',#2143,#2176,#2186,.T.);
#2188=ORIENTED_EDGE('',*,*,#2187,.F.);
#2189=ORIENTED_EDGE('',*,*,#2148,.T.);
#2190=EDGE_LOOP('',(#2174,#2182,#2188,#2189));
#2191=FACE_BOUND('',#2190,.T.);
#2192=ADVANCED_FACE('',(#2191),#2166,.F.);
#2193=CARTESIAN_POINT('',(13.186096677,-38.330749279,-5.397335996));
#2194=CARTESIAN_POINT('',(13.186096677,-38.330749279,-6.397335996));
#2195=CARTESIAN_POINT('',(13.186096677,-37.020749279,-5.397335996));
#2196=CARTESIAN_POINT('',(13.186096677,-37.020749279,-6.397335996));
#2197=CARTESIAN_POINT('',(13.626096677,-36.120749279,-5.397335996));
#2198=CARTESIAN_POINT('',(13.626096677,-36.120749279,-6.397335996));
#2199=B_SPLINE_SURFACE_WITH_KNOTS('',2,1,((#2193,#2194),(#2195,#2196),(#2197,#2198)),.UNSPECIFIED.,.F.,.F.,.U.,(3,3),(2,2),(0.,1.),(0.,1.),.UNSPECIFIED.);
#2200=CARTESIAN_POINT('',(13.626096677,-36.120749279,-6.397335996));
#2201=VERTEX_POINT('',#2200);
#2202=CARTESIAN_POINT('',(13.186096677,-38.330749279,-6.397335996));
#2203=CARTESIAN_POINT('',(13.186096677,-37.020749279,-6.397335996));
#2204=CARTESIAN_POINT('',(13.626096677,-36.120749279,-6.397335996));
#2205=B_SPLINE_CURVE_WITH_KNOTS('',2,(#2202,#2203,#2204),.UNSPECIFIED.,.F.,.F.,(3,3),(0.,1.),.UNSPECIFIED.);
#2206=EDGE_CURVE('',#2168,#2201,#2205,.T.);
#2207=ORIENTED_EDGE('',*,*,#2206,.T.);
#2208=CARTESIAN_POINT('',(13.626096677,-36.120749279,-5.397335996));
#2209=VERTEX_POINT('',#2208);
#2210=CARTESIAN_POINT('',(13.626096677,-36.120749279,-5.397335996));
#2211=DIRECTION('',(0.,0.,-1.));
#2212=VECTOR('',#2211,1.);
#2213=LINE('',#2210,#2212);
#2214=EDGE_CURVE('',#2209,#2201,#2213,.T.);
#2215=ORIENTED_EDGE('',*,*,#2214,.F.);
#2216=CARTESIAN_POINT('',(13.186096677,-38.330749279,-5.397335996));
#2217=CARTESIAN_POINT('',(13.186096677,-37.020749279,-5.397335996));
#2218=CARTESIAN_POINT('',(13.626096677,-36.120749279,-5.397335996));
#2219=B_SPLINE_CURVE_WITH_KNOTS('',2,(#2216,#2217,#2218),.UNSPECIFIED.,.F.,.F.,(3,3),(0.,1.),.UNSPECIFIED.);
#2220=EDGE_CURVE('',#2176,#2209,#2219,.T.);
#2221=ORIENTED_EDGE('',*,*,#2220,.F.);
#2222=ORIENTED_EDGE('',*,*,#2181,.T.);
#2223=EDGE_LOOP('',(#2207,#2215,#2221,#2222));
#2224=FACE_BOUND('',#2223,.T.);
#2225=ADVANCED_FACE('',(#2224),#2199,.F.);
#2226=CARTESIAN_POINT('',(13.626096677,-36.120749279,-5.397335996));
#2227=CARTESIAN_POINT('',(13.626096677,-36.120749279,-6.397335996));
#2228=CARTESIAN_POINT('',(14.066096677,-35.210749279,-5.397335996));
#2229=CARTESIAN_POINT('',(14.066096677,-35.210749279,-6.397335996));
#2230=CARTESIAN_POINT('',(14.806096677,-34.750749279,-5.397335996));
#2231=CARTESIAN_POINT('',(14.806096677,-34.750749279,-6.397335996));
#2232=B_SPLINE_SURFACE_WITH_KNOTS('',2,1,((#2226,#2227),(#2228,#2229),(#2230,#2231)),.UNSPECIFIED.,.F.,.F.,.U.,(3,3),(2,2),(0.,1.),(0.,1.),.UNSPECIFIED.);
#2233=CARTESIAN_POINT('',(14.806096677,-34.750749279,-6.397335996));
#2234=VERTEX_POINT('',#2233);
#2235=CARTESIAN_POINT('',(13.626096677,-36.120749279,-6.397335996));
#2236=CARTESIAN_POINT('',(14.066096677,-35.210749279,-6.397335996));
#2237=CARTESIAN_POINT('',(14.806096677,-34.750749279,-6.397335996));
#2238=B_SPLINE_CURVE_WITH_KNOTS('',2,(#2235,#2236,#2237),.UNSPECIFIED.,.F.,.F.,(3,3),(0.,1.),.UNSPECIFIED.);
#2239=EDGE_CURVE('',#2201,#2234,#2238,.T.);
#2240=ORIENTED_EDGE('',*,*,#2239,.T.);
#2241=CARTESIAN_POINT('',(14.806096677,-34.750749279,-5.397335996));
#2242=VERTEX_POINT('',#2241);
#2243=CARTESIAN_POINT('',(14.806096677,-34.750749279,-5.397335996));
#2244=DIRECTION('',(0.,0.,-1.));
#2245=VECTOR('',#2244,1.);
#2246=LINE('',#2243,#2245);
#2247=EDGE_CURVE('',#2242,#2234,#2246,.T.);
#2248=ORIENTED_EDGE('',*,*,#2247,.F.);
#2249=CARTESIAN_POINT('',(13.626096677,-36.120749279,-5.397335996));
#2250=CARTESIAN_POINT('',(14.066096677,-35.210749279,-5.397335996));
#2251=CARTESIAN_POINT('',(14.806096677,-34.750749279,-5.397335996));
#2252=B_SPLINE_CURVE_WITH_KNOTS('',2,(#2249,#2250,#2251),.UNSPECIFIED.,.F.,.F.,(3,3),(0.,1.),.UNSPECIFIED.);
#2253=EDGE_CURVE('',#2209,#2242,#2252,.T.);
#2254=ORIENTED_EDGE('',*,*,#2253,.F.);
#2255=ORIENTED_EDGE('',*,*,#2214,.T.);
#2256=EDGE_LOOP('',(#2240,#2248,#2254,#2255));
#2257=FACE_BOUND('',#2256,.T.);
#2258=ADVANCED_FACE('',(#2257),#2232,.F.);
#2259=CARTESIAN_POINT('',(18.766096677,-42.890749279,-5.397335996));
#2260=CARTESIAN_POINT('',(18.766096677,-42.890749279,-6.397335996));
#2261=CARTESIAN_POINT('',(19.766096677,-42.260749279,-5.397335996));
#2262=CARTESIAN_POINT('',(19.766096677,-42.260749279,-6.397335996));
#2263=CARTESIAN_POINT('',(20.346096677,-41.090749279,-5.397335996));
#2264=CARTESIAN_POINT('',(20.346096677,-41.090749279,-6.397335996));
#2265=B_SPLINE_SURFACE_WITH_KNOTS('',2,1,((#2259,#2260),(#2261,#2262),(#2263,#2264)),.UNSPECIFIED.,.F.,.F.,.U.,(3,3),(2,2),(0.,1.),(0.,1.),.UNSPECIFIED.);
#2266=CARTESIAN_POINT('',(18.766096677,-42.890749279,-6.397335996));
#2267=VERTEX_POINT('',#2266);
#2268=CARTESIAN_POINT('',(20.346096677,-41.090749279,-6.397335996));
#2269=VERTEX_POINT('',#2268);
#2270=CARTESIAN_POINT('',(18.766096677,-42.890749279,-6.397335996));
#2271=CARTESIAN_POINT('',(19.766096677,-42.260749279,-6.397335996));
#2272=CARTESIAN_POINT('',(20.346096677,-41.090749279,-6.397335996));
#2273=B_SPLINE_CURVE_WITH_KNOTS('',2,(#2270,#2271,#2272),.UNSPECIFIED.,.F.,.F.,(3,3),(0.,1.),.UNSPECIFIED.);
#2274=EDGE_CURVE('',#2267,#2269,#2273,.T.);
#2275=ORIENTED_EDGE('',*,*,#2274,.T.);
#2276=CARTESIAN_POINT('',(20.346096677,-41.090749279,-5.397335996));
#2277=VERTEX_POINT('',#2276);
#2278=CARTESIAN_POINT('',(20.346096677,-41.090749279,-5.397335996));
#2279=DIRECTION('',(0.,0.,-1.));
#2280=VECTOR('',#2279,1.);
#2281=LINE('',#2278,#2280);
#2282=EDGE_CURVE('',#2277,#2269,#2281,.T.);
#2283=ORIENTED_EDGE('',*,*,#2282,.F.);
#2284=CARTESIAN_POINT('',(18.766096677,-42.890749279,-5.397335996));
#2285=VERTEX_POINT('',#2284);
#2286=CARTESIAN_POINT('',(18.766096677,-42.890749279,-5.397335996));
#2287=CARTESIAN_POINT('',(19.766096677,-42.260749279,-5.397335996));
#2288=CARTESIAN_POINT('',(20.346096677,-41.090749279,-5.397335996));
#2289=B_SPLINE_CURVE_WITH_KNOTS('',2,(#2286,#2287,#2288),.UNSPECIFIED.,.F.,.F.,(3,3),(0.,1.),.UNSPECIFIED.);
#2290=EDGE_CURVE('',#2285,#2277,#2289,.T.);
#2291=ORIENTED_EDGE('',*,*,#2290,.F.);
#2292=CARTESIAN_POINT('',(18.766096677,-42.890749279,-5.397335996));
#2293=DIRECTION('',(0.,0.,-1.));
#2294=VECTOR('',#2293,1.);
#2295=LINE('',#2292,#2294);
#2296=EDGE_CURVE('',#2285,#2267,#2295,.T.);
#2297=ORIENTED_EDGE('',*,*,#2296,.T.);
#2298=EDGE_LOOP('',(#2275,#2283,#2291,#2297));
#2299=FACE_BOUND('',#2298,.T.);
#2300=ADVANCED_FACE('',(#2299),#2265,.F.);
#2301=CARTESIAN_POINT('',(20.346096677,-41.090749279,-5.397335996));
#2302=CARTESIAN_POINT('',(20.346096677,-41.090749279,-6.397335996));
#2303=CARTESIAN_POINT('',(20.926096677,-39.930749279,-5.397335996));
#2304=CARTESIAN_POINT('',(20.926096677,-39.930749279,-6.397335996));
#2305=CARTESIAN_POINT('',(20.926096677,-38.330749279,-5.397335996));
#2306=CARTESIAN_POINT('',(20.926096677,-38.330749279,-6.397335996));
#2307=B_SPLINE_SURFACE_WITH_KNOTS('',2,1,((#2301,#2302),(#2303,#2304),(#2305,#2306)),.UNSPECIFIED.,.F.,.F.,.U.,(3,3),(2,2),(0.,1.),(0.,1.),.UNSPECIFIED.);
#2308=CARTESIAN_POINT('',(20.926096677,-38.330749279,-6.397335996));
#2309=VERTEX_POINT('',#2308);
#2310=CARTESIAN_POINT('',(20.346096677,-41.090749279,-6.397335996));
#2311=CARTESIAN_POINT('',(20.926096677,-39.930749279,-6.397335996));
#2312=CARTESIAN_POINT('',(20.926096677,-38.330749279,-6.397335996));
#2313=B_SPLINE_CURVE_WITH_KNOTS('',2,(#2310,#2311,#2312),.UNSPECIFIED.,.F.,.F.,(3,3),(0.,1.),.UNSPECIFIED.);
#2314=EDGE_CURVE('',#2269,#2309,#2313,.T.);
#2315=ORIENTED_EDGE('',*,*,#2314,.T.);
#2316=CARTESIAN_POINT('',(20.926096677,-38.330749279,-5.397335996));
#2317=VERTEX_POINT('',#2316);
#2318=CARTESIAN_POINT('',(20.926096677,-38.330749279,-5.397335996));
#2319=DIRECTION('',(0.,0.,-1.));
#2320=VECTOR('',#2319,1.);
#2321=LINE('',#2318,#2320);
#2322=EDGE_CURVE('',#2317,#2309,#2321,.T.);
#2323=ORIENTED_EDGE('',*,*,#2322,.F.);
#2324=CARTESIAN_POINT('',(20.346096677,-41.090749279,-5.397335996));
#2325=CARTESIAN_POINT('',(20.926096677,-39.930749279,-5.397335996));
#2326=CARTESIAN_POINT('',(20.926096677,-38.330749279,-5.397335996));
#2327=B_SPLINE_CURVE_WITH_KNOTS('',2,(#2324,#2325,#2326),.UNSPECIFIED.,.F.,.F.,(3,3),(0.,1.),.UNSPECIFIED.);
#2328=EDGE_CURVE('',#2277,#2317,#2327,.T.);
#2329=ORIENTED_EDGE('',*,*,#2328,.F.);
#2330=ORIENTED_EDGE('',*,*,#2282,.T.);
#2331=EDGE_LOOP('',(#2315,#2323,#2329,#2330));
#2332=FACE_BOUND('',#2331,.T.);
#2333=ADVANCED_FACE('',(#2332),#2307,.F.);
#2334=CARTESIAN_POINT('',(20.926096677,-38.330749279,-5.397335996));
#2335=CARTESIAN_POINT('',(20.926096677,-38.330749279,-6.397335996));
#2336=CARTESIAN_POINT('',(20.926096677,-36.730749279,-5.397335996));
#2337=CARTESIAN_POINT('',(20.926096677,-36.730749279,-6.397335996));
#2338=CARTESIAN_POINT('',(20.346096677,-35.570749279,-5.397335996));
#2339=CARTESIAN_POINT('',(20.346096677,-35.570749279,-6.397335996));
#2340=B_SPLINE_SURFACE_WITH_KNOTS('',2,1,((#2334,#2335),(#2336,#2337),(#2338,#2339)),.UNSPECIFIED.,.F.,.F.,.U.,(3,3),(2,2),(0.,1.),(0.,1.),.UNSPECIFIED.);
#2341=CARTESIAN_POINT('',(20.346096677,-35.570749279,-6.397335996));
#2342=VERTEX_POINT('',#2341);
#2343=CARTESIAN_POINT('',(20.926096677,-38.330749279,-6.397335996));
#2344=CARTESIAN_POINT('',(20.926096677,-36.730749279,-6.397335996));
#2345=CARTESIAN_POINT('',(20.346096677,-35.570749279,-6.397335996));
#2346=B_SPLINE_CURVE_WITH_KNOTS('',2,(#2343,#2344,#2345),.UNSPECIFIED.,.F.,.F.,(3,3),(0.,1.),.UNSPECIFIED.);
#2347=EDGE_CURVE('',#2309,#2342,#2346,.T.);
#2348=ORIENTED_EDGE('',*,*,#2347,.T.);
#2349=CARTESIAN_POINT('',(20.346096677,-35.570749279,-5.397335996));
#2350=VERTEX_POINT('',#2349);
#2351=CARTESIAN_POINT('',(20.346096677,-35.570749279,-5.397335996));
#2352=DIRECTION('',(0.,0.,-1.));
#2353=VECTOR('',#2352,1.);
#2354=LINE('',#2351,#2353);
#2355=EDGE_CURVE('',#2350,#2342,#2354,.T.);
#2356=ORIENTED_EDGE('',*,*,#2355,.F.);
#2357=CARTESIAN_POINT('',(20.926096677,-38.330749279,-5.397335996));
#2358=CARTESIAN_POINT('',(20.926096677,-36.730749279,-5.397335996));
#2359=CARTESIAN_POINT('',(20.346096677,-35.570749279,-5.397335996));
#2360=B_SPLINE_CURVE_WITH_KNOTS('',2,(#2357,#2358,#2359),.UNSPECIFIED.,.F.,.F.,(3,3),(0.,1.),.UNSPECIFIED.);
#2361=EDGE_CURVE('',#2317,#2350,#2360,.T.);
#2362=ORIENTED_EDGE('',*,*,#2361,.F.);
#2363=ORIENTED_EDGE('',*,*,#2322,.T.);
#2364=EDGE_LOOP('',(#2348,#2356,#2362,#2363));
#2365=FACE_BOUND('',#2364,.T.);
#2366=ADVANCED_FACE('',(#2365),#2340,.F.);
#2367=CARTESIAN_POINT('',(20.346096677,-35.570749279,-5.397335996));
#2368=CARTESIAN_POINT('',(20.346096677,-35.570749279,-6.397335996));
#2369=CARTESIAN_POINT('',(19.766096677,-34.400749279,-5.397335996));
#2370=CARTESIAN_POINT('',(19.766096677,-34.400749279,-6.397335996));
#2371=CARTESIAN_POINT('',(18.766096677,-33.770749279,-5.397335996));
#2372=CARTESIAN_POINT('',(18.766096677,-33.770749279,-6.397335996));
#2373=B_SPLINE_SURFACE_WITH_KNOTS('',2,1,((#2367,#2368),(#2369,#2370),(#2371,#2372)),.UNSPECIFIED.,.F.,.F.,.U.,(3,3),(2,2),(0.,1.),(0.,1.),.UNSPECIFIED.);
#2374=CARTESIAN_POINT('',(18.766096677,-33.770749279,-6.397335996));
#2375=VERTEX_POINT('',#2374);
#2376=CARTESIAN_POINT('',(20.346096677,-35.570749279,-6.397335996));
#2377=CARTESIAN_POINT('',(19.766096677,-34.400749279,-6.397335996));
#2378=CARTESIAN_POINT('',(18.766096677,-33.770749279,-6.397335996));
#2379=B_SPLINE_CURVE_WITH_KNOTS('',2,(#2376,#2377,#2378),.UNSPECIFIED.,.F.,.F.,(3,3),(0.,1.),.UNSPECIFIED.);
#2380=EDGE_CURVE('',#2342,#2375,#2379,.T.);
#2381=ORIENTED_EDGE('',*,*,#2380,.T.);
#2382=CARTESIAN_POINT('',(18.766096677,-33.770749279,-5.397335996));
#2383=VERTEX_POINT('',#2382);
#2384=CARTESIAN_POINT('',(18.766096677,-33.770749279,-5.397335996));
#2385=DIRECTION('',(0.,0.,-1.));
#2386=VECTOR('',#2385,1.);
#2387=LINE('',#2384,#2386);
#2388=EDGE_CURVE('',#2383,#2375,#2387,.T.);
#2389=ORIENTED_EDGE('',*,*,#2388,.F.);
#2390=CARTESIAN_POINT('',(20.346096677,-35.570749279,-5.397335996));
#2391=CARTESIAN_POINT('',(19.766096677,-34.400749279,-5.397335996));
#2392=CARTESIAN_POINT('',(18.766096677,-33.770749279,-5.397335996));
#2393=B_SPLINE_CURVE_WITH_KNOTS('',2,(#2390,#2391,#2392),.UNSPECIFIED.,.F.,.F.,(3,3),(0.,1.),.UNSPECIFIED.);
#2394=EDGE_CURVE('',#2350,#2383,#2393,.T.);
#2395=ORIENTED_EDGE('',*,*,#2394,.F.);
#2396=ORIENTED_EDGE('',*,*,#2355,.T.);
#2397=EDGE_LOOP('',(#2381,#2389,#2395,#2396));
#2398=FACE_BOUND('',#2397,.T.);
#2399=ADVANCED_FACE('',(#2398),#2373,.F.);
#2400=CARTESIAN_POINT('',(18.766096677,-33.770749279,-5.397335996));
#2401=CARTESIAN_POINT('',(18.766096677,-33.770749279,-6.397335996));
#2402=CARTESIAN_POINT('',(17.756096677,-33.140749279,-5.397335996));
#2403=CARTESIAN_POINT('',(17.756096677,-33.140749279,-6.397335996));
#2404=CARTESIAN_POINT('',(16.466096677,-33.140749279,-5.397335996));
#2405=CARTESIAN_POINT('',(16.466096677,-33.140749279,-6.397335996));
#2406=B_SPLINE_SURFACE_WITH_KNOTS('',2,1,((#2400,#2401),(#2402,#2403),(#2404,#2405)),.UNSPECIFIED.,.F.,.F.,.U.,(3,3),(2,2),(0.,1.),(0.,1.),.UNSPECIFIED.);
#2407=CARTESIAN_POINT('',(16.466096677,-33.140749279,-6.397335996));
#2408=VERTEX_POINT('',#2407);
#2409=CARTESIAN_POINT('',(18.766096677,-33.770749279,-6.397335996));
#2410=CARTESIAN_POINT('',(17.756096677,-33.140749279,-6.397335996));
#2411=CARTESIAN_POINT('',(16.466096677,-33.140749279,-6.397335996));
#2412=B_SPLINE_CURVE_WITH_KNOTS('',2,(#2409,#2410,#2411),.UNSPECIFIED.,.F.,.F.,(3,3),(0.,1.),.UNSPECIFIED.);
#2413=EDGE_CURVE('',#2375,#2408,#2412,.T.);
#2414=ORIENTED_EDGE('',*,*,#2413,.T.);
#2415=CARTESIAN_POINT('',(16.466096677,-33.140749279,-5.397335996));
#2416=VERTEX_POINT('',#2415);
#2417=CARTESIAN_POINT('',(16.466096677,-33.140749279,-5.397335996));
#2418=DIRECTION('',(0.,0.,-1.));
#2419=VECTOR('',#2418,1.);
#2420=LINE('',#2417,#2419);
#2421=EDGE_CURVE('',#2416,#2408,#2420,.T.);
#2422=ORIENTED_EDGE('',*,*,#2421,.F.);
#2423=CARTESIAN_POINT('',(18.766096677,-33.770749279,-5.397335996));
#2424=CARTESIAN_POINT('',(17.756096677,-33.140749279,-5.397335996));
#2425=CARTESIAN_POINT('',(16.466096677,-33.140749279,-5.397335996));
#2426=B_SPLINE_CURVE_WITH_KNOTS('',2,(#2423,#2424,#2425),.UNSPECIFIED.,.F.,.F.,(3,3),(0.,1.),.UNSPECIFIED.);
#2427=EDGE_CURVE('',#2383,#2416,#2426,.T.);
#2428=ORIENTED_EDGE('',*,*,#2427,.F.);
#2429=ORIENTED_EDGE('',*,*,#2388,.T.);
#2430=EDGE_LOOP('',(#2414,#2422,#2428,#2429));
#2431=FACE_BOUND('',#2430,.T.);
#2432=ADVANCED_FACE('',(#2431),#2406,.F.);
#2433=CARTESIAN_POINT('',(16.466096677,-33.140749279,-5.397335996));
#2434=CARTESIAN_POINT('',(16.466096677,-33.140749279,-6.397335996));
#2435=CARTESIAN_POINT('',(15.176096677,-33.140749279,-5.397335996));
#2436=CARTESIAN_POINT('',(15.176096677,-33.140749279,-6.397335996));
#2437=CARTESIAN_POINT('',(14.166096677,-33.770749279,-5.397335996));
#2438=CARTESIAN_POINT('',(14.166096677,-33.770749279,-6.397335996));
#2439=B_SPLINE_SURFACE_WITH_KNOTS('',2,1,((#2433,#2434),(#2435,#2436),(#2437,#2438)),.UNSPECIFIED.,.F.,.F.,.U.,(3,3),(2,2),(0.,1.),(0.,1.),.UNSPECIFIED.);
#2440=CARTESIAN_POINT('',(14.166096677,-33.770749279,-6.397335996));
#2441=VERTEX_POINT('',#2440);
#2442=CARTESIAN_POINT('',(16.466096677,-33.140749279,-6.397335996));
#2443=CARTESIAN_POINT('',(15.176096677,-33.140749279,-6.397335996));
#2444=CARTESIAN_POINT('',(14.166096677,-33.770749279,-6.397335996));
#2445=B_SPLINE_CURVE_WITH_KNOTS('',2,(#2442,#2443,#2444),.UNSPECIFIED.,.F.,.F.,(3,3),(0.,1.),.UNSPECIFIED.);
#2446=EDGE_CURVE('',#2408,#2441,#2445,.T.);
#2447=ORIENTED_EDGE('',*,*,#2446,.T.);
#2448=CARTESIAN_POINT('',(14.166096677,-33.770749279,-5.397335996));
#2449=VERTEX_POINT('',#2448);
#2450=CARTESIAN_POINT('',(14.166096677,-33.770749279,-5.397335996));
#2451=DIRECTION('',(0.,0.,-1.));
#2452=VECTOR('',#2451,1.);
#2453=LINE('',#2450,#2452);
#2454=EDGE_CURVE('',#2449,#2441,#2453,.T.);
#2455=ORIENTED_EDGE('',*,*,#2454,.F.);
#2456=CARTESIAN_POINT('',(16.466096677,-33.140749279,-5.397335996));
#2457=CARTESIAN_POINT('',(15.176096677,-33.140749279,-5.397335996));
#2458=CARTESIAN_POINT('',(14.166096677,-33.770749279,-5.397335996));
#2459=B_SPLINE_CURVE_WITH_KNOTS('',2,(#2456,#2457,#2458),.UNSPECIFIED.,.F.,.F.,(3,3),(0.,1.),.UNSPECIFIED.);
#2460=EDGE_CURVE('',#2416,#2449,#2459,.T.);
#2461=ORIENTED_EDGE('',*,*,#2460,.F.);
#2462=ORIENTED_EDGE('',*,*,#2421,.T.);
#2463=EDGE_LOOP('',(#2447,#2455,#2461,#2462));
#2464=FACE_BOUND('',#2463,.T.);
#2465=ADVANCED_FACE('',(#2464),#2439,.F.);
#2466=CARTESIAN_POINT('',(14.166096677,-33.770749279,-5.397335996));
#2467=CARTESIAN_POINT('',(14.166096677,-33.770749279,-6.397335996));
#2468=CARTESIAN_POINT('',(13.156096677,-34.400749279,-5.397335996));
#2469=CARTESIAN_POINT('',(13.156096677,-34.400749279,-6.397335996));
#2470=CARTESIAN_POINT('',(12.586096677,-35.570749279,-5.397335996));
#2471=CARTESIAN_POINT('',(12.586096677,-35.570749279,-6.397335996));
#2472=B_SPLINE_SURFACE_WITH_KNOTS('',2,1,((#2466,#2467),(#2468,#2469),(#2470,#2471)),.UNSPECIFIED.,.F.,.F.,.U.,(3,3),(2,2),(0.,1.),(0.,1.),.UNSPECIFIED.);
#2473=CARTESIAN_POINT('',(12.586096677,-35.570749279,-6.397335996));
#2474=VERTEX_POINT('',#2473);
#2475=CARTESIAN_POINT('',(14.166096677,-33.770749279,-6.397335996));
#2476=CARTESIAN_POINT('',(13.156096677,-34.400749279,-6.397335996));
#2477=CARTESIAN_POINT('',(12.586096677,-35.570749279,-6.397335996));
#2478=B_SPLINE_CURVE_WITH_KNOTS('',2,(#2475,#2476,#2477),.UNSPECIFIED.,.F.,.F.,(3,3),(0.,1.),.UNSPECIFIED.);
#2479=EDGE_CURVE('',#2441,#2474,#2478,.T.);
#2480=ORIENTED_EDGE('',*,*,#2479,.T.);
#2481=CARTESIAN_POINT('',(12.586096677,-35.570749279,-5.397335996));
#2482=VERTEX_POINT('',#2481);
#2483=CARTESIAN_POINT('',(12.586096677,-35.570749279,-5.397335996));
#2484=DIRECTION('',(0.,0.,-1.));
#2485=VECTOR('',#2484,1.);
#2486=LINE('',#2483,#2485);
#2487=EDGE_CURVE('',#2482,#2474,#2486,.T.);
#2488=ORIENTED_EDGE('',*,*,#2487,.F.);
#2489=CARTESIAN_POINT('',(14.166096677,-33.770749279,-5.397335996));
#2490=CARTESIAN_POINT('',(13.156096677,-34.400749279,-5.397335996));
#2491=CARTESIAN_POINT('',(12.586096677,-35.570749279,-5.397335996));
#2492=B_SPLINE_CURVE_WITH_KNOTS('',2,(#2489,#2490,#2491),.UNSPECIFIED.,.F.,.F.,(3,3),(0.,1.),.UNSPECIFIED.);
#2493=EDGE_CURVE('',#2449,#2482,#2492,.T.);
#2494=ORIENTED_EDGE('',*,*,#2493,.F.);
#2495=ORIENTED_EDGE('',*,*,#2454,.T.);
#2496=EDGE_LOOP('',(#2480,#2488,#2494,#2495));
#2497=FACE_BOUND('',#2496,.T.);
#2498=ADVANCED_FACE('',(#2497),#2472,.F.);
#2499=CARTESIAN_POINT('',(12.586096677,-35.570749279,-5.397335996));
#2500=CARTESIAN_POINT('',(12.586096677,-35.570749279,-6.397335996));
#2501=CARTESIAN_POINT('',(12.006096677,-36.730749279,-5.397335996));
#2502=CARTESIAN_POINT('',(12.006096677,-36.730749279,-6.397335996));
#2503=CARTESIAN_POINT('',(12.006096677,-38.330749279,-5.397335996));
#2504=CARTESIAN_POINT('',(12.006096677,-38.330749279,-6.397335996));
#2505=B_SPLINE_SURFACE_WITH_KNOTS('',2,1,((#2499,#2500),(#2501,#2502),(#2503,#2504)),.UNSPECIFIED.,.F.,.F.,.U.,(3,3),(2,2),(0.,1.),(0.,1.),.UNSPECIFIED.);
#2506=CARTESIAN_POINT('',(12.006096677,-38.330749279,-6.397335996));
#2507=VERTEX_POINT('',#2506);
#2508=CARTESIAN_POINT('',(12.586096677,-35.570749279,-6.397335996));
#2509=CARTESIAN_POINT('',(12.006096677,-36.730749279,-6.397335996));
#2510=CARTESIAN_POINT('',(12.006096677,-38.330749279,-6.397335996));
#2511=B_SPLINE_CURVE_WITH_KNOTS('',2,(#2508,#2509,#2510),.UNSPECIFIED.,.F.,.F.,(3,3),(0.,1.),.UNSPECIFIED.);
#2512=EDGE_CURVE('',#2474,#2507,#2511,.T.);
#2513=ORIENTED_EDGE('',*,*,#2512,.T.);
#2514=CARTESIAN_POINT('',(12.006096677,-38.330749279,-5.397335996));
#2515=VERTEX_POINT('',#2514);
#2516=CARTESIAN_POINT('',(12.006096677,-38.330749279,-5.397335996));
#2517=DIRECTION('',(0.,0.,-1.));
#2518=VECTOR('',#2517,1.);
#2519=LINE('',#2516,#2518);
#2520=EDGE_CURVE('',#2515,#2507,#2519,.T.);
#2521=ORIENTED_EDGE('',*,*,#2520,.F.);
#2522=CARTESIAN_POINT('',(12.586096677,-35.570749279,-5.397335996));
#2523=CARTESIAN_POINT('',(12.006096677,-36.730749279,-5.397335996));
#2524=CARTESIAN_POINT('',(12.006096677,-38.330749279,-5.397335996));
#2525=B_SPLINE_CURVE_WITH_KNOTS('',2,(#2522,#2523,#2524),.UNSPECIFIED.,.F.,.F.,(3,3),(0.,1.),.UNSPECIFIED.);
#2526=EDGE_CURVE('',#2482,#2515,#2525,.T.);
#2527=ORIENTED_EDGE('',*,*,#2526,.F.);
#2528=ORIENTED_EDGE('',*,*,#2487,.T.);
#2529=EDGE_LOOP('',(#2513,#2521,#2527,#2528));
#2530=FACE_BOUND('',#2529,.T.);
#2531=ADVANCED_FACE('',(#2530),#2505,.F.);
#2532=CARTESIAN_POINT('',(12.006096677,-38.330749279,-5.397335996));
#2533=CARTESIAN_POINT('',(12.006096677,-38.330749279,-6.397335996));
#2534=CARTESIAN_POINT('',(12.006096677,-39.930749279,-5.397335996));
#2535=CARTESIAN_POINT('',(12.006096677,-39.930749279,-6.397335996));
#2536=CARTESIAN_POINT('',(12.586096677,-41.090749279,-5.397335996));
#2537=CARTESIAN_POINT('',(12.586096677,-41.090749279,-6.397335996));
#2538=B_SPLINE_SURFACE_WITH_KNOTS('',2,1,((#2532,#2533),(#2534,#2535),(#2536,#2537)),.UNSPECIFIED.,.F.,.F.,.U.,(3,3),(2,2),(0.,1.),(0.,1.),.UNSPECIFIED.);
#2539=CARTESIAN_POINT('',(12.586096677,-41.090749279,-6.397335996));
#2540=VERTEX_POINT('',#2539);
#2541=CARTESIAN_POINT('',(12.006096677,-38.330749279,-6.397335996));
#2542=CARTESIAN_POINT('',(12.006096677,-39.930749279,-6.397335996));
#2543=CARTESIAN_POINT('',(12.586096677,-41.090749279,-6.397335996));
#2544=B_SPLINE_CURVE_WITH_KNOTS('',2,(#2541,#2542,#2543),.UNSPECIFIED.,.F.,.F.,(3,3),(0.,1.),.UNSPECIFIED.);
#2545=EDGE_CURVE('',#2507,#2540,#2544,.T.);
#2546=ORIENTED_EDGE('',*,*,#2545,.T.);
#2547=CARTESIAN_POINT('',(12.586096677,-41.090749279,-5.397335996));
#2548=VERTEX_POINT('',#2547);
#2549=CARTESIAN_POINT('',(12.586096677,-41.090749279,-5.397335996));
#2550=DIRECTION('',(0.,0.,-1.));
#2551=VECTOR('',#2550,1.);
#2552=LINE('',#2549,#2551);
#2553=EDGE_CURVE('',#2548,#2540,#2552,.T.);
#2554=ORIENTED_EDGE('',*,*,#2553,.F.);
#2555=CARTESIAN_POINT('',(12.006096677,-38.330749279,-5.397335996));
#2556=CARTESIAN_POINT('',(12.006096677,-39.930749279,-5.397335996));
#2557=CARTESIAN_POINT('',(12.586096677,-41.090749279,-5.397335996));
#2558=B_SPLINE_CURVE_WITH_KNOTS('',2,(#2555,#2556,#2557),.UNSPECIFIED.,.F.,.F.,(3,3),(0.,1.),.UNSPECIFIED.);
#2559=EDGE_CURVE('',#2515,#2548,#2558,.T.);
#2560=ORIENTED_EDGE('',*,*,#2559,.F.);
#2561=ORIENTED_EDGE('',*,*,#2520,.T.);
#2562=EDGE_LOOP('',(#2546,#2554,#2560,#2561));
#2563=FACE_BOUND('',#2562,.T.);
#2564=ADVANCED_FACE('',(#2563),#2538,.F.);
#2565=CARTESIAN_POINT('',(12.586096677,-41.090749279,-5.397335996));
#2566=CARTESIAN_POINT('',(12.586096677,-41.090749279,-6.397335996));
#2567=CARTESIAN_POINT('',(13.156096677,-42.260749279,-5.397335996));
#2568=CARTESIAN_POINT('',(13.156096677,-42.260749279,-6.397335996));
#2569=CARTESIAN_POINT('',(14.166096677,-42.890749279,-5.397335996));
#2570=CARTESIAN_POINT('',(14.166096677,-42.890749279,-6.397335996));
#2571=B_SPLINE_SURFACE_WITH_KNOTS('',2,1,((#2565,#2566),(#2567,#2568),(#2569,#2570)),.UNSPECIFIED.,.F.,.F.,.U.,(3,3),(2,2),(0.,1.),(0.,1.),.UNSPECIFIED.);
#2572=CARTESIAN_POINT('',(14.166096677,-42.890749279,-6.397335996));
#2573=VERTEX_POINT('',#2572);
#2574=CARTESIAN_POINT('',(12.586096677,-41.090749279,-6.397335996));
#2575=CARTESIAN_POINT('',(13.156096677,-42.260749279,-6.397335996));
#2576=CARTESIAN_POINT('',(14.166096677,-42.890749279,-6.397335996));
#2577=B_SPLINE_CURVE_WITH_KNOTS('',2,(#2574,#2575,#2576),.UNSPECIFIED.,.F.,.F.,(3,3),(0.,1.),.UNSPECIFIED.);
#2578=EDGE_CURVE('',#2540,#2573,#2577,.T.);
#2579=ORIENTED_EDGE('',*,*,#2578,.T.);
#2580=CARTESIAN_POINT('',(14.166096677,-42.890749279,-5.397335996));
#2581=VERTEX_POINT('',#2580);
#2582=CARTESIAN_POINT('',(14.166096677,-42.890749279,-5.397335996));
#2583=DIRECTION('',(0.,0.,-1.));
#2584=VECTOR('',#2583,1.);
#2585=LINE('',#2582,#2584);
#2586=EDGE_CURVE('',#2581,#2573,#2585,.T.);
#2587=ORIENTED_EDGE('',*,*,#2586,.F.);
#2588=CARTESIAN_POINT('',(12.586096677,-41.090749279,-5.397335996));
#2589=CARTESIAN_POINT('',(13.156096677,-42.260749279,-5.397335996));
#2590=CARTESIAN_POINT('',(14.166096677,-42.890749279,-5.397335996));
#2591=B_SPLINE_CURVE_WITH_KNOTS('',2,(#2588,#2589,#2590),.UNSPECIFIED.,.F.,.F.,(3,3),(0.,1.),.UNSPECIFIED.);
#2592=EDGE_CURVE('',#2548,#2581,#2591,.T.);
#2593=ORIENTED_EDGE('',*,*,#2592,.F.);
#2594=ORIENTED_EDGE('',*,*,#2553,.T.);
#2595=EDGE_LOOP('',(#2579,#2587,#2593,#2594));
#2596=FACE_BOUND('',#2595,.T.);
#2597=ADVANCED_FACE('',(#2596),#2571,.F.);
#2598=CARTESIAN_POINT('',(14.166096677,-42.890749279,-5.397335996));
#2599=CARTESIAN_POINT('',(14.166096677,-42.890749279,-6.397335996));
#2600=CARTESIAN_POINT('',(15.176096677,-43.520749279,-5.397335996));
#2601=CARTESIAN_POINT('',(15.176096677,-43.520749279,-6.397335996));
#2602=CARTESIAN_POINT('',(16.466096677,-43.520749279,-5.397335996));
#2603=CARTESIAN_POINT('',(16.466096677,-43.520749279,-6.397335996));
#2604=B_SPLINE_SURFACE_WITH_KNOTS('',2,1,((#2598,#2599),(#2600,#2601),(#2602,#2603)),.UNSPECIFIED.,.F.,.F.,.U.,(3,3),(2,2),(0.,1.),(0.,1.),.UNSPECIFIED.);
#2605=CARTESIAN_POINT('',(16.466096677,-43.520749279,-6.397335996));
#2606=VERTEX_POINT('',#2605);
#2607=CARTESIAN_POINT('',(14.166096677,-42.890749279,-6.397335996));
#2608=CARTESIAN_POINT('',(15.176096677,-43.520749279,-6.397335996));
#2609=CARTESIAN_POINT('',(16.466096677,-43.520749279,-6.397335996));
#2610=B_SPLINE_CURVE_WITH_KNOTS('',2,(#2607,#2608,#2609),.UNSPECIFIED.,.F.,.F.,(3,3),(0.,1.),.UNSPECIFIED.);
#2611=EDGE_CURVE('',#2573,#2606,#2610,.T.);
#2612=ORIENTED_EDGE('',*,*,#2611,.T.);
#2613=CARTESIAN_POINT('',(16.466096677,-43.520749279,-5.397335996));
#2614=VERTEX_POINT('',#2613);
#2615=CARTESIAN_POINT('',(16.466096677,-43.520749279,-5.397335996));
#2616=DIRECTION('',(0.,0.,-1.));
#2617=VECTOR('',#2616,1.);
#2618=LINE('',#2615,#2617);
#2619=EDGE_CURVE('',#2614,#2606,#2618,.T.);
#2620=ORIENTED_EDGE('',*,*,#2619,.F.);
#2621=CARTESIAN_POINT('',(14.166096677,-42.890749279,-5.397335996));
#2622=CARTESIAN_POINT('',(15.176096677,-43.520749279,-5.397335996));
#2623=CARTESIAN_POINT('',(16.466096677,-43.520749279,-5.397335996));
#2624=B_SPLINE_CURVE_WITH_KNOTS('',2,(#2621,#2622,#2623),.UNSPECIFIED.,.F.,.F.,(3,3),(0.,1.),.UNSPECIFIED.);
#2625=EDGE_CURVE('',#2581,#2614,#2624,.T.);
#2626=ORIENTED_EDGE('',*,*,#2625,.F.);
#2627=ORIENTED_EDGE('',*,*,#2586,.T.);
#2628=EDGE_LOOP('',(#2612,#2620,#2626,#2627));
#2629=FACE_BOUND('',#2628,.T.);
#2630=ADVANCED_FACE('',(#2629),#2604,.F.);
#2631=CARTESIAN_POINT('',(16.466096677,-43.520749279,-5.397335996));
#2632=CARTESIAN_POINT('',(16.466096677,-43.520749279,-6.397335996));
#2633=CARTESIAN_POINT('',(17.756096677,-43.520749279,-5.397335996));
#2634=CARTESIAN_POINT('',(17.756096677,-43.520749279,-6.397335996));
#2635=CARTESIAN_POINT('',(18.766096677,-42.890749279,-5.397335996));
#2636=CARTESIAN_POINT('',(18.766096677,-42.890749279,-6.397335996));
#2637=B_SPLINE_SURFACE_WITH_KNOTS('',2,1,((#2631,#2632),(#2633,#2634),(#2635,#2636)),.UNSPECIFIED.,.F.,.F.,.U.,(3,3),(2,2),(0.,1.),(0.,1.),.UNSPECIFIED.);
#2638=CARTESIAN_POINT('',(16.466096677,-43.520749279,-6.397335996));
#2639=CARTESIAN_POINT('',(17.756096677,-43.520749279,-6.397335996));
#2640=CARTESIAN_POINT('',(18.766096677,-42.890749279,-6.397335996));
#2641=B_SPLINE_CURVE_WITH_KNOTS('',2,(#2638,#2639,#2640),.UNSPECIFIED.,.F.,.F.,(3,3),(0.,1.),.UNSPECIFIED.);
#2642=EDGE_CURVE('',#2606,#2267,#2641,.T.);
#2643=ORIENTED_EDGE('',*,*,#2642,.T.);
#2644=ORIENTED_EDGE('',*,*,#2296,.F.);
#2645=CARTESIAN_POINT('',(16.466096677,-43.520749279,-5.397335996));
#2646=CARTESIAN_POINT('',(17.756096677,-43.520749279,-5.397335996));
#2647=CARTESIAN_POINT('',(18.766096677,-42.890749279,-5.397335996));
#2648=B_SPLINE_CURVE_WITH_KNOTS('',2,(#2645,#2646,#2647),.UNSPECIFIED.,.F.,.F.,(3,3),(0.,1.),.UNSPECIFIED.);
#2649=EDGE_CURVE('',#2614,#2285,#2648,.T.);
#2650=ORIENTED_EDGE('',*,*,#2649,.F.);
#2651=ORIENTED_EDGE('',*,*,#2619,.T.);
#2652=EDGE_LOOP('',(#2643,#2644,#2650,#2651));
#2653=FACE_BOUND('',#2652,.T.);
#2654=ADVANCED_FACE('',(#2653),#2637,.F.);
#2655=CARTESIAN_POINT('',(14.806096677,-34.750749279,-5.397335996));
#2656=CARTESIAN_POINT('',(14.806096677,-34.750749279,-6.397335996));
#2657=CARTESIAN_POINT('',(15.546096677,-34.290749279,-5.397335996));
#2658=CARTESIAN_POINT('',(15.546096677,-34.290749279,-6.397335996));
#2659=CARTESIAN_POINT('',(16.466096677,-34.290749279,-5.397335996));
#2660=CARTESIAN_POINT('',(16.466096677,-34.290749279,-6.397335996));
#2661=B_SPLINE_SURFACE_WITH_KNOTS('',2,1,((#2655,#2656),(#2657,#2658),(#2659,#2660)),.UNSPECIFIED.,.F.,.F.,.U.,(3,3),(2,2),(0.,1.),(0.,1.),.UNSPECIFIED.);
#2662=CARTESIAN_POINT('',(14.806096677,-34.750749279,-6.397335996));
#2663=CARTESIAN_POINT('',(15.546096677,-34.290749279,-6.397335996));
#2664=CARTESIAN_POINT('',(16.466096677,-34.290749279,-6.397335996));
#2665=B_SPLINE_CURVE_WITH_KNOTS('',2,(#2662,#2663,#2664),.UNSPECIFIED.,.F.,.F.,(3,3),(0.,1.),.UNSPECIFIED.);
#2666=EDGE_CURVE('',#2234,#1895,#2665,.T.);
#2667=ORIENTED_EDGE('',*,*,#2666,.T.);
#2668=ORIENTED_EDGE('',*,*,#1924,.F.);
#2669=CARTESIAN_POINT('',(14.806096677,-34.750749279,-5.397335996));
#2670=CARTESIAN_POINT('',(15.546096677,-34.290749279,-5.397335996));
#2671=CARTESIAN_POINT('',(16.466096677,-34.290749279,-5.397335996));
#2672=B_SPLINE_CURVE_WITH_KNOTS('',2,(#2669,#2670,#2671),.UNSPECIFIED.,.F.,.F.,(3,3),(0.,1.),.UNSPECIFIED.);
#2673=EDGE_CURVE('',#2242,#1913,#2672,.T.);
#2674=ORIENTED_EDGE('',*,*,#2673,.F.);
#2675=ORIENTED_EDGE('',*,*,#2247,.T.);
#2676=EDGE_LOOP('',(#2667,#2668,#2674,#2675));
#2677=FACE_BOUND('',#2676,.T.);
#2678=ADVANCED_FACE('',(#2677),#2661,.F.);
#2679=CARTESIAN_POINT('',(-14.693903323,-38.330749279,-5.397335996));
#2680=DIRECTION('',(0.,0.,1.));
#2681=DIRECTION('',(0.,-1.,0.));
#2682=AXIS2_PLACEMENT_3D('',#2679,#2680,#2681);
#2683=PLANE('',#2682);
#2684=ORIENTED_EDGE('',*,*,#2290,.T.);
#2685=ORIENTED_EDGE('',*,*,#2328,.T.);
#2686=ORIENTED_EDGE('',*,*,#2361,.T.);
#2687=ORIENTED_EDGE('',*,*,#2394,.T.);
#2688=ORIENTED_EDGE('',*,*,#2427,.T.);
#2689=ORIENTED_EDGE('',*,*,#2460,.T.);
#2690=ORIENTED_EDGE('',*,*,#2493,.T.);
#2691=ORIENTED_EDGE('',*,*,#2526,.T.);
#2692=ORIENTED_EDGE('',*,*,#2559,.T.);
#2693=ORIENTED_EDGE('',*,*,#2592,.T.);
#2694=ORIENTED_EDGE('',*,*,#2625,.T.);
#2695=ORIENTED_EDGE('',*,*,#2649,.T.);
#2696=EDGE_LOOP('',(#2684,#2685,#2686,#2687,#2688,#2689,#2690,#2691,#2692,#2693,#2694,#2695));
#2697=FACE_BOUND('',#2696,.T.);
#2698=ORIENTED_EDGE('',*,*,#1918,.T.);
#2699=ORIENTED_EDGE('',*,*,#1956,.T.);
#2700=ORIENTED_EDGE('',*,*,#1989,.T.);
#2701=ORIENTED_EDGE('',*,*,#2022,.T.);
#2702=ORIENTED_EDGE('',*,*,#2055,.T.);
#2703=ORIENTED_EDGE('',*,*,#2088,.T.);
#2704=ORIENTED_EDGE('',*,*,#2121,.T.);
#2705=ORIENTED_EDGE('',*,*,#2154,.T.);
#2706=ORIENTED_EDGE('',*,*,#2187,.T.);
#2707=ORIENTED_EDGE('',*,*,#2220,.T.);
#2708=ORIENTED_EDGE('',*,*,#2253,.T.);
#2709=ORIENTED_EDGE('',*,*,#2673,.T.);
#2710=EDGE_LOOP('',(#2698,#2699,#2700,#2701,#2702,#2703,#2704,#2705,#2706,#2707,#2708,#2709));
#2711=FACE_BOUND('',#2710,.T.);
#2712=ADVANCED_FACE('',(#2697,#2711),#2683,.T.);
#2713=CARTESIAN_POINT('',(-14.693903323,-38.330749279,-6.397335996));
#2714=DIRECTION('',(0.,0.,1.));
#2715=DIRECTION('',(0.,-1.,0.));
#2716=AXIS2_PLACEMENT_3D('',#2713,#2714,#2715);
#2717=PLANE('',#2716);
#2718=ORIENTED_EDGE('',*,*,#2274,.F.);
#2719=ORIENTED_EDGE('',*,*,#2642,.F.);
#2720=ORIENTED_EDGE('',*,*,#2611,.F.);
#2721=ORIENTED_EDGE('',*,*,#2578,.F.);
#2722=ORIENTED_EDGE('',*,*,#2545,.F.);
#2723=ORIENTED_EDGE('',*,*,#2512,.F.);
#2724=ORIENTED_EDGE('',*,*,#2479,.F.);
#2725=ORIENTED_EDGE('',*,*,#2446,.F.);
#2726=ORIENTED_EDGE('',*,*,#2413,.F.);
#2727=ORIENTED_EDGE('',*,*,#2380,.F.);
#2728=ORIENTED_EDGE('',*,*,#2347,.F.);
#2729=ORIENTED_EDGE('',*,*,#2314,.F.);
#2730=EDGE_LOOP('',(#2718,#2719,#2720,#2721,#2722,#2723,#2724,#2725,#2726,#2727,#2728,#2729));
#2731=FACE_BOUND('',#2730,.T.);
#2732=ORIENTED_EDGE('',*,*,#1902,.F.);
#2733=ORIENTED_EDGE('',*,*,#2666,.F.);
#2734=ORIENTED_EDGE('',*,*,#2239,.F.);
#2735=ORIENTED_EDGE('',*,*,#2206,.F.);
#2736=ORIENTED_EDGE('',*,*,#2173,.F.);
#2737=ORIENTED_EDGE('',*,*,#2140,.F.);
#2738=ORIENTED_EDGE('',*,*,#2107,.F.);
#2739=ORIENTED_EDGE('',*,*,#2074,.F.);
#2740=ORIENTED_EDGE('',*,*,#2041,.F.);
#2741=ORIENTED_EDGE('',*,*,#2008,.F.);
#2742=ORIENTED_EDGE('',*,*,#1975,.F.);
#2743=ORIENTED_EDGE('',*,*,#1942,.F.);
#2744=EDGE_LOOP('',(#2732,#2733,#2734,#2735,#2736,#2737,#2738,#2739,#2740,#2741,#2742,#2743));
#2745=FACE_BOUND('',#2744,.T.);
#2746=ADVANCED_FACE('',(#2731,#2745),#2717,.F.);
#2747=CLOSED_SHELL('',(#1928,#1961,#1994,#2027,#2060,#2093,#2126,#2159,#2192,#2225,#2258,#2300,#2333,#2366,#2399,#2432,#2465,#2498,#2531,#2564,#2597,#2630,#2654,#2678,#2712,#2746));
#2748=MANIFOLD_SOLID_BREP('O',#2747);
#1886=STYLED_ITEM('',(),#2748);
#2750=CARTESIAN_POINT('',(29.146096677,-34.370749279,-5.397335996));
#2751=DIRECTION('',(-1.,0.,0.));
#2752=DIRECTION('',(0.,0.,1.));
#2753=AXIS2_PLACEMENT_3D('',#2750,#2751,#2752);
#2754=PLANE('',#2753);
#2755=CARTESIAN_POINT('',(29.146096677,-34.370749279,-6.397335996));
#2756=VERTEX_POINT('',#2755);
#2757=CARTESIAN_POINT('',(29.146096677,-33.280749279,-6.397335996));
#2758=VERTEX_POINT('',#2757);
#2759=CARTESIAN_POINT('',(29.146096677,-34.370749279,-6.397335996));
#2760=DIRECTION('',(0.,1.,0.));
#2761=VECTOR('',#2760,1.09);
#2762=LINE('',#2759,#2761);
#2763=EDGE_CURVE('',#2756,#2758,#2762,.T.);
#2764=ORIENTED_EDGE('',*,*,#2763,.T.);
#2765=CARTESIAN_POINT('',(29.146096677,-33.280749279,-5.397335996));
#2766=VERTEX_POINT('',#2765);
#2767=CARTESIAN_POINT('',(29.146096677,-33.280749279,-5.397335996));
#2768=DIRECTION('',(0.,0.,-1.));
#2769=VECTOR('',#2768,1.);
#2770=LINE('',#2767,#2769);
#2771=EDGE_CURVE('',#2766,#2758,#2770,.T.);
#2772=ORIENTED_EDGE('',*,*,#2771,.F.);
#2773=CARTESIAN_POINT('',(29.146096677,-34.370749279,-5.397335996));
#2774=VERTEX_POINT('',#2773);
#2775=CARTESIAN_POINT('',(29.146096677,-34.370749279,-5.397335996));
#2776=DIRECTION('',(0.,1.,0.));
#2777=VECTOR('',#2776,1.09);
#2778=LINE('',#2775,#2777);
#2779=EDGE_CURVE('',#2774,#2766,#2778,.T.);
#2780=ORIENTED_EDGE('',*,*,#2779,.F.);
#2781=CARTESIAN_POINT('',(29.146096677,-34.370749279,-5.397335996));
#2782=DIRECTION('',(0.,0.,-1.));
#2783=VECTOR('',#2782,1.);
#2784=LINE('',#2781,#2783);
#2785=EDGE_CURVE('',#2774,#2756,#2784,.T.);
#2786=ORIENTED_EDGE('',*,*,#2785,.T.);
#2787=EDGE_LOOP('',(#2764,#2772,#2780,#2786));
#2788=FACE_BOUND('',#2787,.T.);
#2789=ADVANCED_FACE('',(#2788),#2754,.F.);
#2790=CARTESIAN_POINT('',(29.146096677,-33.280749279,-5.397335996));
#2791=DIRECTION('',(0.,-1.,0.));
#2792=DIRECTION('',(0.,0.,-1.));
#2793=AXIS2_PLACEMENT_3D('',#2790,#2791,#2792);
#2794=PLANE('',#2793);
#2795=CARTESIAN_POINT('',(22.966096677,-33.280749279,-6.397335996));
#2796=VERTEX_POINT('',#2795);
#2797=CARTESIAN_POINT('',(29.146096677,-33.280749279,-6.397335996));
#2798=DIRECTION('',(-1.,0.,0.));
#2799=VECTOR('',#2798,6.18);
#2800=LINE('',#2797,#2799);
#2801=EDGE_CURVE('',#2758,#2796,#2800,.T.);
#2802=ORIENTED_EDGE('',*,*,#2801,.T.);
#2803=CARTESIAN_POINT('',(22.966096677,-33.280749279,-5.397335996));
#2804=VERTEX_POINT('',#2803);
#2805=CARTESIAN_POINT('',(22.966096677,-33.280749279,-5.397335996));
#2806=DIRECTION('',(0.,0.,-1.));
#2807=VECTOR('',#2806,1.);
#2808=LINE('',#2805,#2807);
#2809=EDGE_CURVE('',#2804,#2796,#2808,.T.);
#2810=ORIENTED_EDGE('',*,*,#2809,.F.);
#2811=CARTESIAN_POINT('',(29.146096677,-33.280749279,-5.397335996));
#2812=DIRECTION('',(-1.,0.,0.));
#2813=VECTOR('',#2812,6.18);
#2814=LINE('',#2811,#2813);
#2815=EDGE_CURVE('',#2766,#2804,#2814,.T.);
#2816=ORIENTED_EDGE('',*,*,#2815,.F.);
#2817=ORIENTED_EDGE('',*,*,#2771,.T.);
#2818=EDGE_LOOP('',(#2802,#2810,#2816,#2817));
#2819=FACE_BOUND('',#2818,.T.);
#2820=ADVANCED_FACE('',(#2819),#2794,.F.);
#2821=CARTESIAN_POINT('',(22.966096677,-33.280749279,-5.397335996));
#2822=DIRECTION('',(1.,0.,0.));
#2823=DIRECTION('',(0.,0.,-1.));
#2824=AXIS2_PLACEMENT_3D('',#2821,#2822,#2823);
#2825=PLANE('',#2824);
#2826=CARTESIAN_POINT('',(22.966096677,-43.380749279,-6.397335996));
#2827=VERTEX_POINT('',#2826);
#2828=CARTESIAN_POINT('',(22.966096677,-33.280749279,-6.397335996));
#2829=DIRECTION('',(0.,-1.,0.));
#2830=VECTOR('',#2829,10.1);
#2831=LINE('',#2828,#2830);
#2832=EDGE_CURVE('',#2796,#2827,#2831,.T.);
#2833=ORIENTED_EDGE('',*,*,#2832,.T.);
#2834=CARTESIAN_POINT('',(22.966096677,-43.380749279,-5.397335996));
#2835=VERTEX_POINT('',#2834);
#2836=CARTESIAN_POINT('',(22.966096677,-43.380749279,-5.397335996));
#2837=DIRECTION('',(0.,0.,-1.));
#2838=VECTOR('',#2837,1.);
#2839=LINE('',#2836,#2838);
#2840=EDGE_CURVE('',#2835,#2827,#2839,.T.);
#2841=ORIENTED_EDGE('',*,*,#2840,.F.);
#2842=CARTESIAN_POINT('',(22.966096677,-33.280749279,-5.397335996));
#2843=DIRECTION('',(0.,-1.,0.));
#2844=VECTOR('',#2843,10.1);
#2845=LINE('',#2842,#2844);
#2846=EDGE_CURVE('',#2804,#2835,#2845,.T.);
#2847=ORIENTED_EDGE('',*,*,#2846,.F.);
#2848=ORIENTED_EDGE('',*,*,#2809,.T.);
#2849=EDGE_LOOP('',(#2833,#2841,#2847,#2848));
#2850=FACE_BOUND('',#2849,.T.);
#2851=ADVANCED_FACE('',(#2850),#2825,.F.);
#2852=CARTESIAN_POINT('',(22.966096677,-43.380749279,-5.397335996));
#2853=DIRECTION('',(0.,1.,0.));
#2854=DIRECTION('',(0.,0.,1.));
#2855=AXIS2_PLACEMENT_3D('',#2852,#2853,#2854);
#2856=PLANE('',#2855);
#2857=CARTESIAN_POINT('',(29.066096677,-43.380749279,-6.397335996));
#2858=VERTEX_POINT('',#2857);
#2859=CARTESIAN_POINT('',(22.966096677,-43.380749279,-6.397335996));
#2860=DIRECTION('',(1.,0.,-0.));
#2861=VECTOR('',#2860,6.1);
#2862=LINE('',#2859,#2861);
#2863=EDGE_CURVE('',#2827,#2858,#2862,.T.);
#2864=ORIENTED_EDGE('',*,*,#2863,.T.);
#2865=CARTESIAN_POINT('',(29.066096677,-43.380749279,-5.397335996));
#2866=VERTEX_POINT('',#2865);
#2867=CARTESIAN_POINT('',(29.066096677,-43.380749279,-5.397335996));
#2868=DIRECTION('',(0.,0.,-1.));
#2869=VECTOR('',#2868,1.);
#2870=LINE('',#2867,#2869);
#2871=EDGE_CURVE('',#2866,#2858,#2870,.T.);
#2872=ORIENTED_EDGE('',*,*,#2871,.F.);
#2873=CARTESIAN_POINT('',(22.966096677,-43.380749279,-5.397335996));
#2874=DIRECTION('',(1.,0.,-0.));
#2875=VECTOR('',#2874,6.1);
#2876=LINE('',#2873,#2875);
#2877=EDGE_CURVE('',#2835,#2866,#2876,.T.);
#2878=ORIENTED_EDGE('',*,*,#2877,.F.);
#2879=ORIENTED_EDGE('',*,*,#2840,.T.);
#2880=EDGE_LOOP('',(#2864,#2872,#2878,#2879));
#2881=FACE_BOUND('',#2880,.T.);
#2882=ADVANCED_FACE('',(#2881),#2856,.F.);
#2883=CARTESIAN_POINT('',(29.066096677,-43.380749279,-5.397335996));
#2884=DIRECTION('',(-1.,0.,0.));
#2885=DIRECTION('',(0.,0.,1.));
#2886=AXIS2_PLACEMENT_3D('',#2883,#2884,#2885);
#2887=PLANE('',#2886);
#2888=CARTESIAN_POINT('',(29.066096677,-42.300749279,-6.397335996));
#2889=VERTEX_POINT('',#2888);
#2890=CARTESIAN_POINT('',(29.066096677,-43.380749279,-6.397335996));
#2891=DIRECTION('',(0.,1.,0.));
#2892=VECTOR('',#2891,1.08);
#2893=LINE('',#2890,#2892);
#2894=EDGE_CURVE('',#2858,#2889,#2893,.T.);
#2895=ORIENTED_EDGE('',*,*,#2894,.T.);
#2896=CARTESIAN_POINT('',(29.066096677,-42.300749279,-5.397335996));
#2897=VERTEX_POINT('',#2896);
#2898=CARTESIAN_POINT('',(29.066096677,-42.300749279,-5.397335996));
#2899=DIRECTION('',(0.,0.,-1.));
#2900=VECTOR('',#2899,1.);
#2901=LINE('',#2898,#2900);
#2902=EDGE_CURVE('',#2897,#2889,#2901,.T.);
#2903=ORIENTED_EDGE('',*,*,#2902,.F.);
#2904=CARTESIAN_POINT('',(29.066096677,-43.380749279,-5.397335996));
#2905=DIRECTION('',(0.,1.,0.));
#2906=VECTOR('',#2905,1.08);
#2907=LINE('',#2904,#2906);
#2908=EDGE_CURVE('',#2866,#2897,#2907,.T.);
#2909=ORIENTED_EDGE('',*,*,#2908,.F.);
#2910=ORIENTED_EDGE('',*,*,#2871,.T.);
#2911=EDGE_LOOP('',(#2895,#2903,#2909,#2910));
#2912=FACE_BOUND('',#2911,.T.);
#2913=ADVANCED_FACE('',(#2912),#2887,.F.);
#2914=CARTESIAN_POINT('',(29.066096677,-42.300749279,-5.397335996));
#2915=DIRECTION('',(0.,-1.,0.));
#2916=DIRECTION('',(0.,0.,-1.));
#2917=AXIS2_PLACEMENT_3D('',#2914,#2915,#2916);
#2918=PLANE('',#2917);
#2919=CARTESIAN_POINT('',(24.196096677,-42.300749279,-6.397335996));
#2920=VERTEX_POINT('',#2919);
#2921=CARTESIAN_POINT('',(29.066096677,-42.300749279,-6.397335996));
#2922=DIRECTION('',(-1.,0.,0.));
#2923=VECTOR('',#2922,4.87);
#2924=LINE('',#2921,#2923);
#2925=EDGE_CURVE('',#2889,#2920,#2924,.T.);
#2926=ORIENTED_EDGE('',*,*,#2925,.T.);
#2927=CARTESIAN_POINT('',(24.196096677,-42.300749279,-5.397335996));
#2928=VERTEX_POINT('',#2927);
#2929=CARTESIAN_POINT('',(24.196096677,-42.300749279,-5.397335996));
#2930=DIRECTION('',(0.,0.,-1.));
#2931=VECTOR('',#2930,1.);
#2932=LINE('',#2929,#2931);
#2933=EDGE_CURVE('',#2928,#2920,#2932,.T.);
#2934=ORIENTED_EDGE('',*,*,#2933,.F.);
#2935=CARTESIAN_POINT('',(29.066096677,-42.300749279,-5.397335996));
#2936=DIRECTION('',(-1.,0.,0.));
#2937=VECTOR('',#2936,4.87);
#2938=LINE('',#2935,#2937);
#2939=EDGE_CURVE('',#2897,#2928,#2938,.T.);
#2940=ORIENTED_EDGE('',*,*,#2939,.F.);
#2941=ORIENTED_EDGE('',*,*,#2902,.T.);
#2942=EDGE_LOOP('',(#2926,#2934,#2940,#2941));
#2943=FACE_BOUND('',#2942,.T.);
#2944=ADVANCED_FACE('',(#2943),#2918,.F.);
#2945=CARTESIAN_POINT('',(24.196096677,-42.300749279,-5.397335996));
#2946=DIRECTION('',(-1.,0.,0.));
#2947=DIRECTION('',(0.,0.,1.));
#2948=AXIS2_PLACEMENT_3D('',#2945,#2946,#2947);
#2949=PLANE('',#2948);
#2950=CARTESIAN_POINT('',(24.196096677,-38.880749279,-6.397335996));
#2951=VERTEX_POINT('',#2950);
#2952=CARTESIAN_POINT('',(24.196096677,-42.300749279,-6.397335996));
#2953=DIRECTION('',(0.,1.,0.));
#2954=VECTOR('',#2953,3.42);
#2955=LINE('',#2952,#2954);
#2956=EDGE_CURVE('',#2920,#2951,#2955,.T.);
#2957=ORIENTED_EDGE('',*,*,#2956,.T.);
#2958=CARTESIAN_POINT('',(24.196096677,-38.880749279,-5.397335996));
#2959=VERTEX_POINT('',#2958);
#2960=CARTESIAN_POINT('',(24.196096677,-38.880749279,-5.397335996));
#2961=DIRECTION('',(0.,0.,-1.));
#2962=VECTOR('',#2961,1.);
#2963=LINE('',#2960,#2962);
#2964=EDGE_CURVE('',#2959,#2951,#2963,.T.);
#2965=ORIENTED_EDGE('',*,*,#2964,.F.);
#2966=CARTESIAN_POINT('',(24.196096677,-42.300749279,-5.397335996));
#2967=DIRECTION('',(0.,1.,0.));
#2968=VECTOR('',#2967,3.42);
#2969=LINE('',#2966,#2968);
#2970=EDGE_CURVE('',#2928,#2959,#2969,.T.);
#2971=ORIENTED_EDGE('',*,*,#2970,.F.);
#2972=ORIENTED_EDGE('',*,*,#2933,.T.);
#2973=EDGE_LOOP('',(#2957,#2965,#2971,#2972));
#2974=FACE_BOUND('',#2973,.T.);
#2975=ADVANCED_FACE('',(#2974),#2949,.F.);
#2976=CARTESIAN_POINT('',(24.196096677,-38.880749279,-5.397335996));
#2977=DIRECTION('',(0.,1.,0.));
#2978=DIRECTION('',(0.,0.,1.));
#2979=AXIS2_PLACEMENT_3D('',#2976,#2977,#2978);
#2980=PLANE('',#2979);
#2981=CARTESIAN_POINT('',(28.746096677,-38.880749279,-6.397335996));
#2982=VERTEX_POINT('',#2981);
#2983=CARTESIAN_POINT('',(24.196096677,-38.880749279,-6.397335996));
#2984=DIRECTION('',(1.,0.,-0.));
#2985=VECTOR('',#2984,4.55);
#2986=LINE('',#2983,#2985);
#2987=EDGE_CURVE('',#2951,#2982,#2986,.T.);
#2988=ORIENTED_EDGE('',*,*,#2987,.T.);
#2989=CARTESIAN_POINT('',(28.746096677,-38.880749279,-5.397335996));
#2990=VERTEX_POINT('',#2989);
#2991=CARTESIAN_POINT('',(28.746096677,-38.880749279,-5.397335996));
#2992=DIRECTION('',(0.,0.,-1.));
#2993=VECTOR('',#2992,1.);
#2994=LINE('',#2991,#2993);
#2995=EDGE_CURVE('',#2990,#2982,#2994,.T.);
#2996=ORIENTED_EDGE('',*,*,#2995,.F.);
#2997=CARTESIAN_POINT('',(24.196096677,-38.880749279,-5.397335996));
#2998=DIRECTION('',(1.,0.,-0.));
#2999=VECTOR('',#2998,4.55);
#3000=LINE('',#2997,#2999);
#3001=EDGE_CURVE('',#2959,#2990,#3000,.T.);
#3002=ORIENTED_EDGE('',*,*,#3001,.F.);
#3003=ORIENTED_EDGE('',*,*,#2964,.T.);
#3004=EDGE_LOOP('',(#2988,#2996,#3002,#3003));
#3005=FACE_BOUND('',#3004,.T.);
#3006=ADVANCED_FACE('',(#3005),#2980,.F.);
#3007=CARTESIAN_POINT('',(28.746096677,-38.880749279,-5.397335996));
#3008=DIRECTION('',(-1.,0.,0.));
#3009=DIRECTION('',(0.,0.,1.));
#3010=AXIS2_PLACEMENT_3D('',#3007,#3008,#3009);
#3011=PLANE('',#3010);
#3012=CARTESIAN_POINT('',(28.746096677,-37.800749279,-6.397335996));
#3013=VERTEX_POINT('',#3012);
#3014=CARTESIAN_POINT('',(28.746096677,-38.880749279,-6.397335996));
#3015=DIRECTION('',(0.,1.,0.));
#3016=VECTOR('',#3015,1.08);
#3017=LINE('',#3014,#3016);
#3018=EDGE_CURVE('',#2982,#3013,#3017,.T.);
#3019=ORIENTED_EDGE('',*,*,#3018,.T.);
#3020=CARTESIAN_POINT('',(28.746096677,-37.800749279,-5.397335996));
#3021=VERTEX_POINT('',#3020);
#3022=CARTESIAN_POINT('',(28.746096677,-37.800749279,-5.397335996));
#3023=DIRECTION('',(0.,0.,-1.));
#3024=VECTOR('',#3023,1.);
#3025=LINE('',#3022,#3024);
#3026=EDGE_CURVE('',#3021,#3013,#3025,.T.);
#3027=ORIENTED_EDGE('',*,*,#3026,.F.);
#3028=CARTESIAN_POINT('',(28.746096677,-38.880749279,-5.397335996));
#3029=DIRECTION('',(0.,1.,0.));
#3030=VECTOR('',#3029,1.08);
#3031=LINE('',#3028,#3030);
#3032=EDGE_CURVE('',#2990,#3021,#3031,.T.);
#3033=ORIENTED_EDGE('',*,*,#3032,.F.);
#3034=ORIENTED_EDGE('',*,*,#2995,.T.);
#3035=EDGE_LOOP('',(#3019,#3027,#3033,#3034));
#3036=FACE_BOUND('',#3035,.T.);
#3037=ADVANCED_FACE('',(#3036),#3011,.F.);
#3038=CARTESIAN_POINT('',(28.746096677,-37.800749279,-5.397335996));
#3039=DIRECTION('',(0.,-1.,0.));
#3040=DIRECTION('',(0.,0.,-1.));
#3041=AXIS2_PLACEMENT_3D('',#3038,#3039,#3040);
#3042=PLANE('',#3041);
#3043=CARTESIAN_POINT('',(24.196096677,-37.800749279,-6.397335996));
#3044=VERTEX_POINT('',#3043);
#3045=CARTESIAN_POINT('',(28.746096677,-37.800749279,-6.397335996));
#3046=DIRECTION('',(-1.,0.,0.));
#3047=VECTOR('',#3046,4.55);
#3048=LINE('',#3045,#3047);
#3049=EDGE_CURVE('',#3013,#3044,#3048,.T.);
#3050=ORIENTED_EDGE('',*,*,#3049,.T.);
#3051=CARTESIAN_POINT('',(24.196096677,-37.800749279,-5.397335996));
#3052=VERTEX_POINT('',#3051);
#3053=CARTESIAN_POINT('',(24.196096677,-37.800749279,-5.397335996));
#3054=DIRECTION('',(0.,0.,-1.));
#3055=VECTOR('',#3054,1.);
#3056=LINE('',#3053,#3055);
#3057=EDGE_CURVE('',#3052,#3044,#3056,.T.);
#3058=ORIENTED_EDGE('',*,*,#3057,.F.);
#3059=CARTESIAN_POINT('',(28.746096677,-37.800749279,-5.397335996));
#3060=DIRECTION('',(-1.,0.,0.));
#3061=VECTOR('',#3060,4.55);
#3062=LINE('',#3059,#3061);
#3063=EDGE_CURVE('',#3021,#3052,#3062,.T.);
#3064=ORIENTED_EDGE('',*,*,#3063,.F.);
#3065=ORIENTED_EDGE('',*,*,#3026,.T.);
#3066=EDGE_LOOP('',(#3050,#3058,#3064,#3065));
#3067=FACE_BOUND('',#3066,.T.);
#3068=ADVANCED_FACE('',(#3067),#3042,.F.);
#3069=CARTESIAN_POINT('',(24.196096677,-37.800749279,-5.397335996));
#3070=DIRECTION('',(-1.,0.,0.));
#3071=DIRECTION('',(0.,0.,1.));
#3072=AXIS2_PLACEMENT_3D('',#3069,#3070,#3071);
#3073=PLANE('',#3072);
#3074=CARTESIAN_POINT('',(24.196096677,-34.370749279,-6.397335996));
#3075=VERTEX_POINT('',#3074);
#3076=CARTESIAN_POINT('',(24.196096677,-37.800749279,-6.397335996));
#3077=DIRECTION('',(0.,1.,0.));
#3078=VECTOR('',#3077,3.43);
#3079=LINE('',#3076,#3078);
#3080=EDGE_CURVE('',#3044,#3075,#3079,.T.);
#3081=ORIENTED_EDGE('',*,*,#3080,.T.);
#3082=CARTESIAN_POINT('',(24.196096677,-34.370749279,-5.397335996));
#3083=VERTEX_POINT('',#3082);
#3084=CARTESIAN_POINT('',(24.196096677,-34.370749279,-5.397335996));
#3085=DIRECTION('',(0.,0.,-1.));
#3086=VECTOR('',#3085,1.);
#3087=LINE('',#3084,#3086);
#3088=EDGE_CURVE('',#3083,#3075,#3087,.T.);
#3089=ORIENTED_EDGE('',*,*,#3088,.F.);
#3090=CARTESIAN_POINT('',(24.196096677,-37.800749279,-5.397335996));
#3091=DIRECTION('',(0.,1.,0.));
#3092=VECTOR('',#3091,3.43);
#3093=LINE('',#3090,#3092);
#3094=EDGE_CURVE('',#3052,#3083,#3093,.T.);
#3095=ORIENTED_EDGE('',*,*,#3094,.F.);
#3096=ORIENTED_EDGE('',*,*,#3057,.T.);
#3097=EDGE_LOOP('',(#3081,#3089,#3095,#3096));
#3098=FACE_BOUND('',#3097,.T.);
#3099=ADVANCED_FACE('',(#3098),#3073,.F.);
#3100=CARTESIAN_POINT('',(24.196096677,-34.370749279,-5.397335996));
#3101=DIRECTION('',(0.,1.,0.));
#3102=DIRECTION('',(0.,0.,1.));
#3103=AXIS2_PLACEMENT_3D('',#3100,#3101,#3102);
#3104=PLANE('',#3103);
#3105=CARTESIAN_POINT('',(24.196096677,-34.370749279,-6.397335996));
#3106=DIRECTION('',(1.,0.,-0.));
#3107=VECTOR('',#3106,4.95);
#3108=LINE('',#3105,#3107);
#3109=EDGE_CURVE('',#3075,#2756,#3108,.T.);
#3110=ORIENTED_EDGE('',*,*,#3109,.T.);
#3111=ORIENTED_EDGE('',*,*,#2785,.F.);
#3112=CARTESIAN_POINT('',(24.196096677,-34.370749279,-5.397335996));
#3113=DIRECTION('',(1.,0.,-0.));
#3114=VECTOR('',#3113,4.95);
#3115=LINE('',#3112,#3114);
#3116=EDGE_CURVE('',#3083,#2774,#3115,.T.);
#3117=ORIENTED_EDGE('',*,*,#3116,.F.);
#3118=ORIENTED_EDGE('',*,*,#3088,.T.);
#3119=EDGE_LOOP('',(#3110,#3111,#3117,#3118));
#3120=FACE_BOUND('',#3119,.T.);
#3121=ADVANCED_FACE('',(#3120),#3104,.F.);
#3122=CARTESIAN_POINT('',(-14.693903323,-38.330749279,-5.397335996));
#3123=DIRECTION('',(0.,0.,1.));
#3124=DIRECTION('',(0.,-1.,0.));
#3125=AXIS2_PLACEMENT_3D('',#3122,#3123,#3124);
#3126=PLANE('',#3125);
#3127=ORIENTED_EDGE('',*,*,#2779,.T.);
#3128=ORIENTED_EDGE('',*,*,#2815,.T.);
#3129=ORIENTED_EDGE('',*,*,#2846,.T.);
#3130=ORIENTED_EDGE('',*,*,#2877,.T.);
#3131=ORIENTED_EDGE('',*,*,#2908,.T.);
#3132=ORIENTED_EDGE('',*,*,#2939,.T.);
#3133=ORIENTED_EDGE('',*,*,#2970,.T.);
#3134=ORIENTED_EDGE('',*,*,#3001,.T.);
#3135=ORIENTED_EDGE('',*,*,#3032,.T.);
#3136=ORIENTED_EDGE('',*,*,#3063,.T.);
#3137=ORIENTED_EDGE('',*,*,#3094,.T.);
#3138=ORIENTED_EDGE('',*,*,#3116,.T.);
#3139=EDGE_LOOP('',(#3127,#3128,#3129,#3130,#3131,#3132,#3133,#3134,#3135,#3136,#3137,#3138));
#3140=FACE_BOUND('',#3139,.T.);
#3141=ADVANCED_FACE('',(#3140),#3126,.T.);
#3142=CARTESIAN_POINT('',(-14.693903323,-38.330749279,-6.397335996));
#3143=DIRECTION('',(0.,0.,1.));
#3144=DIRECTION('',(0.,-1.,0.));
#3145=AXIS2_PLACEMENT_3D('',#3142,#3143,#3144);
#3146=PLANE('',#3145);
#3147=ORIENTED_EDGE('',*,*,#2763,.F.);
#3148=ORIENTED_EDGE('',*,*,#3109,.F.);
#3149=ORIENTED_EDGE('',*,*,#3080,.F.);
#3150=ORIENTED_EDGE('',*,*,#3049,.F.);
#3151=ORIENTED_EDGE('',*,*,#3018,.F.);
#3152=ORIENTED_EDGE('',*,*,#2987,.F.);
#3153=ORIENTED_EDGE('',*,*,#2956,.F.);
#3154=ORIENTED_EDGE('',*,*,#2925,.F.);
#3155=ORIENTED_EDGE('',*,*,#2894,.F.);
#3156=ORIENTED_EDGE('',*,*,#2863,.F.);
#3157=ORIENTED_EDGE('',*,*,#2832,.F.);
#3158=ORIENTED_EDGE('',*,*,#2801,.F.);
#3159=EDGE_LOOP('',(#3147,#3148,#3149,#3150,#3151,#3152,#3153,#3154,#3155,#3156,#3157,#3158));
#3160=FACE_BOUND('',#3159,.T.);
#3161=ADVANCED_FACE('',(#3160),#3146,.F.);
#3162=CLOSED_SHELL('',(#2789,#2820,#2851,#2882,#2913,#2944,#2975,#3006,#3037,#3068,#3099,#3121,#3141,#3161));
#3163=MANIFOLD_SOLID_BREP('E',#3162);
#2749=STYLED_ITEM('',(),#3163);
#3165=CARTESIAN_POINT('',(-15.303903323,-33.280749279,-5.397335996));
#3166=DIRECTION('',(1.,0.,-0.));
#3167=DIRECTION('',(-0.,0.,-1.));
#3168=AXIS2_PLACEMENT_3D('',#3165,#3166,#3167);
#3169=PLANE('',#3168);
#3170=CARTESIAN_POINT('',(-15.303903323,-33.280749279,-6.397335996));
#3171=VERTEX_POINT('',#3170);
#3172=CARTESIAN_POINT('',(-15.303903323,-42.300749279,-6.397335996));
#3173=VERTEX_POINT('',#3172);
#3174=CARTESIAN_POINT('',(-15.303903323,-33.280749279,-6.397335996));
#3175=DIRECTION('',(0.,-1.,0.));
#3176=VECTOR('',#3175,9.02);
#3177=LINE('',#3174,#3176);
#3178=EDGE_CURVE('',#3171,#3173,#3177,.T.);
#3179=ORIENTED_EDGE('',*,*,#3178,.T.);
#3180=CARTESIAN_POINT('',(-15.303903323,-42.300749279,-5.397335996));
#3181=VERTEX_POINT('',#3180);
#3182=CARTESIAN_POINT('',(-15.303903323,-42.300749279,-5.397335996));
#3183=DIRECTION('',(-0.,-0.,-1.));
#3184=VECTOR('',#3183,1.);
#3185=LINE('',#3182,#3184);
#3186=EDGE_CURVE('',#3181,#3173,#3185,.T.);
#3187=ORIENTED_EDGE('',*,*,#3186,.F.);
#3188=CARTESIAN_POINT('',(-15.303903323,-33.280749279,-5.397335996));
#3189=VERTEX_POINT('',#3188);
#3190=CARTESIAN_POINT('',(-15.303903323,-33.280749279,-5.397335996));
#3191=DIRECTION('',(0.,-1.,0.));
#3192=VECTOR('',#3191,9.02);
#3193=LINE('',#3190,#3192);
#3194=EDGE_CURVE('',#3189,#3181,#3193,.T.);
#3195=ORIENTED_EDGE('',*,*,#3194,.F.);
#3196=CARTESIAN_POINT('',(-15.303903323,-33.280749279,-5.397335996));
#3197=DIRECTION('',(-0.,-0.,-1.));
#3198=VECTOR('',#3197,1.);
#3199=LINE('',#3196,#3198);
#3200=EDGE_CURVE('',#3189,#3171,#3199,.T.);
#3201=ORIENTED_EDGE('',*,*,#3200,.T.);
#3202=EDGE_LOOP('',(#3179,#3187,#3195,#3201));
#3203=FACE_BOUND('',#3202,.T.);
#3204=ADVANCED_FACE('',(#3203),#3169,.F.);
#3205=CARTESIAN_POINT('',(-15.303903323,-42.300749279,-5.397335996));
#3206=DIRECTION('',(0.,-1.,0.));
#3207=DIRECTION('',(0.,-0.,-1.));
#3208=AXIS2_PLACEMENT_3D('',#3205,#3206,#3207);
#3209=PLANE('',#3208);
#3210=CARTESIAN_POINT('',(-18.483903323,-42.300749279,-6.397335996));
#3211=VERTEX_POINT('',#3210);
#3212=CARTESIAN_POINT('',(-15.303903323,-42.300749279,-6.397335996));
#3213=DIRECTION('',(-1.,0.,0.));
#3214=VECTOR('',#3213,3.18);
#3215=LINE('',#3212,#3214);
#3216=EDGE_CURVE('',#3173,#3211,#3215,.T.);
#3217=ORIENTED_EDGE('',*,*,#3216,.T.);
#3218=CARTESIAN_POINT('',(-18.483903323,-42.300749279,-5.397335996));
#3219=VERTEX_POINT('',#3218);
#3220=CARTESIAN_POINT('',(-18.483903323,-42.300749279,-5.397335996));
#3221=DIRECTION('',(-0.,-0.,-1.));
#3222=VECTOR('',#3221,1.);
#3223=LINE('',#3220,#3222);
#3224=EDGE_CURVE('',#3219,#3211,#3223,.T.);
#3225=ORIENTED_EDGE('',*,*,#3224,.F.);
#3226=CARTESIAN_POINT('',(-15.303903323,-42.300749279,-5.397335996));
#3227=DIRECTION('',(-1.,0.,0.));
#3228=VECTOR('',#3227,3.18);
#3229=LINE('',#3226,#3228);
#3230=EDGE_CURVE('',#3181,#3219,#3229,.T.);
#3231=ORIENTED_EDGE('',*,*,#3230,.F.);
#3232=ORIENTED_EDGE('',*,*,#3186,.T.);
#3233=EDGE_LOOP('',(#3217,#3225,#3231,#3232));
#3234=FACE_BOUND('',#3233,.T.);
#3235=ADVANCED_FACE('',(#3234),#3209,.F.);
#3236=CARTESIAN_POINT('',(-18.483903323,-42.300749279,-5.397335996));
#3237=DIRECTION('',(1.,0.,-0.));
#3238=DIRECTION('',(-0.,0.,-1.));
#3239=AXIS2_PLACEMENT_3D('',#3236,#3237,#3238);
#3240=PLANE('',#3239);
#3241=CARTESIAN_POINT('',(-18.483903323,-43.380749279,-6.397335996));
#3242=VERTEX_POINT('',#3241);
#3243=CARTESIAN_POINT('',(-18.483903323,-42.300749279,-6.397335996));
#3244=DIRECTION('',(0.,-1.,0.));
#3245=VECTOR('',#3244,1.08);
#3246=LINE('',#3243,#3245);
#3247=EDGE_CURVE('',#3211,#3242,#3246,.T.);
#3248=ORIENTED_EDGE('',*,*,#3247,.T.);
#3249=CARTESIAN_POINT('',(-18.483903323,-43.380749279,-5.397335996));
#3250=VERTEX_POINT('',#3249);
#3251=CARTESIAN_POINT('',(-18.483903323,-43.380749279,-5.397335996));
#3252=DIRECTION('',(-0.,-0.,-1.));
#3253=VECTOR('',#3252,1.);
#3254=LINE('',#3251,#3253);
#3255=EDGE_CURVE('',#3250,#3242,#3254,.T.);
#3256=ORIENTED_EDGE('',*,*,#3255,.F.);
#3257=CARTESIAN_POINT('',(-18.483903323,-42.300749279,-5.397335996));
#3258=DIRECTION('',(0.,-1.,0.));
#3259=VECTOR('',#3258,1.08);
#3260=LINE('',#3257,#3259);
#3261=EDGE_CURVE('',#3219,#3250,#3260,.T.);
#3262=ORIENTED_EDGE('',*,*,#3261,.F.);
#3263=ORIENTED_EDGE('',*,*,#3224,.T.);
#3264=EDGE_LOOP('',(#3248,#3256,#3262,#3263));
#3265=FACE_BOUND('',#3264,.T.);
#3266=ADVANCED_FACE('',(#3265),#3240,.F.);
#3267=CARTESIAN_POINT('',(-18.483903323,-43.380749279,-5.397335996));
#3268=DIRECTION('',(0.,1.,-0.));
#3269=DIRECTION('',(0.,0.,1.));
#3270=AXIS2_PLACEMENT_3D('',#3267,#3268,#3269);
#3271=PLANE('',#3270);
#3272=CARTESIAN_POINT('',(-10.903903323,-43.380749279,-6.397335996));
#3273=VERTEX_POINT('',#3272);
#3274=CARTESIAN_POINT('',(-18.483903323,-43.380749279,-6.397335996));
#3275=DIRECTION('',(1.,0.,-0.));
#3276=VECTOR('',#3275,7.58);
#3277=LINE('',#3274,#3276);
#3278=EDGE_CURVE('',#3242,#3273,#3277,.T.);
#3279=ORIENTED_EDGE('',*,*,#3278,.T.);
#3280=CARTESIAN_POINT('',(-10.903903323,-43.380749279,-5.397335996));
#3281=VERTEX_POINT('',#3280);
#3282=CARTESIAN_POINT('',(-10.903903323,-43.380749279,-5.397335996));
#3283=DIRECTION('',(-0.,-0.,-1.));
#3284=VECTOR('',#3283,1.);
#3285=LINE('',#3282,#3284);
#3286=EDGE_CURVE('',#3281,#3273,#3285,.T.);
#3287=ORIENTED_EDGE('',*,*,#3286,.F.);
#3288=CARTESIAN_POINT('',(-18.483903323,-43.380749279,-5.397335996));
#3289=DIRECTION('',(1.,0.,-0.));
#3290=VECTOR('',#3289,7.58);
#3291=LINE('',#3288,#3290);
#3292=EDGE_CURVE('',#3250,#3281,#3291,.T.);
#3293=ORIENTED_EDGE('',*,*,#3292,.F.);
#3294=ORIENTED_EDGE('',*,*,#3255,.T.);
#3295=EDGE_LOOP('',(#3279,#3287,#3293,#3294));
#3296=FACE_BOUND('',#3295,.T.);
#3297=ADVANCED_FACE('',(#3296),#3271,.F.);
#3298=CARTESIAN_POINT('',(-10.903903323,-43.380749279,-5.397335996));
#3299=DIRECTION('',(-1.,0.,0.));
#3300=DIRECTION('',(0.,0.,1.));
#3301=AXIS2_PLACEMENT_3D('',#3298,#3299,#3300);
#3302=PLANE('',#3301);
#3303=CARTESIAN_POINT('',(-10.903903323,-42.300749279,-6.397335996));
#3304=VERTEX_POINT('',#3303);
#3305=CARTESIAN_POINT('',(-10.903903323,-43.380749279,-6.397335996));
#3306=DIRECTION('',(0.,1.,0.));
#3307=VECTOR('',#3306,1.08);
#3308=LINE('',#3305,#3307);
#3309=EDGE_CURVE('',#3273,#3304,#3308,.T.);
#3310=ORIENTED_EDGE('',*,*,#3309,.T.);
#3311=CARTESIAN_POINT('',(-10.903903323,-42.300749279,-5.397335996));
#3312=VERTEX_POINT('',#3311);
#3313=CARTESIAN_POINT('',(-10.903903323,-42.300749279,-5.397335996));
#3314=DIRECTION('',(-0.,-0.,-1.));
#3315=VECTOR('',#3314,1.);
#3316=LINE('',#3313,#3315);
#3317=EDGE_CURVE('',#3312,#3304,#3316,.T.);
#3318=ORIENTED_EDGE('',*,*,#3317,.F.);
#3319=CARTESIAN_POINT('',(-10.903903323,-43.380749279,-5.397335996));
#3320=DIRECTION('',(0.,1.,0.));
#3321=VECTOR('',#3320,1.08);
#3322=LINE('',#3319,#3321);
#3323=EDGE_CURVE('',#3281,#3312,#3322,.T.);
#3324=ORIENTED_EDGE('',*,*,#3323,.F.);
#3325=ORIENTED_EDGE('',*,*,#3286,.T.);
#3326=EDGE_LOOP('',(#3310,#3318,#3324,#3325));
#3327=FACE_BOUND('',#3326,.T.);
#3328=ADVANCED_FACE('',(#3327),#3302,.F.);
#3329=CARTESIAN_POINT('',(-10.903903323,-42.300749279,-5.397335996));
#3330=DIRECTION('',(0.,-1.,0.));
#3331=DIRECTION('',(0.,-0.,-1.));
#3332=AXIS2_PLACEMENT_3D('',#3329,#3330,#3331);
#3333=PLANE('',#3332);
#3334=CARTESIAN_POINT('',(-14.083903323,-42.300749279,-6.397335996));
#3335=VERTEX_POINT('',#3334);
#3336=CARTESIAN_POINT('',(-10.903903323,-42.300749279,-6.397335996));
#3337=DIRECTION('',(-1.,0.,0.));
#3338=VECTOR('',#3337,3.18);
#3339=LINE('',#3336,#3338);
#3340=EDGE_CURVE('',#3304,#3335,#3339,.T.);
#3341=ORIENTED_EDGE('',*,*,#3340,.T.);
#3342=CARTESIAN_POINT('',(-14.083903323,-42.300749279,-5.397335996));
#3343=VERTEX_POINT('',#3342);
#3344=CARTESIAN_POINT('',(-14.083903323,-42.300749279,-5.397335996));
#3345=DIRECTION('',(-0.,-0.,-1.));
#3346=VECTOR('',#3345,1.);
#3347=LINE('',#3344,#3346);
#3348=EDGE_CURVE('',#3343,#3335,#3347,.T.);
#3349=ORIENTED_EDGE('',*,*,#3348,.F.);
#3350=CARTESIAN_POINT('',(-10.903903323,-42.300749279,-5.397335996));
#3351=DIRECTION('',(-1.,0.,0.));
#3352=VECTOR('',#3351,3.18);
#3353=LINE('',#3350,#3352);
#3354=EDGE_CURVE('',#3312,#3343,#3353,.T.);
#3355=ORIENTED_EDGE('',*,*,#3354,.F.);
#3356=ORIENTED_EDGE('',*,*,#3317,.T.);
#3357=EDGE_LOOP('',(#3341,#3349,#3355,#3356));
#3358=FACE_BOUND('',#3357,.T.);
#3359=ADVANCED_FACE('',(#3358),#3333,.F.);
#3360=CARTESIAN_POINT('',(-14.083903323,-42.300749279,-5.397335996));
#3361=DIRECTION('',(-1.,0.,0.));
#3362=DIRECTION('',(0.,0.,1.));
#3363=AXIS2_PLACEMENT_3D('',#3360,#3361,#3362);
#3364=PLANE('',#3363);
#3365=CARTESIAN_POINT('',(-14.083903323,-33.280749279,-6.397335996));
#3366=VERTEX_POINT('',#3365);
#3367=CARTESIAN_POINT('',(-14.083903323,-42.300749279,-6.397335996));
#3368=DIRECTION('',(0.,1.,0.));
#3369=VECTOR('',#3368,9.02);
#3370=LINE('',#3367,#3369);
#3371=EDGE_CURVE('',#3335,#3366,#3370,.T.);
#3372=ORIENTED_EDGE('',*,*,#3371,.T.);
#3373=CARTESIAN_POINT('',(-14.083903323,-33.280749279,-5.397335996));
#3374=VERTEX_POINT('',#3373);
#3375=CARTESIAN_POINT('',(-14.083903323,-33.280749279,-5.397335996));
#3376=DIRECTION('',(-0.,-0.,-1.));
#3377=VECTOR('',#3376,1.);
#3378=LINE('',#3375,#3377);
#3379=EDGE_CURVE('',#3374,#3366,#3378,.T.);
#3380=ORIENTED_EDGE('',*,*,#3379,.F.);
#3381=CARTESIAN_POINT('',(-14.083903323,-42.300749279,-5.397335996));
#3382=DIRECTION('',(0.,1.,0.));
#3383=VECTOR('',#3382,9.02);
#3384=LINE('',#3381,#3383);
#3385=EDGE_CURVE('',#3343,#3374,#3384,.T.);
#3386=ORIENTED_EDGE('',*,*,#3385,.F.);
#3387=ORIENTED_EDGE('',*,*,#3348,.T.);
#3388=EDGE_LOOP('',(#3372,#3380,#3386,#3387));
#3389=FACE_BOUND('',#3388,.T.);
#3390=ADVANCED_FACE('',(#3389),#3364,.F.);
#3391=CARTESIAN_POINT('',(-14.083903323,-33.280749279,-5.397335996));
#3392=DIRECTION('',(0.,-1.,0.));
#3393=DIRECTION('',(0.,-0.,-1.));
#3394=AXIS2_PLACEMENT_3D('',#3391,#3392,#3393);
#3395=PLANE('',#3394);
#3396=CARTESIAN_POINT('',(-14.083903323,-33.280749279,-6.397335996));
#3397=DIRECTION('',(-1.,0.,0.));
#3398=VECTOR('',#3397,1.22);
#3399=LINE('',#3396,#3398);
#3400=EDGE_CURVE('',#3366,#3171,#3399,.T.);
#3401=ORIENTED_EDGE('',*,*,#3400,.T.);
#3402=ORIENTED_EDGE('',*,*,#3200,.F.);
#3403=CARTESIAN_POINT('',(-14.083903323,-33.280749279,-5.397335996));
#3404=DIRECTION('',(-1.,0.,0.));
#3405=VECTOR('',#3404,1.22);
#3406=LINE('',#3403,#3405);
#3407=EDGE_CURVE('',#3374,#3189,#3406,.T.);
#3408=ORIENTED_EDGE('',*,*,#3407,.F.);
#3409=ORIENTED_EDGE('',*,*,#3379,.T.);
#3410=EDGE_LOOP('',(#3401,#3402,#3408,#3409));
#3411=FACE_BOUND('',#3410,.T.);
#3412=ADVANCED_FACE('',(#3411),#3395,.F.);
#3413=CARTESIAN_POINT('',(-14.693903323,-38.330749279,-5.397335996));
#3414=DIRECTION('',(0.,0.,1.));
#3415=DIRECTION('',(0.,-1.,0.));
#3416=AXIS2_PLACEMENT_3D('',#3413,#3414,#3415);
#3417=PLANE('',#3416);
#3418=ORIENTED_EDGE('',*,*,#3194,.T.);
#3419=ORIENTED_EDGE('',*,*,#3230,.T.);
#3420=ORIENTED_EDGE('',*,*,#3261,.T.);
#3421=ORIENTED_EDGE('',*,*,#3292,.T.);
#3422=ORIENTED_EDGE('',*,*,#3323,.T.);
#3423=ORIENTED_EDGE('',*,*,#3354,.T.);
#3424=ORIENTED_EDGE('',*,*,#3385,.T.);
#3425=ORIENTED_EDGE('',*,*,#3407,.T.);
#3426=EDGE_LOOP('',(#3418,#3419,#3420,#3421,#3422,#3423,#3424,#3425));
#3427=FACE_BOUND('',#3426,.T.);
#3428=ADVANCED_FACE('',(#3427),#3417,.T.);
#3429=CARTESIAN_POINT('',(-14.693903323,-38.330749279,-6.397335996));
#3430=DIRECTION('',(0.,0.,1.));
#3431=DIRECTION('',(0.,-1.,0.));
#3432=AXIS2_PLACEMENT_3D('',#3429,#3430,#3431);
#3433=PLANE('',#3432);
#3434=ORIENTED_EDGE('',*,*,#3178,.F.);
#3435=ORIENTED_EDGE('',*,*,#3400,.F.);
#3436=ORIENTED_EDGE('',*,*,#3371,.F.);
#3437=ORIENTED_EDGE('',*,*,#3340,.F.);
#3438=ORIENTED_EDGE('',*,*,#3309,.F.);
#3439=ORIENTED_EDGE('',*,*,#3278,.F.);
#3440=ORIENTED_EDGE('',*,*,#3247,.F.);
#3441=ORIENTED_EDGE('',*,*,#3216,.F.);
#3442=EDGE_LOOP('',(#3434,#3435,#3436,#3437,#3438,#3439,#3440,#3441));
#3443=FACE_BOUND('',#3442,.T.);
#3444=ADVANCED_FACE('',(#3443),#3433,.F.);
#3445=CLOSED_SHELL('',(#3204,#3235,#3266,#3297,#3328,#3359,#3390,#3412,#3428,#3444));
#3446=MANIFOLD_SOLID_BREP('T',#3445);
#3164=STYLED_ITEM('',(),#3446);
#726=SHAPE_REPRESENTATION('Text Bottom',(#725),#720);
#727=ADVANCED_BREP_SHAPE_REPRESENTATION('Text Bottom',(#895,#1602,#1885,#2748,#3163,#3446),#720);
#3454=SHAPE_REPRESENTATION_RELATIONSHIP('','',#726,#727);
#3455=APPLICATION_CONTEXT('configuration controlled 3D design of mechanical parts and assemblies');
#3456=APPLICATION_PROTOCOL_DEFINITION('international standard','configuration_control_3d_design_ed2_mim',2004,#3455);
#3457=PRODUCT_CONTEXT('',#3455,'mechanical');
#3458=PRODUCT_DEFINITION_CONTEXT('part definition',#3455,'design');
#734=PRODUCT('0','0','',(#3457));
#3459=PRODUCT_RELATED_PRODUCT_CATEGORY('part','',(#734));
#3460=PRODUCT_DEFINITION_FORMATION_WITH_SPECIFIED_SOURCE('','',#734,.NOT_KNOWN.);
#735=PRODUCT_DEFINITION('design','',#3460,#3458);
#733=PRODUCT_DEFINITION_SHAPE('','',#735);
#3461=SHAPE_DEFINITION_REPRESENTATION(#733,#726);
#721=DRAUGHTING_MODEL('',(),#720);
#39=SHAPE_REPRESENTATION('Bottom',(#38,#739),#33);
#40=ADVANCED_BREP_SHAPE_REPRESENTATION('Bottom',(#712),#33);
#3469=SHAPE_REPRESENTATION_RELATIONSHIP('','',#39,#40);
#47=PRODUCT('0','0','',(#3457));
#3470=PRODUCT_RELATED_PRODUCT_CATEGORY('part','',(#47));
#3471=PRODUCT_DEFINITION_FORMATION_WITH_SPECIFIED_SOURCE('','',#47,.NOT_KNOWN.);
#48=PRODUCT_DEFINITION('design','',#3471,#3458);
#46=PRODUCT_DEFINITION_SHAPE('','',#48);
#3472=SHAPE_DEFINITION_REPRESENTATION(#46,#39);
#34=DRAUGHTING_MODEL('',(),#33);
#3473=(NAMED_UNIT(*)PLANE_ANGLE_UNIT()SI_UNIT($,.RADIAN.));
#3474=PLANE_ANGLE_MEASURE_WITH_UNIT(PLANE_ANGLE_MEASURE(0.0174532925),#3473);
#3475=(CONVERSION_BASED_UNIT('DEGREE',#3474)NAMED_UNIT(#3476)PLANE_ANGLE_UNIT());
#3476=DIMENSIONAL_EXPONENTS(0.,0.,0.,0.,0.,0.,0.);
#3477=(NAMED_UNIT(*)SI_UNIT($,.STERADIAN.)SOLID_ANGLE_UNIT());
#3478=(LENGTH_UNIT()NAMED_UNIT(*)SI_UNIT(.MILLI.,.METRE.));
#3479=UNCERTAINTY_MEASURE_WITH_UNIT(LENGTH_MEASURE(1.000000E-05),#3478,'DISTANCE_ACCURACY_VALUE','Maximum Tolerance applied to model');
#3480=(GEOMETRIC_REPRESENTATION_CONTEXT(3)GLOBAL_UNCERTAINTY_ASSIGNED_CONTEXT((#3479))GLOBAL_UNIT_ASSIGNED_CONTEXT((#3478,#3475,#3477))REPRESENTATION_CONTEXT('','0'));
#3482=CARTESIAN_POINT('',(0.,0.,0.));
#3483=DIRECTION('',(0.,0.,1.));
#3484=DIRECTION('',(1.,0.,0.));
#3485=AXIS2_PLACEMENT_3D('',#3482,#3483,#3484);
#3496=CARTESIAN_POINT('',(0.,0.,0.));
#3497=DIRECTION('',(0.,0.,1.));
#3498=DIRECTION('',(1.,0.,-0.));
#3499=AXIS2_PLACEMENT_3D('',#3496,#3497,#3498);
#3500=ITEM_DEFINED_TRANSFORMATION('','',#3499,#3485);
#3501=(REPRESENTATION_RELATIONSHIP('','',#3486,#16)REPRESENTATION_RELATIONSHIP_WITH_TRANSFORMATION(#3500)SHAPE_REPRESENTATION_RELATIONSHIP());
#3502=NEXT_ASSEMBLY_USAGE_OCCURRENCE('Top_3','Top','Top',#25,#3495,$);
#3503=PRODUCT_DEFINITION_SHAPE('','',#3502);
#3504=CONTEXT_DEPENDENT_SHAPE_REPRESENTATION(#3501,#3503);
#3506=CARTESIAN_POINT('',(-46.75381099,47.799691071,18.6000508));
#3507=DIRECTION('',(0.,1.,0.));
#3508=DIRECTION('',(0.,0.,1.));
#3509=AXIS2_PLACEMENT_3D('',#3506,#3507,#3508);
#3510=PLANE('',#3509);
#3511=CARTESIAN_POINT('',(-38.303362409,47.799691071,13.675056917));
#3512=VERTEX_POINT('',#3511);
#3513=CARTESIAN_POINT('',(-38.303362409,47.799691071,12.744447433));
#3514=DIRECTION('',(0.,1.,0.));
#3515=DIRECTION('',(0.,-0.,1.));
#3516=AXIS2_PLACEMENT_3D('',#3513,#3514,#3515);
#3517=CIRCLE('',#3516,0.930609484);
#3518=EDGE_CURVE('',#3512,#3512,#3517,.T.);
#3519=ORIENTED_EDGE('',*,*,#3518,.T.);
#3520=EDGE_LOOP('',(#3519));
#3521=FACE_BOUND('',#3520,.T.);
#3522=CARTESIAN_POINT('',(-1.060649985,47.799691071,13.675056917));
#3523=VERTEX_POINT('',#3522);
#3524=CARTESIAN_POINT('',(-1.060649985,47.799691071,12.744447433));
#3525=DIRECTION('',(0.,1.,0.));
#3526=DIRECTION('',(0.,-0.,1.));
#3527=AXIS2_PLACEMENT_3D('',#3524,#3525,#3526);
#3528=CIRCLE('',#3527,0.930609484);
#3529=EDGE_CURVE('',#3523,#3523,#3528,.T.);
#3530=ORIENTED_EDGE('',*,*,#3529,.T.);
#3531=EDGE_LOOP('',(#3530));
#3532=FACE_BOUND('',#3531,.T.);
#3533=CARTESIAN_POINT('',(56.568161523,47.799691071,6.6000508));
#3534=VERTEX_POINT('',#3533);
#3535=CARTESIAN_POINT('',(5.504504777,47.799691071,6.6000508));
#3536=VERTEX_POINT('',#3535);
#3537=CARTESIAN_POINT('',(56.568161523,47.799691071,6.6000508));
#3538=DIRECTION('',(-1.,0.,0.));
#3539=VECTOR('',#3538,51.063656745);
#3540=LINE('',#3537,#3539);
#3541=EDGE_CURVE('',#3534,#3536,#3540,.T.);
#3542=ORIENTED_EDGE('',*,*,#3541,.F.);
#3543=CARTESIAN_POINT('',(56.568161523,47.799691071,17.6000508));
#3544=VERTEX_POINT('',#3543);
#3545=CARTESIAN_POINT('',(56.568161523,47.799691071,17.6000508));
#3546=DIRECTION('',(0.,0.,-1.));
#3547=VECTOR('',#3546,11.);
#3548=LINE('',#3545,#3547);
#3549=EDGE_CURVE('',#3544,#3534,#3548,.T.);
#3550=ORIENTED_EDGE('',*,*,#3549,.F.);
#3551=CARTESIAN_POINT('',(-45.75381099,47.799691071,17.6000508));
#3552=VERTEX_POINT('',#3551);
#3553=CARTESIAN_POINT('',(-45.75381099,47.799691071,17.6000508));
#3554=DIRECTION('',(1.,0.,-0.));
#3555=VECTOR('',#3554,102.321972513);
#3556=LINE('',#3553,#3555);
#3557=EDGE_CURVE('',#3552,#3544,#3556,.T.);
#3558=ORIENTED_EDGE('',*,*,#3557,.F.);
#3559=CARTESIAN_POINT('',(-45.75381099,47.799691071,13.689437383));
#3560=VERTEX_POINT('',#3559);
#3561=CARTESIAN_POINT('',(-45.75381099,47.799691071,17.6000508));
#3562=DIRECTION('',(0.,0.,-1.));
#3563=VECTOR('',#3562,3.910613417);
#3564=LINE('',#3561,#3563);
#3565=EDGE_CURVE('',#3552,#3560,#3564,.T.);
#3566=ORIENTED_EDGE('',*,*,#3565,.T.);
#3567=CARTESIAN_POINT('',(-45.75381099,47.799691071,11.799457483));
#3568=VERTEX_POINT('',#3567);
#3569=CARTESIAN_POINT('',(-45.75381099,47.799691071,11.799457483));
#3570=DIRECTION('',(0.,0.,1.));
#3571=VECTOR('',#3570,1.8899799);
#3572=LINE('',#3569,#3571);
#3573=EDGE_CURVE('',#3568,#3560,#3572,.T.);
#3574=ORIENTED_EDGE('',*,*,#3573,.F.);
#3575=CARTESIAN_POINT('',(5.504504777,47.799691071,11.799457483));
#3576=VERTEX_POINT('',#3575);
#3577=CARTESIAN_POINT('',(-45.75381099,47.799691071,11.799457483));
#3578=DIRECTION('',(1.,0.,-0.));
#3579=VECTOR('',#3578,51.258315768);
#3580=LINE('',#3577,#3579);
#3581=EDGE_CURVE('',#3568,#3576,#3580,.T.);
#3582=ORIENTED_EDGE('',*,*,#3581,.T.);
#3583=CARTESIAN_POINT('',(5.504504777,47.799691071,11.799457483));
#3584=DIRECTION('',(0.,0.,-1.));
#3585=VECTOR('',#3584,5.199406683);
#3586=LINE('',#3583,#3585);
#3587=EDGE_CURVE('',#3576,#3536,#3586,.T.);
#3588=ORIENTED_EDGE('',*,*,#3587,.T.);
#3589=EDGE_LOOP('',(#3542,#3550,#3558,#3566,#3574,#3582,#3588));
#3590=FACE_BOUND('',#3589,.T.);
#3591=ADVANCED_FACE('',(#3521,#3532,#3590),#3510,.F.);
#3592=CARTESIAN_POINT('',(56.568161523,48.799691071,18.6000508));
#3593=DIRECTION('',(1.,0.,0.));
#3594=DIRECTION('',(0.,0.,-1.));
#3595=AXIS2_PLACEMENT_3D('',#3592,#3593,#3594);
#3596=PLANE('',#3595);
#3597=CARTESIAN_POINT('',(56.568161523,-48.017247332,6.6000508));
#3598=VERTEX_POINT('',#3597);
#3599=CARTESIAN_POINT('',(56.568161523,-48.017247332,6.6000508));
#3600=DIRECTION('',(0.,1.,0.));
#3601=VECTOR('',#3600,95.816938403);
#3602=LINE('',#3599,#3601);
#3603=EDGE_CURVE('',#3598,#3534,#3602,.T.);
#3604=ORIENTED_EDGE('',*,*,#3603,.F.);
#3605=CARTESIAN_POINT('',(56.568161523,-48.017247332,17.6000508));
#3606=VERTEX_POINT('',#3605);
#3607=CARTESIAN_POINT('',(56.568161523,-48.017247332,17.6000508));
#3608=DIRECTION('',(0.,0.,-1.));
#3609=VECTOR('',#3608,11.);
#3610=LINE('',#3607,#3609);
#3611=EDGE_CURVE('',#3606,#3598,#3610,.T.);
#3612=ORIENTED_EDGE('',*,*,#3611,.F.);
#3613=CARTESIAN_POINT('',(56.568161523,47.799691071,17.6000508));
#3614=DIRECTION('',(-0.,-1.,-0.));
#3615=VECTOR('',#3614,95.816938403);
#3616=LINE('',#3613,#3615);
#3617=EDGE_CURVE('',#3544,#3606,#3616,.T.);
#3618=ORIENTED_EDGE('',*,*,#3617,.F.);
#3619=ORIENTED_EDGE('',*,*,#3549,.T.);
#3620=EDGE_LOOP('',(#3604,#3612,#3618,#3619));
#3621=FACE_BOUND('',#3620,.T.);
#3622=ADVANCED_FACE('',(#3621),#3596,.F.);
#3623=CARTESIAN_POINT('',(57.568161523,-48.017247332,18.6000508));
#3624=DIRECTION('',(0.,-1.,0.));
#3625=DIRECTION('',(0.,0.,-1.));
#3626=AXIS2_PLACEMENT_3D('',#3623,#3624,#3625);
#3627=PLANE('',#3626);
#3628=CARTESIAN_POINT('',(-45.75381099,-48.017247332,6.6000508));
#3629=VERTEX_POINT('',#3628);
#3630=CARTESIAN_POINT('',(-45.75381099,-48.017247332,6.6000508));
#3631=DIRECTION('',(1.,0.,-0.));
#3632=VECTOR('',#3631,102.321972513);
#3633=LINE('',#3630,#3632);
#3634=EDGE_CURVE('',#3629,#3598,#3633,.T.);
#3635=ORIENTED_EDGE('',*,*,#3634,.F.);
#3636=CARTESIAN_POINT('',(-45.75381099,-48.017247332,11.799457483));
#3637=VERTEX_POINT('',#3636);
#3638=CARTESIAN_POINT('',(-45.75381099,-48.017247332,11.799457483));
#3639=DIRECTION('',(0.,0.,-1.));
#3640=VECTOR('',#3639,5.199406683);
#3641=LINE('',#3638,#3640);
#3642=EDGE_CURVE('',#3637,#3629,#3641,.T.);
#3643=ORIENTED_EDGE('',*,*,#3642,.F.);
#3644=CARTESIAN_POINT('',(-45.75381099,-48.017247332,13.689437383));
#3645=VERTEX_POINT('',#3644);
#3646=CARTESIAN_POINT('',(-45.75381099,-48.017247332,13.689437383));
#3647=DIRECTION('',(0.,0.,-1.));
#3648=VECTOR('',#3647,1.8899799);
#3649=LINE('',#3646,#3648);
#3650=EDGE_CURVE('',#3645,#3637,#3649,.T.);
#3651=ORIENTED_EDGE('',*,*,#3650,.F.);
#3652=CARTESIAN_POINT('',(-45.75381099,-48.017247332,17.6000508));
#3653=VERTEX_POINT('',#3652);
#3654=CARTESIAN_POINT('',(-45.75381099,-48.017247332,17.6000508));
#3655=DIRECTION('',(0.,0.,-1.));
#3656=VECTOR('',#3655,3.910613417);
#3657=LINE('',#3654,#3656);
#3658=EDGE_CURVE('',#3653,#3645,#3657,.T.);
#3659=ORIENTED_EDGE('',*,*,#3658,.F.);
#3660=CARTESIAN_POINT('',(56.568161523,-48.017247332,17.6000508));
#3661=DIRECTION('',(-1.,-0.,0.));
#3662=VECTOR('',#3661,102.321972513);
#3663=LINE('',#3660,#3662);
#3664=EDGE_CURVE('',#3606,#3653,#3663,.T.);
#3665=ORIENTED_EDGE('',*,*,#3664,.F.);
#3666=ORIENTED_EDGE('',*,*,#3611,.T.);
#3667=EDGE_LOOP('',(#3635,#3643,#3651,#3659,#3665,#3666));
#3668=FACE_BOUND('',#3667,.T.);
#3669=ADVANCED_FACE('',(#3668),#3627,.F.);
#3670=CARTESIAN_POINT('',(-45.75381099,-49.017247332,18.6000508));
#3671=DIRECTION('',(-1.,0.,0.));
#3672=DIRECTION('',(0.,0.,1.));
#3673=AXIS2_PLACEMENT_3D('',#3670,#3671,#3672);
#3674=PLANE('',#3673);
#3675=CARTESIAN_POINT('',(-45.75381099,47.799691071,6.6000508));
#3676=VERTEX_POINT('',#3675);
#3677=CARTESIAN_POINT('',(-45.75381099,47.799691071,6.6000508));
#3678=DIRECTION('',(0.,-1.,0.));
#3679=VECTOR('',#3678,95.816938403);
#3680=LINE('',#3677,#3679);
#3681=EDGE_CURVE('',#3676,#3629,#3680,.T.);
#3682=ORIENTED_EDGE('',*,*,#3681,.F.);
#3683=CARTESIAN_POINT('',(-45.75381099,47.799691071,11.799457483));
#3684=DIRECTION('',(0.,0.,-1.));
#3685=VECTOR('',#3684,5.199406683);
#3686=LINE('',#3683,#3685);
#3687=EDGE_CURVE('',#3568,#3676,#3686,.T.);
#3688=ORIENTED_EDGE('',*,*,#3687,.F.);
#3689=CARTESIAN_POINT('',(-45.75381099,47.799691071,11.799457483));
#3690=DIRECTION('',(0.,-1.,0.));
#3691=VECTOR('',#3690,95.816938403);
#3692=LINE('',#3689,#3691);
#3693=EDGE_CURVE('',#3568,#3637,#3692,.T.);
#3694=ORIENTED_EDGE('',*,*,#3693,.T.);
#3695=ORIENTED_EDGE('',*,*,#3642,.T.);
#3696=EDGE_LOOP('',(#3682,#3688,#3694,#3695));
#3697=FACE_BOUND('',#3696,.T.);
#3698=ADVANCED_FACE('',(#3697),#3674,.F.);
#3699=CARTESIAN_POINT('',(-46.75381099,49.799691071,18.6000508));
#3700=DIRECTION('',(0.,1.,0.));
#3701=DIRECTION('',(0.,0.,1.));
#3702=AXIS2_PLACEMENT_3D('',#3699,#3700,#3701);
#3703=PLANE('',#3702);
#3704=CARTESIAN_POINT('',(58.568161523,49.799691071,18.6000508));
#3705=VERTEX_POINT('',#3704);
#3706=CARTESIAN_POINT('',(58.568161523,49.799691071,6.6000508));
#3707=VERTEX_POINT('',#3706);
#3708=CARTESIAN_POINT('',(58.568161523,49.799691071,18.6000508));
#3709=DIRECTION('',(0.,0.,-1.));
#3710=VECTOR('',#3709,12.);
#3711=LINE('',#3708,#3710);
#3712=EDGE_CURVE('',#3705,#3707,#3711,.T.);
#3713=ORIENTED_EDGE('',*,*,#3712,.T.);
#3714=CARTESIAN_POINT('',(5.504504777,49.799691071,6.6000508));
#3715=VERTEX_POINT('',#3714);
#3716=CARTESIAN_POINT('',(58.568161523,49.799691071,6.6000508));
#3717=DIRECTION('',(-1.,0.,0.));
#3718=VECTOR('',#3717,53.063656745);
#3719=LINE('',#3716,#3718);
#3720=EDGE_CURVE('',#3707,#3715,#3719,.T.);
#3721=ORIENTED_EDGE('',*,*,#3720,.T.);
#3722=CARTESIAN_POINT('',(5.504504777,49.799691071,11.799457483));
#3723=VERTEX_POINT('',#3722);
#3724=CARTESIAN_POINT('',(5.504504777,49.799691071,11.799457483));
#3725=DIRECTION('',(0.,0.,-1.));
#3726=VECTOR('',#3725,5.199406683);
#3727=LINE('',#3724,#3726);
#3728=EDGE_CURVE('',#3723,#3715,#3727,.T.);
#3729=ORIENTED_EDGE('',*,*,#3728,.F.);
#3730=CARTESIAN_POINT('',(5.504504777,49.799691071,13.689437383));
#3731=VERTEX_POINT('',#3730);
#3732=CARTESIAN_POINT('',(5.504504777,49.799691071,13.689437383));
#3733=DIRECTION('',(0.,0.,-1.));
#3734=VECTOR('',#3733,1.8899799);
#3735=LINE('',#3732,#3734);
#3736=EDGE_CURVE('',#3731,#3723,#3735,.T.);
#3737=ORIENTED_EDGE('',*,*,#3736,.F.);
#3738=CARTESIAN_POINT('',(-45.75381099,49.799691071,13.689437383));
#3739=VERTEX_POINT('',#3738);
#3740=CARTESIAN_POINT('',(-45.75381099,49.799691071,13.689437383));
#3741=DIRECTION('',(1.,0.,-0.));
#3742=VECTOR('',#3741,51.258315768);
#3743=LINE('',#3740,#3742);
#3744=EDGE_CURVE('',#3739,#3731,#3743,.T.);
#3745=ORIENTED_EDGE('',*,*,#3744,.F.);
#3746=CARTESIAN_POINT('',(-45.75381099,49.799691071,11.799457483));
#3747=VERTEX_POINT('',#3746);
#3748=CARTESIAN_POINT('',(-45.75381099,49.799691071,11.799457483));
#3749=DIRECTION('',(0.,0.,1.));
#3750=VECTOR('',#3749,1.8899799);
#3751=LINE('',#3748,#3750);
#3752=EDGE_CURVE('',#3747,#3739,#3751,.T.);
#3753=ORIENTED_EDGE('',*,*,#3752,.F.);
#3754=CARTESIAN_POINT('',(-45.75381099,49.799691071,6.6000508));
#3755=VERTEX_POINT('',#3754);
#3756=CARTESIAN_POINT('',(-45.75381099,49.799691071,6.6000508));
#3757=DIRECTION('',(0.,0.,1.));
#3758=VECTOR('',#3757,5.199406683);
#3759=LINE('',#3756,#3758);
#3760=EDGE_CURVE('',#3755,#3747,#3759,.T.);
#3761=ORIENTED_EDGE('',*,*,#3760,.F.);
#3762=CARTESIAN_POINT('',(-47.75381099,49.799691071,6.6000508));
#3763=VERTEX_POINT('',#3762);
#3764=CARTESIAN_POINT('',(-45.75381099,49.799691071,6.6000508));
#3765=DIRECTION('',(-1.,0.,0.));
#3766=VECTOR('',#3765,2.);
#3767=LINE('',#3764,#3766);
#3768=EDGE_CURVE('',#3755,#3763,#3767,.T.);
#3769=ORIENTED_EDGE('',*,*,#3768,.T.);
#3770=CARTESIAN_POINT('',(-47.75381099,49.799691071,18.6000508));
#3771=VERTEX_POINT('',#3770);
#3772=CARTESIAN_POINT('',(-47.75381099,49.799691071,18.6000508));
#3773=DIRECTION('',(0.,0.,-1.));
#3774=VECTOR('',#3773,12.);
#3775=LINE('',#3772,#3774);
#3776=EDGE_CURVE('',#3771,#3763,#3775,.T.);
#3777=ORIENTED_EDGE('',*,*,#3776,.F.);
#3778=CARTESIAN_POINT('',(-47.75381099,49.799691071,18.6000508));
#3779=DIRECTION('',(1.,0.,-0.));
#3780=VECTOR('',#3779,106.321972513);
#3781=LINE('',#3778,#3780);
#3782=EDGE_CURVE('',#3771,#3705,#3781,.T.);
#3783=ORIENTED_EDGE('',*,*,#3782,.T.);
#3784=EDGE_LOOP('',(#3713,#3721,#3729,#3737,#3745,#3753,#3761,#3769,#3777,#3783));
#3785=FACE_BOUND('',#3784,.T.);
#3786=ADVANCED_FACE('',(#3785),#3703,.T.);
#3787=CARTESIAN_POINT('',(58.568161523,48.799691071,18.6000508));
#3788=DIRECTION('',(1.,0.,0.));
#3789=DIRECTION('',(0.,0.,-1.));
#3790=AXIS2_PLACEMENT_3D('',#3787,#3788,#3789);
#3791=PLANE('',#3790);
#3792=CARTESIAN_POINT('',(58.568161523,-50.017247332,18.6000508));
#3793=VERTEX_POINT('',#3792);
#3794=CARTESIAN_POINT('',(58.568161523,-50.017247332,6.6000508));
#3795=VERTEX_POINT('',#3794);
#3796=CARTESIAN_POINT('',(58.568161523,-50.017247332,18.6000508));
#3797=DIRECTION('',(0.,0.,-1.));
#3798=VECTOR('',#3797,12.);
#3799=LINE('',#3796,#3798);
#3800=EDGE_CURVE('',#3793,#3795,#3799,.T.);
#3801=ORIENTED_EDGE('',*,*,#3800,.T.);
#3802=CARTESIAN_POINT('',(58.568161523,-50.017247332,6.6000508));
#3803=DIRECTION('',(0.,1.,0.));
#3804=VECTOR('',#3803,99.816938403);
#3805=LINE('',#3802,#3804);
#3806=EDGE_CURVE('',#3795,#3707,#3805,.T.);
#3807=ORIENTED_EDGE('',*,*,#3806,.T.);
#3808=ORIENTED_EDGE('',*,*,#3712,.F.);
#3809=CARTESIAN_POINT('',(58.568161523,49.799691071,18.6000508));
#3810=DIRECTION('',(-0.,-1.,-0.));
#3811=VECTOR('',#3810,99.816938403);
#3812=LINE('',#3809,#3811);
#3813=EDGE_CURVE('',#3705,#3793,#3812,.T.);
#3814=ORIENTED_EDGE('',*,*,#3813,.T.);
#3815=EDGE_LOOP('',(#3801,#3807,#3808,#3814));
#3816=FACE_BOUND('',#3815,.T.);
#3817=ADVANCED_FACE('',(#3816),#3791,.T.);
#3818=CARTESIAN_POINT('',(57.568161523,-50.017247332,18.6000508));
#3819=DIRECTION('',(0.,-1.,0.));
#3820=DIRECTION('',(0.,0.,-1.));
#3821=AXIS2_PLACEMENT_3D('',#3818,#3819,#3820);
#3822=PLANE('',#3821);
#3823=CARTESIAN_POINT('',(-47.75381099,-50.017247332,18.6000508));
#3824=VERTEX_POINT('',#3823);
#3825=CARTESIAN_POINT('',(-47.75381099,-50.017247332,6.6000508));
#3826=VERTEX_POINT('',#3825);
#3827=CARTESIAN_POINT('',(-47.75381099,-50.017247332,18.6000508));
#3828=DIRECTION('',(0.,0.,-1.));
#3829=VECTOR('',#3828,12.);
#3830=LINE('',#3827,#3829);
#3831=EDGE_CURVE('',#3824,#3826,#3830,.T.);
#3832=ORIENTED_EDGE('',*,*,#3831,.T.);
#3833=CARTESIAN_POINT('',(58.568161523,-50.017247332,6.6000508));
#3834=DIRECTION('',(-1.,0.,0.));
#3835=VECTOR('',#3834,106.321972513);
#3836=LINE('',#3833,#3835);
#3837=EDGE_CURVE('',#3795,#3826,#3836,.T.);
#3838=ORIENTED_EDGE('',*,*,#3837,.F.);
#3839=ORIENTED_EDGE('',*,*,#3800,.F.);
#3840=CARTESIAN_POINT('',(58.568161523,-50.017247332,18.6000508));
#3841=DIRECTION('',(-1.,-0.,0.));
#3842=VECTOR('',#3841,106.321972513);
#3843=LINE('',#3840,#3842);
#3844=EDGE_CURVE('',#3793,#3824,#3843,.T.);
#3845=ORIENTED_EDGE('',*,*,#3844,.T.);
#3846=EDGE_LOOP('',(#3832,#3838,#3839,#3845));
#3847=FACE_BOUND('',#3846,.T.);
#3848=ADVANCED_FACE('',(#3847),#3822,.T.);
#3849=CARTESIAN_POINT('',(-47.75381099,-49.017247332,18.6000508));
#3850=DIRECTION('',(-1.,0.,0.));
#3851=DIRECTION('',(0.,0.,1.));
#3852=AXIS2_PLACEMENT_3D('',#3849,#3850,#3851);
#3853=PLANE('',#3852);
#3854=ORIENTED_EDGE('',*,*,#3776,.T.);
#3855=CARTESIAN_POINT('',(-47.75381099,49.799691071,6.6000508));
#3856=DIRECTION('',(0.,-1.,0.));
#3857=VECTOR('',#3856,99.816938403);
#3858=LINE('',#3855,#3857);
#3859=EDGE_CURVE('',#3763,#3826,#3858,.T.);
#3860=ORIENTED_EDGE('',*,*,#3859,.T.);
#3861=ORIENTED_EDGE('',*,*,#3831,.F.);
#3862=CARTESIAN_POINT('',(-47.75381099,-50.017247332,18.6000508));
#3863=DIRECTION('',(0.,1.,0.));
#3864=VECTOR('',#3863,99.816938403);
#3865=LINE('',#3862,#3864);
#3866=EDGE_CURVE('',#3824,#3771,#3865,.T.);
#3867=ORIENTED_EDGE('',*,*,#3866,.T.);
#3868=EDGE_LOOP('',(#3854,#3860,#3861,#3867));
#3869=FACE_BOUND('',#3868,.T.);
#3870=ADVANCED_FACE('',(#3869),#3853,.T.);
#3871=CARTESIAN_POINT('',(5.504504777,250.063385993,1.034466219));
#3872=DIRECTION('',(1.,0.,0.));
#3873=DIRECTION('',(0.,0.,-1.));
#3874=AXIS2_PLACEMENT_3D('',#3871,#3872,#3873);
#3875=PLANE('',#3874);
#3876=CARTESIAN_POINT('',(5.504504777,47.799691071,6.6000508));
#3877=DIRECTION('',(0.,1.,0.));
#3878=VECTOR('',#3877,2.);
#3879=LINE('',#3876,#3878);
#3880=EDGE_CURVE('',#3536,#3715,#3879,.T.);
#3881=ORIENTED_EDGE('',*,*,#3880,.F.);
#3882=ORIENTED_EDGE('',*,*,#3587,.F.);
#3883=CARTESIAN_POINT('',(5.504504777,48.799691071,11.799457483));
#3884=VERTEX_POINT('',#3883);
#3885=CARTESIAN_POINT('',(5.504504777,48.799691071,11.799457483));
#3886=DIRECTION('',(0.,-1.,0.));
#3887=VECTOR('',#3886,1.);
#3888=LINE('',#3885,#3887);
#3889=EDGE_CURVE('',#3884,#3576,#3888,.T.);
#3890=ORIENTED_EDGE('',*,*,#3889,.F.);
#3891=CARTESIAN_POINT('',(5.504504777,49.799691071,11.799457483));
#3892=DIRECTION('',(0.,-1.,0.));
#3893=VECTOR('',#3892,1.);
#3894=LINE('',#3891,#3893);
#3895=EDGE_CURVE('',#3723,#3884,#3894,.T.);
#3896=ORIENTED_EDGE('',*,*,#3895,.F.);
#3897=ORIENTED_EDGE('',*,*,#3728,.T.);
#3898=EDGE_LOOP('',(#3881,#3882,#3890,#3896,#3897));
#3899=FACE_BOUND('',#3898,.T.);
#3900=ADVANCED_FACE('',(#3899),#3875,.F.);
#3901=CARTESIAN_POINT('',(-45.75381099,250.063385993,11.799457483));
#3902=DIRECTION('',(-1.,0.,0.));
#3903=DIRECTION('',(0.,0.,1.));
#3904=AXIS2_PLACEMENT_3D('',#3901,#3902,#3903);
#3905=PLANE('',#3904);
#3906=CARTESIAN_POINT('',(-45.75381099,49.799691071,6.6000508));
#3907=DIRECTION('',(0.,-1.,0.));
#3908=VECTOR('',#3907,2.);
#3909=LINE('',#3906,#3908);
#3910=EDGE_CURVE('',#3755,#3676,#3909,.T.);
#3911=ORIENTED_EDGE('',*,*,#3910,.F.);
#3912=ORIENTED_EDGE('',*,*,#3760,.T.);
#3913=CARTESIAN_POINT('',(-45.75381099,48.799691071,11.799457483));
#3914=VERTEX_POINT('',#3913);
#3915=CARTESIAN_POINT('',(-45.75381099,49.799691071,11.799457483));
#3916=DIRECTION('',(0.,-1.,0.));
#3917=VECTOR('',#3916,1.);
#3918=LINE('',#3915,#3917);
#3919=EDGE_CURVE('',#3747,#3914,#3918,.T.);
#3920=ORIENTED_EDGE('',*,*,#3919,.T.);
#3921=CARTESIAN_POINT('',(-45.75381099,48.799691071,11.799457483));
#3922=DIRECTION('',(0.,-1.,0.));
#3923=VECTOR('',#3922,1.);
#3924=LINE('',#3921,#3923);
#3925=EDGE_CURVE('',#3914,#3568,#3924,.T.);
#3926=ORIENTED_EDGE('',*,*,#3925,.T.);
#3927=ORIENTED_EDGE('',*,*,#3687,.T.);
#3928=EDGE_LOOP('',(#3911,#3912,#3920,#3926,#3927));
#3929=FACE_BOUND('',#3928,.T.);
#3930=ADVANCED_FACE('',(#3929),#3905,.F.);
#3931=CARTESIAN_POINT('',(-45.75381099,-49.017247332,18.6000508));
#3932=DIRECTION('',(-1.,0.,0.));
#3933=DIRECTION('',(0.,0.,1.));
#3934=AXIS2_PLACEMENT_3D('',#3931,#3932,#3933);
#3935=PLANE('',#3934);
#3936=CARTESIAN_POINT('',(-45.75381099,-48.017247332,17.6000508));
#3937=DIRECTION('',(0.,1.,0.));
#3938=VECTOR('',#3937,95.816938403);
#3939=LINE('',#3936,#3938);
#3940=EDGE_CURVE('',#3653,#3552,#3939,.T.);
#3941=ORIENTED_EDGE('',*,*,#3940,.F.);
#3942=ORIENTED_EDGE('',*,*,#3658,.T.);
#3943=CARTESIAN_POINT('',(-45.75381099,47.799691071,13.689437383));
#3944=DIRECTION('',(0.,-1.,0.));
#3945=VECTOR('',#3944,95.816938403);
#3946=LINE('',#3943,#3945);
#3947=EDGE_CURVE('',#3560,#3645,#3946,.T.);
#3948=ORIENTED_EDGE('',*,*,#3947,.F.);
#3949=ORIENTED_EDGE('',*,*,#3565,.F.);
#3950=EDGE_LOOP('',(#3941,#3942,#3948,#3949));
#3951=FACE_BOUND('',#3950,.T.);
#3952=ADVANCED_FACE('',(#3951),#3935,.F.);
#3953=CARTESIAN_POINT('',(-45.75381099,-49.017247332,18.6000508));
#3954=DIRECTION('',(-1.,0.,0.));
#3955=DIRECTION('',(0.,0.,1.));
#3956=AXIS2_PLACEMENT_3D('',#3953,#3954,#3955);
#3957=PLANE('',#3956);
#3958=ORIENTED_EDGE('',*,*,#3573,.T.);
#3959=ORIENTED_EDGE('',*,*,#3947,.T.);
#3960=ORIENTED_EDGE('',*,*,#3650,.T.);
#3961=ORIENTED_EDGE('',*,*,#3693,.F.);
#3962=EDGE_LOOP('',(#3958,#3959,#3960,#3961));
#3963=FACE_BOUND('',#3962,.T.);
#3964=ADVANCED_FACE('',(#3963),#3957,.F.);
#3965=CARTESIAN_POINT('',(57.568161523,-49.017247332,18.6000508));
#3966=DIRECTION('',(0.,0.,1.));
#3967=DIRECTION('',(-1.,0.,0.));
#3968=AXIS2_PLACEMENT_3D('',#3965,#3966,#3967);
#3969=PLANE('',#3968);
#3970=ORIENTED_EDGE('',*,*,#3844,.F.);
#3971=ORIENTED_EDGE('',*,*,#3813,.F.);
#3972=ORIENTED_EDGE('',*,*,#3782,.F.);
#3973=ORIENTED_EDGE('',*,*,#3866,.F.);
#3974=EDGE_LOOP('',(#3970,#3971,#3972,#3973));
#3975=FACE_BOUND('',#3974,.T.);
#3976=CARTESIAN_POINT('',(11.347654939,6.874559987,18.6000508));
#3977=VERTEX_POINT('',#3976);
#3978=CARTESIAN_POINT('',(11.347654939,-14.367337165,18.6000508));
#3979=VERTEX_POINT('',#3978);
#3980=CARTESIAN_POINT('',(11.347654939,6.874559987,18.6000508));
#3981=DIRECTION('',(0.,-1.,0.));
#3982=VECTOR('',#3981,21.241897151);
#3983=LINE('',#3980,#3982);
#3984=EDGE_CURVE('',#3977,#3979,#3983,.T.);
#3985=ORIENTED_EDGE('',*,*,#3984,.F.);
#3986=CARTESIAN_POINT('',(38.262774278,6.874559987,18.6000508));
#3987=VERTEX_POINT('',#3986);
#3988=CARTESIAN_POINT('',(38.262774278,6.874559987,18.6000508));
#3989=DIRECTION('',(-1.,0.,0.));
#3990=VECTOR('',#3989,26.915119339);
#3991=LINE('',#3988,#3990);
#3992=EDGE_CURVE('',#3987,#3977,#3991,.T.);
#3993=ORIENTED_EDGE('',*,*,#3992,.F.);
#3994=CARTESIAN_POINT('',(38.262774274,-8.04202753,18.6000508));
#3995=VERTEX_POINT('',#3994);
#3996=CARTESIAN_POINT('',(38.262774274,-8.04202753,18.6000508));
#3997=DIRECTION('',(0.,1.,-0.));
#3998=VECTOR('',#3997,14.916587517);
#3999=LINE('',#3996,#3998);
#4000=EDGE_CURVE('',#3995,#3987,#3999,.T.);
#4001=ORIENTED_EDGE('',*,*,#4000,.F.);
#4002=CARTESIAN_POINT('',(32.174390139,-16.786901487,18.6000508));
#4003=VERTEX_POINT('',#4002);
#4004=CARTESIAN_POINT('',(38.262793729,-8.042017281,18.6000508));
#4005=CARTESIAN_POINT('',(38.579374367,-7.875245991,18.6000508));
#4006=CARTESIAN_POINT('',(39.133392081,-7.615307042,18.6000508));
#4007=CARTESIAN_POINT('',(39.942925186,-7.310302566,18.6000508));
#4008=CARTESIAN_POINT('',(40.911934558,-7.01568978,18.6000508));
#4009=CARTESIAN_POINT('',(42.153233253,-6.768525246,18.6000508));
#4010=CARTESIAN_POINT('',(43.672840576,-6.669599777,18.6000508));
#4011=CARTESIAN_POINT('',(45.192579656,-6.768336007,18.6000508));
#4012=CARTESIAN_POINT('',(46.682326537,-7.064536556,18.6000508));
#4013=CARTESIAN_POINT('',(48.606538037,-7.718111727,18.6000508));
#4014=CARTESIAN_POINT('',(50.372696042,-8.736337875,18.6000508));
#4015=CARTESIAN_POINT('',(51.897560266,-10.075566228,18.6000508));
#4016=CARTESIAN_POINT('',(52.902602145,-11.219842974,18.6000508));
#4017=CARTESIAN_POINT('',(53.746650491,-12.482816231,18.6000508));
#4018=CARTESIAN_POINT('',(54.419565241,-13.848793529,18.6000508));
#4019=CARTESIAN_POINT('',(54.909896847,-15.290424993,18.6000508));
#4020=CARTESIAN_POINT('',(55.305234151,-17.276882568,18.6000508));
#4021=CARTESIAN_POINT('',(55.305420652,-19.322711062,18.6000508));
#4022=CARTESIAN_POINT('',(54.910474494,-21.309053436,18.6000508));
#4023=CARTESIAN_POINT('',(54.256899149,-23.233273991,18.6000508));
#4024=CARTESIAN_POINT('',(53.23866954,-24.9994338,18.6000508));
#4025=CARTESIAN_POINT('',(51.899445307,-26.524294722,18.6000508));
#4026=CARTESIAN_POINT('',(50.755182103,-27.529324952,18.6000508));
#4027=CARTESIAN_POINT('',(49.492323519,-28.37327582,18.6000508));
#4028=CARTESIAN_POINT('',(47.669545267,-29.271751218,18.6000508));
#4029=CARTESIAN_POINT('',(45.700684999,-29.800615819,18.6000508));
#4030=CARTESIAN_POINT('',(43.675470759,-29.931881923,18.6000508));
#4031=CARTESIAN_POINT('',(42.15569088,-29.833429035,18.6000508));
#4032=CARTESIAN_POINT('',(40.665951635,-29.537216566,18.6000508));
#4033=CARTESIAN_POINT('',(38.741734583,-28.883635584,18.6000508));
#4034=CARTESIAN_POINT('',(36.975576729,-27.865405297,18.6000508));
#4035=CARTESIAN_POINT('',(35.450714437,-26.526181245,18.6000508));
#4036=CARTESIAN_POINT('',(34.445682842,-25.381915578,18.6000508));
#4037=CARTESIAN_POINT('',(33.601723092,-24.119046001,18.6000508));
#4038=CARTESIAN_POINT('',(32.703377669,-22.296432158,18.6000508));
#4039=CARTESIAN_POINT('',(32.273451458,-20.696480966,18.6000508));
#4040=CARTESIAN_POINT('',(32.129425928,-19.439625749,18.6000508));
#4041=CARTESIAN_POINT('',(32.088254985,-18.934959395,18.6000508));
#4042=CARTESIAN_POINT('',(32.059329261,-18.048355243,18.6000508));
#4043=CARTESIAN_POINT('',(32.141401708,-16.781809801,18.6000508));
#4044=CARTESIAN_POINT('',(32.388416312,-15.54072279,18.6000508));
#4045=CARTESIAN_POINT('',(32.630495574,-14.7440591,18.6000508));
#4046=CARTESIAN_POINT('',(32.738384936,-14.436107825,18.6000508));
#4047=CARTESIAN_POINT('',(32.763206492,-14.367336059,18.6000508));
#4048=B_SPLINE_CURVE_WITH_KNOTS('',3,(#4004,#4005,#4006,#4007,#4008,#4009,#4010,#4011,#4012,#4013,#4014,#4015,#4016,#4017,#4018,#4019,#4020,#4021,#4022,#4023,#4024,#4025,#4026,#4027,#4028,#4029,
#4030,#4031,#4032,#4033,#4034,#4035,#4036,#4037,#4038,#4039,#4040,#4041,#4042,#4043,#4044,#4045,#4046,#4047),.UNSPECIFIED.,.F.,.F.,(4,1,1,1,1,1,1,1,1,1,1,1,1,1,1,1,1,1,1,1,1,1,1,1,1,1,
1,1,1,1,1,1,1,1,1,1,1,1,1,1,1,4),(0.172772159,0.1875,0.197916667,0.208333333,0.229166667,0.25,0.270833333,0.291666667,0.3125,0.354166667,0.375,0.395833333,0.416666667,0.4375,0.458333333,0.479166667,0.520833333,0.541666667,0.5625,0.604166667,0.625,0.645833333,0.666666667,0.6875,0.729166667,0.75,
0.770833333,0.791666667,0.8125,0.854166667,0.875,0.895833333,0.916666667,0.9375,0.979166667,0.984375,0.989583333,1.,1.020833333,1.041666667,1.052083333,1.055091198),.UNSPECIFIED.);
#4049=EDGE_CURVE('',#3995,#4003,#4048,.T.);
#4050=ORIENTED_EDGE('',*,*,#4049,.T.);
#4051=CARTESIAN_POINT('',(32.763206096,-14.367337165,18.6000508));
#4052=VERTEX_POINT('',#4051);
#4053=CARTESIAN_POINT('',(38.262793729,-8.042017281,18.6000508));
#4054=CARTESIAN_POINT('',(38.579374367,-7.875245991,18.6000508));
#4055=CARTESIAN_POINT('',(39.133392081,-7.615307042,18.6000508));
#4056=CARTESIAN_POINT('',(39.942925186,-7.310302566,18.6000508));
#4057=CARTESIAN_POINT('',(40.911934558,-7.01568978,18.6000508));
#4058=CARTESIAN_POINT('',(42.153233253,-6.768525246,18.6000508));
#4059=CARTESIAN_POINT('',(43.672840576,-6.669599777,18.6000508));
#4060=CARTESIAN_POINT('',(45.192579656,-6.768336007,18.6000508));
#4061=CARTESIAN_POINT('',(46.682326537,-7.064536556,18.6000508));
#4062=CARTESIAN_POINT('',(48.606538037,-7.718111727,18.6000508));
#4063=CARTESIAN_POINT('',(50.372696042,-8.736337875,18.6000508));
#4064=CARTESIAN_POINT('',(51.897560266,-10.075566228,18.6000508));
#4065=CARTESIAN_POINT('',(52.902602145,-11.219842974,18.6000508));
#4066=CARTESIAN_POINT('',(53.746650491,-12.482816231,18.6000508));
#4067=CARTESIAN_POINT('',(54.419565241,-13.848793529,18.6000508));
#4068=CARTESIAN_POINT('',(54.909896847,-15.290424993,18.6000508));
#4069=CARTESIAN_POINT('',(55.305234151,-17.276882568,18.6000508));
#4070=CARTESIAN_POINT('',(55.305420652,-19.322711062,18.6000508));
#4071=CARTESIAN_POINT('',(54.910474494,-21.309053436,18.6000508));
#4072=CARTESIAN_POINT('',(54.256899149,-23.233273991,18.6000508));
#4073=CARTESIAN_POINT('',(53.23866954,-24.9994338,18.6000508));
#4074=CARTESIAN_POINT('',(51.899445307,-26.524294722,18.6000508));
#4075=CARTESIAN_POINT('',(50.755182103,-27.529324952,18.6000508));
#4076=CARTESIAN_POINT('',(49.492323519,-28.37327582,18.6000508));
#4077=CARTESIAN_POINT('',(47.669545267,-29.271751218,18.6000508));
#4078=CARTESIAN_POINT('',(45.700684999,-29.800615819,18.6000508));
#4079=CARTESIAN_POINT('',(43.675470759,-29.931881923,18.6000508));
#4080=CARTESIAN_POINT('',(42.15569088,-29.833429035,18.6000508));
#4081=CARTESIAN_POINT('',(40.665951635,-29.537216566,18.6000508));
#4082=CARTESIAN_POINT('',(38.741734583,-28.883635584,18.6000508));
#4083=CARTESIAN_POINT('',(36.975576729,-27.865405297,18.6000508));
#4084=CARTESIAN_POINT('',(35.450714437,-26.526181245,18.6000508));
#4085=CARTESIAN_POINT('',(34.445682842,-25.381915578,18.6000508));
#4086=CARTESIAN_POINT('',(33.601723092,-24.119046001,18.6000508));
#4087=CARTESIAN_POINT('',(32.703377669,-22.296432158,18.6000508));
#4088=CARTESIAN_POINT('',(32.273451458,-20.696480966,18.6000508));
#4089=CARTESIAN_POINT('',(32.129425928,-19.439625749,18.6000508));
#4090=CARTESIAN_POINT('',(32.088254985,-18.934959395,18.6000508));
#4091=CARTESIAN_POINT('',(32.059329261,-18.048355243,18.6000508));
#4092=CARTESIAN_POINT('',(32.141401708,-16.781809801,18.6000508));
#4093=CARTESIAN_POINT('',(32.388416312,-15.54072279,18.6000508));
#4094=CARTESIAN_POINT('',(32.630495574,-14.7440591,18.6000508));
#4095=CARTESIAN_POINT('',(32.738384936,-14.436107825,18.6000508));
#4096=CARTESIAN_POINT('',(32.763206492,-14.367336059,18.6000508));
#4097=B_SPLINE_CURVE_WITH_KNOTS('',3,(#4053,#4054,#4055,#4056,#4057,#4058,#4059,#4060,#4061,#4062,#4063,#4064,#4065,#4066,#4067,#4068,#4069,#4070,#4071,#4072,#4073,#4074,#4075,#4076,#4077,#4078,
#4079,#4080,#4081,#4082,#4083,#4084,#4085,#4086,#4087,#4088,#4089,#4090,#4091,#4092,#4093,#4094,#4095,#4096),.UNSPECIFIED.,.F.,.F.,(4,1,1,1,1,1,1,1,1,1,1,1,1,1,1,1,1,1,1,1,1,1,1,1,1,1,
1,1,1,1,1,1,1,1,1,1,1,1,1,1,1,4),(0.172772159,0.1875,0.197916667,0.208333333,0.229166667,0.25,0.270833333,0.291666667,0.3125,0.354166667,0.375,0.395833333,0.416666667,0.4375,0.458333333,0.479166667,0.520833333,0.541666667,0.5625,0.604166667,0.625,0.645833333,0.666666667,0.6875,0.729166667,0.75,
0.770833333,0.791666667,0.8125,0.854166667,0.875,0.895833333,0.916666667,0.9375,0.979166667,0.984375,0.989583333,1.,1.020833333,1.041666667,1.052083333,1.055091198),.UNSPECIFIED.);
#4098=EDGE_CURVE('',#4003,#4052,#4097,.T.);
#4099=ORIENTED_EDGE('',*,*,#4098,.T.);
#4100=CARTESIAN_POINT('',(11.347654939,-14.367337165,18.6000508));
#4101=DIRECTION('',(1.,0.,-0.));
#4102=VECTOR('',#4101,21.415551157);
#4103=LINE('',#4100,#4102);
#4104=EDGE_CURVE('',#3979,#4052,#4103,.T.);
#4105=ORIENTED_EDGE('',*,*,#4104,.F.);
#4106=EDGE_LOOP('',(#3985,#3993,#4001,#4050,#4099,#4105));
#4107=FACE_BOUND('',#4106,.T.);
#4108=ADVANCED_FACE('',(#3975,#4107),#3969,.T.);
#4109=CARTESIAN_POINT('',(5.504504777,250.587114337,-0.855513681));
#4110=DIRECTION('',(1.,0.,0.));
#4111=DIRECTION('',(0.,0.,-1.));
#4112=AXIS2_PLACEMENT_3D('',#4109,#4110,#4111);
#4113=PLANE('',#4112);
#4114=ORIENTED_EDGE('',*,*,#3895,.T.);
#4115=CARTESIAN_POINT('',(5.504504777,48.799691071,13.689437383));
#4116=VERTEX_POINT('',#4115);
#4117=CARTESIAN_POINT('',(5.504504777,48.799691071,11.799457483));
#4118=DIRECTION('',(0.,0.,1.));
#4119=VECTOR('',#4118,1.8899799);
#4120=LINE('',#4117,#4119);
#4121=EDGE_CURVE('',#3884,#4116,#4120,.T.);
#4122=ORIENTED_EDGE('',*,*,#4121,.T.);
#4123=CARTESIAN_POINT('',(5.504504777,49.799691071,13.689437383));
#4124=DIRECTION('',(0.,-1.,0.));
#4125=VECTOR('',#4124,1.);
#4126=LINE('',#4123,#4125);
#4127=EDGE_CURVE('',#3731,#4116,#4126,.T.);
#4128=ORIENTED_EDGE('',*,*,#4127,.F.);
#4129=ORIENTED_EDGE('',*,*,#3736,.T.);
#4130=EDGE_LOOP('',(#4114,#4122,#4128,#4129));
#4131=FACE_BOUND('',#4130,.T.);
#4132=ADVANCED_FACE('',(#4131),#4113,.F.);
#4133=CARTESIAN_POINT('',(-45.75381099,250.587114337,13.689437383));
#4134=DIRECTION('',(-1.,0.,0.));
#4135=DIRECTION('',(0.,0.,1.));
#4136=AXIS2_PLACEMENT_3D('',#4133,#4134,#4135);
#4137=PLANE('',#4136);
#4138=CARTESIAN_POINT('',(-45.75381099,48.799691071,13.689437383));
#4139=VERTEX_POINT('',#4138);
#4140=CARTESIAN_POINT('',(-45.75381099,49.799691071,13.689437383));
#4141=DIRECTION('',(0.,-1.,0.));
#4142=VECTOR('',#4141,1.);
#4143=LINE('',#4140,#4142);
#4144=EDGE_CURVE('',#3739,#4139,#4143,.T.);
#4145=ORIENTED_EDGE('',*,*,#4144,.T.);
#4146=CARTESIAN_POINT('',(-45.75381099,48.799691071,13.689437383));
#4147=DIRECTION('',(0.,0.,-1.));
#4148=VECTOR('',#4147,1.8899799);
#4149=LINE('',#4146,#4148);
#4150=EDGE_CURVE('',#4139,#3914,#4149,.T.);
#4151=ORIENTED_EDGE('',*,*,#4150,.T.);
#4152=ORIENTED_EDGE('',*,*,#3919,.F.);
#4153=ORIENTED_EDGE('',*,*,#3752,.T.);
#4154=EDGE_LOOP('',(#4145,#4151,#4152,#4153));
#4155=FACE_BOUND('',#4154,.T.);
#4156=ADVANCED_FACE('',(#4155),#4137,.F.);
#4157=CARTESIAN_POINT('',(5.504504777,250.587114337,13.689437383));
#4158=DIRECTION('',(0.,0.,1.));
#4159=DIRECTION('',(1.,0.,0.));
#4160=AXIS2_PLACEMENT_3D('',#4157,#4158,#4159);
#4161=PLANE('',#4160);
#4162=ORIENTED_EDGE('',*,*,#4127,.T.);
#4163=CARTESIAN_POINT('',(5.504504777,48.799691071,13.689437383));
#4164=DIRECTION('',(-1.,0.,0.));
#4165=VECTOR('',#4164,51.258315768);
#4166=LINE('',#4163,#4165);
#4167=EDGE_CURVE('',#4116,#4139,#4166,.T.);
#4168=ORIENTED_EDGE('',*,*,#4167,.T.);
#4169=ORIENTED_EDGE('',*,*,#4144,.F.);
#4170=ORIENTED_EDGE('',*,*,#3744,.T.);
#4171=EDGE_LOOP('',(#4162,#4168,#4169,#4170));
#4172=FACE_BOUND('',#4171,.T.);
#4173=ADVANCED_FACE('',(#4172),#4161,.F.);
#4174=CARTESIAN_POINT('',(5.504504777,250.063385993,11.799457483));
#4175=DIRECTION('',(0.,0.,1.));
#4176=DIRECTION('',(1.,0.,0.));
#4177=AXIS2_PLACEMENT_3D('',#4174,#4175,#4176);
#4178=PLANE('',#4177);
#4179=CARTESIAN_POINT('',(5.504504777,48.799691071,11.799457483));
#4180=DIRECTION('',(-1.,0.,0.));
#4181=VECTOR('',#4180,51.258315768);
#4182=LINE('',#4179,#4181);
#4183=EDGE_CURVE('',#3884,#3914,#4182,.T.);
#4184=ORIENTED_EDGE('',*,*,#4183,.F.);
#4185=ORIENTED_EDGE('',*,*,#3889,.T.);
#4186=ORIENTED_EDGE('',*,*,#3581,.F.);
#4187=ORIENTED_EDGE('',*,*,#3925,.F.);
#4188=EDGE_LOOP('',(#4184,#4185,#4186,#4187));
#4189=FACE_BOUND('',#4188,.T.);
#4190=ADVANCED_FACE('',(#4189),#4178,.F.);
#4191=CARTESIAN_POINT('',(95.284569731,48.799691071,13.689437383));
#4192=DIRECTION('',(0.,1.,0.));
#4193=DIRECTION('',(0.,0.,1.));
#4194=AXIS2_PLACEMENT_3D('',#4191,#4192,#4193);
#4195=PLANE('',#4194);
#4196=CARTESIAN_POINT('',(-38.303362409,48.799691071,13.675056917));
#4197=VERTEX_POINT('',#4196);
#4198=CARTESIAN_POINT('',(-38.303362409,48.799691071,12.744447433));
#4199=DIRECTION('',(0.,1.,0.));
#4200=DIRECTION('',(0.,-0.,1.));
#4201=AXIS2_PLACEMENT_3D('',#4198,#4199,#4200);
#4202=CIRCLE('',#4201,0.930609484);
#4203=EDGE_CURVE('',#4197,#4197,#4202,.T.);
#4204=ORIENTED_EDGE('',*,*,#4203,.F.);
#4205=EDGE_LOOP('',(#4204));
#4206=FACE_BOUND('',#4205,.T.);
#4207=CARTESIAN_POINT('',(-1.060649985,48.799691071,13.675056917));
#4208=VERTEX_POINT('',#4207);
#4209=CARTESIAN_POINT('',(-1.060649985,48.799691071,12.744447433));
#4210=DIRECTION('',(0.,1.,0.));
#4211=DIRECTION('',(0.,-0.,1.));
#4212=AXIS2_PLACEMENT_3D('',#4209,#4210,#4211);
#4213=CIRCLE('',#4212,0.930609484);
#4214=EDGE_CURVE('',#4208,#4208,#4213,.T.);
#4215=ORIENTED_EDGE('',*,*,#4214,.F.);
#4216=EDGE_LOOP('',(#4215));
#4217=FACE_BOUND('',#4216,.T.);
#4218=ORIENTED_EDGE('',*,*,#4121,.F.);
#4219=ORIENTED_EDGE('',*,*,#4183,.T.);
#4220=ORIENTED_EDGE('',*,*,#4150,.F.);
#4221=ORIENTED_EDGE('',*,*,#4167,.F.);
#4222=EDGE_LOOP('',(#4218,#4219,#4220,#4221));
#4223=FACE_BOUND('',#4222,.T.);
#4224=ADVANCED_FACE('',(#4206,#4217,#4223),#4195,.T.);
#4225=CARTESIAN_POINT('',(-1.060649985,-30.126200953,12.744447433));
#4226=DIRECTION('',(0.,1.,0.));
#4227=DIRECTION('',(0.,-0.,1.));
#4228=AXIS2_PLACEMENT_3D('',#4225,#4226,#4227);
#4229=CYLINDRICAL_SURFACE('',#4228,0.930609484);
#4230=CARTESIAN_POINT('',(-1.060649985,48.799691071,13.675056917));
#4231=DIRECTION('',(-0.,-1.,-0.));
#4232=VECTOR('',#4231,1.);
#4233=LINE('',#4230,#4232);
#4234=EDGE_CURVE('',#4208,#3523,#4233,.T.);
#4235=ORIENTED_EDGE('',*,*,#4234,.F.);
#4236=ORIENTED_EDGE('',*,*,#4214,.T.);
#4237=ORIENTED_EDGE('',*,*,#4234,.T.);
#4238=ORIENTED_EDGE('',*,*,#3529,.F.);
#4239=EDGE_LOOP('',(#4235,#4236,#4237,#4238));
#4240=FACE_BOUND('',#4239,.T.);
#4241=ADVANCED_FACE('',(#4240),#4229,.F.);
#4242=CARTESIAN_POINT('',(-38.303362409,-28.521108899,12.744447433));
#4243=DIRECTION('',(0.,1.,0.));
#4244=DIRECTION('',(0.,-0.,1.));
#4245=AXIS2_PLACEMENT_3D('',#4242,#4243,#4244);
#4246=CYLINDRICAL_SURFACE('',#4245,0.930609484);
#4247=CARTESIAN_POINT('',(-38.303362409,48.799691071,13.675056917));
#4248=DIRECTION('',(-0.,-1.,-0.));
#4249=VECTOR('',#4248,1.);
#4250=LINE('',#4247,#4249);
#4251=EDGE_CURVE('',#4197,#3512,#4250,.T.);
#4252=ORIENTED_EDGE('',*,*,#4251,.F.);
#4253=ORIENTED_EDGE('',*,*,#4203,.T.);
#4254=ORIENTED_EDGE('',*,*,#4251,.T.);
#4255=ORIENTED_EDGE('',*,*,#3518,.F.);
#4256=EDGE_LOOP('',(#4252,#4253,#4254,#4255));
#4257=FACE_BOUND('',#4256,.T.);
#4258=ADVANCED_FACE('',(#4257),#4246,.F.);
#4259=CARTESIAN_POINT('',(11.347654939,23.84545647,17.6000508));
#4260=DIRECTION('',(-1.,0.,0.));
#4261=DIRECTION('',(0.,0.,1.));
#4262=AXIS2_PLACEMENT_3D('',#4259,#4260,#4261);
#4263=PLANE('',#4262);
#4264=ORIENTED_EDGE('',*,*,#3984,.T.);
#4265=CARTESIAN_POINT('',(11.347654939,-14.367337165,17.6000508));
#4266=VERTEX_POINT('',#4265);
#4267=CARTESIAN_POINT('',(11.347654939,-14.367337165,17.6000508));
#4268=DIRECTION('',(0.,0.,1.));
#4269=VECTOR('',#4268,1.);
#4270=LINE('',#4267,#4269);
#4271=EDGE_CURVE('',#4266,#3979,#4270,.T.);
#4272=ORIENTED_EDGE('',*,*,#4271,.F.);
#4273=CARTESIAN_POINT('',(11.347654939,6.874559987,17.6000508));
#4274=VERTEX_POINT('',#4273);
#4275=CARTESIAN_POINT('',(11.347654939,6.874559987,17.6000508));
#4276=DIRECTION('',(0.,-1.,0.));
#4277=VECTOR('',#4276,21.241897151);
#4278=LINE('',#4275,#4277);
#4279=EDGE_CURVE('',#4274,#4266,#4278,.T.);
#4280=ORIENTED_EDGE('',*,*,#4279,.F.);
#4281=CARTESIAN_POINT('',(11.347654939,6.874559987,17.6000508));
#4282=DIRECTION('',(0.,0.,1.));
#4283=VECTOR('',#4282,1.);
#4284=LINE('',#4281,#4283);
#4285=EDGE_CURVE('',#4274,#3977,#4284,.T.);
#4286=ORIENTED_EDGE('',*,*,#4285,.T.);
#4287=EDGE_LOOP('',(#4264,#4272,#4280,#4286));
#4288=FACE_BOUND('',#4287,.T.);
#4289=ADVANCED_FACE('',(#4288),#4263,.F.);
#4290=CARTESIAN_POINT('',(30.987668395,-14.367337165,17.6000508));
#4291=DIRECTION('',(0.,-1.,0.));
#4292=DIRECTION('',(0.,0.,-1.));
#4293=AXIS2_PLACEMENT_3D('',#4290,#4291,#4292);
#4294=PLANE('',#4293);
#4295=CARTESIAN_POINT('',(32.763206093,-14.367337165,18.446711812));
#4296=VERTEX_POINT('',#4295);
#4297=CARTESIAN_POINT('',(32.763206093,-14.367337165,18.446711812));
#4298=DIRECTION('',(0.,0.,1.));
#4299=VECTOR('',#4298,0.153338988);
#4300=LINE('',#4297,#4299);
#4301=EDGE_CURVE('',#4296,#4052,#4300,.T.);
#4302=ORIENTED_EDGE('',*,*,#4301,.F.);
#4303=CARTESIAN_POINT('',(32.17413681,-14.367337165,18.446711812));
#4304=VERTEX_POINT('',#4303);
#4305=CARTESIAN_POINT('',(32.763206093,-14.367337165,18.446711812));
#4306=DIRECTION('',(-1.,0.,0.));
#4307=VECTOR('',#4306,0.589069283);
#4308=LINE('',#4305,#4307);
#4309=EDGE_CURVE('',#4296,#4304,#4308,.T.);
#4310=ORIENTED_EDGE('',*,*,#4309,.T.);
#4311=CARTESIAN_POINT('',(32.17413681,-14.367337165,17.6000508));
#4312=VERTEX_POINT('',#4311);
#4313=CARTESIAN_POINT('',(32.17413681,-14.367337165,18.446711812));
#4314=DIRECTION('',(0.,0.,-1.));
#4315=VECTOR('',#4314,0.846661012);
#4316=LINE('',#4313,#4315);
#4317=EDGE_CURVE('',#4304,#4312,#4316,.T.);
#4318=ORIENTED_EDGE('',*,*,#4317,.T.);
#4319=CARTESIAN_POINT('',(11.347654939,-14.367337165,17.6000508));
#4320=DIRECTION('',(1.,0.,-0.));
#4321=VECTOR('',#4320,20.826481871);
#4322=LINE('',#4319,#4321);
#4323=EDGE_CURVE('',#4266,#4312,#4322,.T.);
#4324=ORIENTED_EDGE('',*,*,#4323,.F.);
#4325=ORIENTED_EDGE('',*,*,#4271,.T.);
#4326=ORIENTED_EDGE('',*,*,#4104,.T.);
#4327=EDGE_LOOP('',(#4302,#4310,#4318,#4324,#4325,#4326));
#4328=FACE_BOUND('',#4327,.T.);
#4329=ADVANCED_FACE('',(#4328),#4294,.F.);
#4330=CARTESIAN_POINT('',(32.174390139,-16.786901487,18.446711812));
#4331=CARTESIAN_POINT('',(32.174390139,-16.786901487,18.6000508));
#4332=CARTESIAN_POINT('',(32.240207549,-16.285374997,18.446711812));
#4333=CARTESIAN_POINT('',(32.240207549,-16.285374997,18.6000508));
#4334=CARTESIAN_POINT('',(32.388416312,-15.54072279,18.446711812));
#4335=CARTESIAN_POINT('',(32.388416312,-15.54072279,18.6000508));
#4336=CARTESIAN_POINT('',(32.63049546,-14.744059475,18.446711812));
#4337=CARTESIAN_POINT('',(32.63049546,-14.744059475,18.6000508));
#4338=CARTESIAN_POINT('',(32.738384677,-14.436108564,18.446711812));
#4339=CARTESIAN_POINT('',(32.738384677,-14.436108564,18.6000508));
#4340=CARTESIAN_POINT('',(32.763206093,-14.367337165,18.446711812));
#4341=CARTESIAN_POINT('',(32.763206093,-14.367337165,18.6000508));
#4342=B_SPLINE_SURFACE_WITH_KNOTS('',3,1,((#4330,#4331),(#4332,#4333),(#4334,#4335),(#4336,#4337),(#4338,#4339),(#4340,#4341)),.UNSPECIFIED.,.F.,.F.,.U.,(4,1,1,4),(2,2),(0.020833333,0.041666667,0.052083333,0.055091182),(0.846661012,1.),.UNSPECIFIED.);
#4343=CARTESIAN_POINT('',(32.17413681,-16.788833117,18.446711812));
#4344=VERTEX_POINT('',#4343);
#4345=CARTESIAN_POINT('',(32.174390139,-16.786901487,18.6000508));
#4346=CARTESIAN_POINT('',(32.174390139,-16.786901487,18.446711812));
#4347=B_SPLINE_CURVE_WITH_KNOTS('',1,(#4345,#4346),.UNSPECIFIED.,.F.,.F.,(2,2),(0.,0.153338988),.UNSPECIFIED.);
#4348=EDGE_CURVE('',#4003,#4344,#4347,.T.);
#4349=ORIENTED_EDGE('',*,*,#4348,.T.);
#4350=CARTESIAN_POINT('',(32.763206093,-14.367337165,18.446711812));
#4351=CARTESIAN_POINT('',(32.622882669,-14.756123946,18.446711812));
#4352=CARTESIAN_POINT('',(32.503119394,-15.152351789,18.446711812));
#4353=CARTESIAN_POINT('',(32.40458073,-15.556261174,18.446711812));
#4354=CARTESIAN_POINT('',(32.306042066,-15.96017056,18.446711812));
#4355=CARTESIAN_POINT('',(32.228621983,-16.373112075,18.446711812));
#4356=CARTESIAN_POINT('',(32.17413681,-16.788833117,18.446711812));
#4357=B_SPLINE_CURVE_WITH_KNOTS('',3,(#4350,#4351,#4352,#4353,#4354,#4355,#4356),.UNSPECIFIED.,.F.,.F.,(4,3,4),(-0.001958332,-0.000700872,0.000556589),.UNSPECIFIED.);
#4358=EDGE_CURVE('',#4296,#4344,#4357,.T.);
#4359=ORIENTED_EDGE('',*,*,#4358,.F.);
#4360=ORIENTED_EDGE('',*,*,#4301,.T.);
#4361=ORIENTED_EDGE('',*,*,#4098,.F.);
#4362=EDGE_LOOP('',(#4349,#4359,#4360,#4361));
#4363=FACE_BOUND('',#4362,.T.);
#4364=ADVANCED_FACE('',(#4363),#4342,.T.);
#4365=CARTESIAN_POINT('',(38.262774276,-0.00000001,0.));
#4366=DIRECTION('',(-1.,0.,0.));
#4367=DIRECTION('',(0.,0.,1.));
#4368=AXIS2_PLACEMENT_3D('',#4365,#4366,#4367);
#4369=PLANE('',#4368);
#4370=CARTESIAN_POINT('',(38.262774274,-8.04202753,17.6000508));
#4371=VERTEX_POINT('',#4370);
#4372=CARTESIAN_POINT('',(38.262774278,6.874559987,17.6000508));
#4373=VERTEX_POINT('',#4372);
#4374=CARTESIAN_POINT('',(38.262774274,-8.04202753,17.6000508));
#4375=DIRECTION('',(0.,1.,-0.));
#4376=VECTOR('',#4375,14.916587517);
#4377=LINE('',#4374,#4376);
#4378=EDGE_CURVE('',#4371,#4373,#4377,.T.);
#4379=ORIENTED_EDGE('',*,*,#4378,.F.);
#4380=CARTESIAN_POINT('',(38.262774274,-8.04202753,17.6000508));
#4381=DIRECTION('',(0.,0.,1.));
#4382=VECTOR('',#4381,1.);
#4383=LINE('',#4380,#4382);
#4384=EDGE_CURVE('',#4371,#3995,#4383,.T.);
#4385=ORIENTED_EDGE('',*,*,#4384,.T.);
#4386=ORIENTED_EDGE('',*,*,#4000,.T.);
#4387=CARTESIAN_POINT('',(38.262774278,6.874559987,17.6000508));
#4388=DIRECTION('',(-0.,-0.,1.));
#4389=VECTOR('',#4388,1.);
#4390=LINE('',#4387,#4389);
#4391=EDGE_CURVE('',#4373,#3987,#4390,.T.);
#4392=ORIENTED_EDGE('',*,*,#4391,.F.);
#4393=EDGE_LOOP('',(#4379,#4385,#4386,#4392));
#4394=FACE_BOUND('',#4393,.T.);
#4395=ADVANCED_FACE('',(#4394),#4369,.T.);
#4396=CARTESIAN_POINT('',(30.987668395,6.874559987,17.6000508));
#4397=DIRECTION('',(0.,1.,0.));
#4398=DIRECTION('',(0.,0.,1.));
#4399=AXIS2_PLACEMENT_3D('',#4396,#4397,#4398);
#4400=PLANE('',#4399);
#4401=ORIENTED_EDGE('',*,*,#3992,.T.);
#4402=ORIENTED_EDGE('',*,*,#4285,.F.);
#4403=CARTESIAN_POINT('',(38.262774278,6.874559987,17.6000508));
#4404=DIRECTION('',(-1.,0.,0.));
#4405=VECTOR('',#4404,26.915119339);
#4406=LINE('',#4403,#4405);
#4407=EDGE_CURVE('',#4373,#4274,#4406,.T.);
#4408=ORIENTED_EDGE('',*,*,#4407,.F.);
#4409=ORIENTED_EDGE('',*,*,#4391,.T.);
#4410=EDGE_LOOP('',(#4401,#4402,#4408,#4409));
#4411=FACE_BOUND('',#4410,.T.);
#4412=ADVANCED_FACE('',(#4411),#4400,.F.);
#4413=CARTESIAN_POINT('',(30.987668395,23.84545647,17.6000508));
#4414=DIRECTION('',(0.,0.,-1.));
#4415=DIRECTION('',(-1.,0.,0.));
#4416=AXIS2_PLACEMENT_3D('',#4413,#4414,#4415);
#4417=PLANE('',#4416);
#4418=CARTESIAN_POINT('',(42.163779151,-29.800872821,17.6000508));
#4419=VERTEX_POINT('',#4418);
#4420=CARTESIAN_POINT('',(32.17413681,-29.800872821,17.6000508));
#4421=VERTEX_POINT('',#4420);
#4422=CARTESIAN_POINT('',(42.163779151,-29.800872821,17.6000508));
#4423=DIRECTION('',(-1.,0.,0.));
#4424=VECTOR('',#4423,9.989642342);
#4425=LINE('',#4422,#4424);
#4426=EDGE_CURVE('',#4419,#4421,#4425,.T.);
#4427=ORIENTED_EDGE('',*,*,#4426,.F.);
#4428=CARTESIAN_POINT('',(45.185315692,-29.800872821,17.6000508));
#4429=VERTEX_POINT('',#4428);
#4430=CARTESIAN_POINT('',(45.185287715,-29.800876449,17.6000508));
#4431=CARTESIAN_POINT('',(44.685118805,-29.866440386,17.6000508));
#4432=CARTESIAN_POINT('',(43.675027183,-29.931719017,17.6000508));
#4433=CARTESIAN_POINT('',(42.664358972,-29.866380934,17.6000508));
#4434=CARTESIAN_POINT('',(42.163779156,-29.800872787,17.6000508));
#4435=B_SPLINE_CURVE_WITH_KNOTS('',3,(#4430,#4431,#4432,#4433,#4434),.UNSPECIFIED.,.F.,.F.,(4,1,4),(0.729227546,0.75,0.770790671),.UNSPECIFIED.);
#4436=EDGE_CURVE('',#4429,#4419,#4435,.T.);
#4437=ORIENTED_EDGE('',*,*,#4436,.F.);
#4438=CARTESIAN_POINT('',(55.17413681,-29.800872821,17.6000508));
#4439=VERTEX_POINT('',#4438);
#4440=CARTESIAN_POINT('',(55.17413681,-29.800872821,17.6000508));
#4441=DIRECTION('',(-1.,0.,0.));
#4442=VECTOR('',#4441,9.988821118);
#4443=LINE('',#4440,#4442);
#4444=EDGE_CURVE('',#4439,#4429,#4443,.T.);
#4445=ORIENTED_EDGE('',*,*,#4444,.F.);
#4446=CARTESIAN_POINT('',(55.1741368,-19.811437442,17.6000508));
#4447=VERTEX_POINT('',#4446);
#4448=CARTESIAN_POINT('',(55.17413681,-19.811437442,17.6000508));
#4449=DIRECTION('',(-0.,-1.,0.));
#4450=VECTOR('',#4449,9.989435379);
#4451=LINE('',#4448,#4450);
#4452=EDGE_CURVE('',#4447,#4439,#4451,.T.);
#4453=ORIENTED_EDGE('',*,*,#4452,.F.);
#4454=CARTESIAN_POINT('',(55.17413681,-16.790294502,17.6000508));
#4455=VERTEX_POINT('',#4454);
#4456=CARTESIAN_POINT('',(55.174136791,-16.790294504,17.6000508));
#4457=CARTESIAN_POINT('',(55.305154033,-17.790824725,17.6000508));
#4458=CARTESIAN_POINT('',(55.305152037,-18.81097392,17.6000508));
#4459=CARTESIAN_POINT('',(55.1741368,-19.811437442,17.6000508));
#4460=B_SPLINE_CURVE_WITH_KNOTS('',3,(#4456,#4457,#4458,#4459),.UNSPECIFIED.,.F.,.F.,(4,4),(0.479236983,0.520793152),.UNSPECIFIED.);
#4461=EDGE_CURVE('',#4455,#4447,#4460,.T.);
#4462=ORIENTED_EDGE('',*,*,#4461,.F.);
#4463=CARTESIAN_POINT('',(55.17413681,-6.800872821,17.6000508));
#4464=VERTEX_POINT('',#4463);
#4465=CARTESIAN_POINT('',(55.17413681,-6.800872821,17.6000508));
#4466=DIRECTION('',(-0.,-1.,0.));
#4467=VECTOR('',#4466,9.989421681);
#4468=LINE('',#4465,#4467);
#4469=EDGE_CURVE('',#4464,#4455,#4468,.T.);
#4470=ORIENTED_EDGE('',*,*,#4469,.F.);
#4471=CARTESIAN_POINT('',(45.184729029,-6.800872821,17.6000508));
#4472=VERTEX_POINT('',#4471);
#4473=CARTESIAN_POINT('',(45.184729029,-6.800872821,17.6000508));
#4474=DIRECTION('',(1.,-0.,0.));
#4475=VECTOR('',#4474,9.98940778);
#4476=LINE('',#4473,#4475);
#4477=EDGE_CURVE('',#4472,#4464,#4476,.T.);
#4478=ORIENTED_EDGE('',*,*,#4477,.F.);
#4479=CARTESIAN_POINT('',(38.262793729,-8.042017281,17.6000508));
#4480=CARTESIAN_POINT('',(38.579374367,-7.875245991,17.6000508));
#4481=CARTESIAN_POINT('',(39.133392081,-7.615307042,17.6000508));
#4482=CARTESIAN_POINT('',(39.942925186,-7.310302566,17.6000508));
#4483=CARTESIAN_POINT('',(40.911934558,-7.01568978,17.6000508));
#4484=CARTESIAN_POINT('',(42.153233253,-6.768525246,17.6000508));
#4485=CARTESIAN_POINT('',(43.67188056,-6.669662273,17.6000508));
#4486=CARTESIAN_POINT('',(44.684079766,-6.735299295,17.6000508));
#4487=CARTESIAN_POINT('',(45.184729028,-6.800872828,17.6000508));
#4488=B_SPLINE_CURVE_WITH_KNOTS('',3,(#4479,#4480,#4481,#4482,#4483,#4484,#4485,#4486,#4487),.UNSPECIFIED.,.F.,.F.,(4,1,1,1,1,1,4),(0.172772159,0.1875,0.197916667,0.208333333,0.229166667,0.25,0.270793849),.UNSPECIFIED.);
#4489=EDGE_CURVE('',#4371,#4472,#4488,.T.);
#4490=ORIENTED_EDGE('',*,*,#4489,.F.);
#4491=ORIENTED_EDGE('',*,*,#4378,.T.);
#4492=ORIENTED_EDGE('',*,*,#4407,.T.);
#4493=ORIENTED_EDGE('',*,*,#4279,.T.);
#4494=ORIENTED_EDGE('',*,*,#4323,.T.);
#4495=CARTESIAN_POINT('',(32.174136825,-16.788832996,17.6000508));
#4496=VERTEX_POINT('',#4495);
#4497=CARTESIAN_POINT('',(32.17413681,-16.788832996,17.6000508));
#4498=DIRECTION('',(0.,1.,0.));
#4499=VECTOR('',#4498,2.421495832);
#4500=LINE('',#4497,#4499);
#4501=EDGE_CURVE('',#4496,#4312,#4500,.T.);
#4502=ORIENTED_EDGE('',*,*,#4501,.F.);
#4503=CARTESIAN_POINT('',(32.17413681,-19.812039624,17.6000508));
#4504=VERTEX_POINT('',#4503);
#4505=CARTESIAN_POINT('',(32.174136829,-19.812039622,17.6000508));
#4506=CARTESIAN_POINT('',(32.157898046,-19.688088501,17.6000508));
#4507=CARTESIAN_POINT('',(32.129306846,-19.438166054,17.6000508));
#4508=CARTESIAN_POINT('',(32.088254985,-18.934959395,17.6000508));
#4509=CARTESIAN_POINT('',(32.059350479,-18.049005624,17.6000508));
#4510=CARTESIAN_POINT('',(32.108488495,-17.289728707,17.6000508));
#4511=CARTESIAN_POINT('',(32.174136825,-16.788832996,17.6000508));
#4512=B_SPLINE_CURVE_WITH_KNOTS('',3,(#4505,#4506,#4507,#4508,#4509,#4510,#4511),.UNSPECIFIED.,.F.,.F.,(4,1,1,1,4),(0.979226925,0.984375,0.989583333,1.,1.020806589),.UNSPECIFIED.);
#4513=EDGE_CURVE('',#4504,#4496,#4512,.T.);
#4514=ORIENTED_EDGE('',*,*,#4513,.F.);
#4515=CARTESIAN_POINT('',(32.17413681,-29.800872821,17.6000508));
#4516=DIRECTION('',(0.,1.,0.));
#4517=VECTOR('',#4516,9.988833196);
#4518=LINE('',#4515,#4517);
#4519=EDGE_CURVE('',#4421,#4504,#4518,.T.);
#4520=ORIENTED_EDGE('',*,*,#4519,.F.);
#4521=EDGE_LOOP('',(#4427,#4437,#4445,#4453,#4462,#4470,#4478,#4490,#4491,#4492,#4493,#4494,#4502,#4514,#4520));
#4522=FACE_BOUND('',#4521,.T.);
#4523=ORIENTED_EDGE('',*,*,#3557,.T.);
#4524=ORIENTED_EDGE('',*,*,#3617,.T.);
#4525=ORIENTED_EDGE('',*,*,#3664,.T.);
#4526=ORIENTED_EDGE('',*,*,#3940,.T.);
#4527=EDGE_LOOP('',(#4523,#4524,#4525,#4526));
#4528=FACE_BOUND('',#4527,.T.);
#4529=ADVANCED_FACE('',(#4522,#4528),#4417,.T.);
#4530=CARTESIAN_POINT('',(55.17413681,-29.800872821,18.446711812));
#4531=DIRECTION('',(1.,-0.,0.));
#4532=DIRECTION('',(0.,1.,0.));
#4533=AXIS2_PLACEMENT_3D('',#4530,#4531,#4532);
#4534=PLANE('',#4533);
#4535=CARTESIAN_POINT('',(55.17413681,-19.811437372,18.446711812));
#4536=VERTEX_POINT('',#4535);
#4537=CARTESIAN_POINT('',(55.17413681,-19.811437372,18.446711812));
#4538=DIRECTION('',(-0.,-0.,-1.));
#4539=VECTOR('',#4538,0.846661012);
#4540=LINE('',#4537,#4539);
#4541=EDGE_CURVE('',#4536,#4447,#4540,.T.);
#4542=ORIENTED_EDGE('',*,*,#4541,.T.);
#4543=ORIENTED_EDGE('',*,*,#4452,.T.);
#4544=CARTESIAN_POINT('',(55.17413681,-29.800872821,18.446711812));
#4545=VERTEX_POINT('',#4544);
#4546=CARTESIAN_POINT('',(55.17413681,-29.800872821,18.446711812));
#4547=DIRECTION('',(-0.,-0.,-1.));
#4548=VECTOR('',#4547,0.846661012);
#4549=LINE('',#4546,#4548);
#4550=EDGE_CURVE('',#4545,#4439,#4549,.T.);
#4551=ORIENTED_EDGE('',*,*,#4550,.F.);
#4552=CARTESIAN_POINT('',(55.17413681,-29.800872821,18.446711812));
#4553=DIRECTION('',(0.,1.,0.));
#4554=VECTOR('',#4553,9.989435449);
#4555=LINE('',#4552,#4554);
#4556=EDGE_CURVE('',#4545,#4536,#4555,.T.);
#4557=ORIENTED_EDGE('',*,*,#4556,.T.);
#4558=EDGE_LOOP('',(#4542,#4543,#4551,#4557));
#4559=FACE_BOUND('',#4558,.T.);
#4560=ADVANCED_FACE('',(#4559),#4534,.F.);
#4561=CARTESIAN_POINT('',(32.17413681,-29.800872821,18.446711812));
#4562=DIRECTION('',(-0.,-1.,0.));
#4563=DIRECTION('',(1.,-0.,0.));
#4564=AXIS2_PLACEMENT_3D('',#4561,#4562,#4563);
#4565=PLANE('',#4564);
#4566=CARTESIAN_POINT('',(45.185315396,-29.800872821,18.446711812));
#4567=VERTEX_POINT('',#4566);
#4568=CARTESIAN_POINT('',(45.185315396,-29.800872821,17.6000508));
#4569=DIRECTION('',(0.,0.,1.));
#4570=VECTOR('',#4569,0.846661012);
#4571=LINE('',#4568,#4570);
#4572=EDGE_CURVE('',#4429,#4567,#4571,.T.);
#4573=ORIENTED_EDGE('',*,*,#4572,.T.);
#4574=CARTESIAN_POINT('',(45.185315396,-29.800872821,18.446711812));
#4575=DIRECTION('',(1.,-0.,0.));
#4576=VECTOR('',#4575,9.988821414);
#4577=LINE('',#4574,#4576);
#4578=EDGE_CURVE('',#4567,#4545,#4577,.T.);
#4579=ORIENTED_EDGE('',*,*,#4578,.T.);
#4580=ORIENTED_EDGE('',*,*,#4550,.T.);
#4581=ORIENTED_EDGE('',*,*,#4444,.T.);
#4582=EDGE_LOOP('',(#4573,#4579,#4580,#4581));
#4583=FACE_BOUND('',#4582,.T.);
#4584=ADVANCED_FACE('',(#4583),#4565,.F.);
#4585=CARTESIAN_POINT('',(43.67413681,-18.300872821,18.446711812));
#4586=DIRECTION('',(0.,0.,1.));
#4587=DIRECTION('',(-0.,-1.,0.));
#4588=AXIS2_PLACEMENT_3D('',#4585,#4586,#4587);
#4589=PLANE('',#4588);
#4590=CARTESIAN_POINT('',(45.185315396,-29.800872821,18.446711812));
#4591=CARTESIAN_POINT('',(45.817708152,-29.717974943,18.446711812));
#4592=CARTESIAN_POINT('',(46.438676783,-29.583369175,18.446711812));
#4593=CARTESIAN_POINT('',(47.04839182,-29.397827381,18.446711812));
#4594=CARTESIAN_POINT('',(47.658106856,-29.212285587,18.446711812));
#4595=CARTESIAN_POINT('',(48.246254066,-28.978636269,18.446711812));
#4596=CARTESIAN_POINT('',(48.810086032,-28.700345265,18.446711812));
#4597=CARTESIAN_POINT('',(49.373917999,-28.422054262,18.446711812));
#4598=CARTESIAN_POINT('',(49.914683672,-28.098699931,18.446711812));
#4599=CARTESIAN_POINT('',(50.431322465,-27.728210263,18.446711812));
#4600=CARTESIAN_POINT('',(50.689641862,-27.542965429,18.446711812));
#4601=CARTESIAN_POINT('',(50.941103349,-27.346265425,18.446711812));
#4602=CARTESIAN_POINT('',(51.182016359,-27.141444905,18.446711812));
#4603=CARTESIAN_POINT('',(51.42292937,-26.936624384,18.446711812));
#4604=CARTESIAN_POINT('',(51.654470043,-26.722897865,18.446711812));
#4605=CARTESIAN_POINT('',(51.876856896,-26.500472992,18.446711812));
#4606=CARTESIAN_POINT('',(52.3216306,-26.055623244,18.446711812));
#4607=CARTESIAN_POINT('',(52.729970239,-25.576152279,18.446711812));
#4608=CARTESIAN_POINT('',(53.09995589,-25.060235703,18.446711812));
#4609=CARTESIAN_POINT('',(53.284948716,-24.802277415,18.446711812));
#4610=CARTESIAN_POINT('',(53.460416718,-24.534829971,18.446711812));
#4611=CARTESIAN_POINT('',(53.623095632,-24.263216645,18.446711812));
#4612=CARTESIAN_POINT('',(53.785774547,-23.99160332,18.446711812));
#4613=CARTESIAN_POINT('',(53.93656884,-23.714647551,18.446711812));
#4614=CARTESIAN_POINT('',(54.075730888,-23.432462788,18.446711812));
#4615=CARTESIAN_POINT('',(54.354054986,-22.868093263,18.446711812));
#4616=CARTESIAN_POINT('',(54.58605061,-22.282897896,18.446711812));
#4617=CARTESIAN_POINT('',(54.770750998,-21.676442101,18.446711812));
#4618=CARTESIAN_POINT('',(54.863101192,-21.373214204,18.446711812));
#4619=CARTESIAN_POINT('',(54.943642718,-21.06383291,18.446711812));
#4620=CARTESIAN_POINT('',(55.010976054,-20.752622622,18.446711812));
#4621=CARTESIAN_POINT('',(55.078309389,-20.441412335,18.446711812));
#4622=CARTESIAN_POINT('',(55.132722233,-20.127688961,18.446711812));
#4623=CARTESIAN_POINT('',(55.17413681,-19.811437372,18.446711812));
#4624=B_SPLINE_CURVE_WITH_KNOTS('',3,(#4590,#4591,#4592,#4593,#4594,#4595,#4596,#4597,#4598,#4599,#4600,#4601,#4602,#4603,#4604,#4605,#4606,#4607,#4608,#4609,#4610,#4611,#4612,#4613,#4614,#4615,
#4616,#4617,#4618,#4619,#4620,#4621,#4622,#4623),.UNSPECIFIED.,.F.,.F.,(4,3,3,3,3,3,3,3,3,3,3,4),(0.,0.001906156,0.003812311,0.005718467,0.006671545,0.007624623,0.009530778,0.010483856,0.011436934,0.013343089,0.014296167,0.015249245),.UNSPECIFIED.);
#4625=EDGE_CURVE('',#4567,#4536,#4624,.T.);
#4626=ORIENTED_EDGE('',*,*,#4625,.T.);
#4627=ORIENTED_EDGE('',*,*,#4556,.F.);
#4628=ORIENTED_EDGE('',*,*,#4578,.F.);
#4629=EDGE_LOOP('',(#4626,#4627,#4628));
#4630=FACE_BOUND('',#4629,.T.);
#4631=ADVANCED_FACE('',(#4630),#4589,.F.);
#4632=CARTESIAN_POINT('',(55.17413681,-29.800872821,18.446711812));
#4633=DIRECTION('',(1.,-0.,0.));
#4634=DIRECTION('',(0.,1.,0.));
#4635=AXIS2_PLACEMENT_3D('',#4632,#4633,#4634);
#4636=PLANE('',#4635);
#4637=CARTESIAN_POINT('',(55.17413681,-16.790294649,18.446711812));
#4638=VERTEX_POINT('',#4637);
#4639=CARTESIAN_POINT('',(55.17413681,-16.790294649,17.6000508));
#4640=DIRECTION('',(0.,0.,1.));
#4641=VECTOR('',#4640,0.846661012);
#4642=LINE('',#4639,#4641);
#4643=EDGE_CURVE('',#4455,#4638,#4642,.T.);
#4644=ORIENTED_EDGE('',*,*,#4643,.T.);
#4645=CARTESIAN_POINT('',(55.17413681,-6.800872821,18.446711812));
#4646=VERTEX_POINT('',#4645);
#4647=CARTESIAN_POINT('',(55.17413681,-16.790294649,18.446711812));
#4648=DIRECTION('',(0.,1.,0.));
#4649=VECTOR('',#4648,9.989421828);
#4650=LINE('',#4647,#4649);
#4651=EDGE_CURVE('',#4638,#4646,#4650,.T.);
#4652=ORIENTED_EDGE('',*,*,#4651,.T.);
#4653=CARTESIAN_POINT('',(55.17413681,-6.800872821,18.446711812));
#4654=DIRECTION('',(-0.,-0.,-1.));
#4655=VECTOR('',#4654,0.846661012);
#4656=LINE('',#4653,#4655);
#4657=EDGE_CURVE('',#4646,#4464,#4656,.T.);
#4658=ORIENTED_EDGE('',*,*,#4657,.T.);
#4659=ORIENTED_EDGE('',*,*,#4469,.T.);
#4660=EDGE_LOOP('',(#4644,#4652,#4658,#4659));
#4661=FACE_BOUND('',#4660,.T.);
#4662=ADVANCED_FACE('',(#4661),#4636,.F.);
#4663=CARTESIAN_POINT('',(55.17413681,-6.800872821,18.446711812));
#4664=DIRECTION('',(0.,1.,0.));
#4665=DIRECTION('',(-1.,0.,0.));
#4666=AXIS2_PLACEMENT_3D('',#4663,#4664,#4665);
#4667=PLANE('',#4666);
#4668=CARTESIAN_POINT('',(45.184728913,-6.800872813,18.446711812));
#4669=VERTEX_POINT('',#4668);
#4670=CARTESIAN_POINT('',(45.184728971,-6.800872821,18.446711812));
#4671=DIRECTION('',(-0.,-0.,-1.));
#4672=VECTOR('',#4671,0.846661012);
#4673=LINE('',#4670,#4672);
#4674=EDGE_CURVE('',#4669,#4472,#4673,.T.);
#4675=ORIENTED_EDGE('',*,*,#4674,.T.);
#4676=ORIENTED_EDGE('',*,*,#4477,.T.);
#4677=ORIENTED_EDGE('',*,*,#4657,.F.);
#4678=CARTESIAN_POINT('',(55.17413681,-6.800872821,18.446711812));
#4679=DIRECTION('',(-1.,0.,0.));
#4680=VECTOR('',#4679,9.989407897);
#4681=LINE('',#4678,#4680);
#4682=EDGE_CURVE('',#4646,#4669,#4681,.T.);
#4683=ORIENTED_EDGE('',*,*,#4682,.T.);
#4684=EDGE_LOOP('',(#4675,#4676,#4677,#4683));
#4685=FACE_BOUND('',#4684,.T.);
#4686=ADVANCED_FACE('',(#4685),#4667,.F.);
#4687=CARTESIAN_POINT('',(43.67413681,-18.300872821,18.446711812));
#4688=DIRECTION('',(0.,0.,1.));
#4689=DIRECTION('',(-0.,-1.,0.));
#4690=AXIS2_PLACEMENT_3D('',#4687,#4688,#4689);
#4691=PLANE('',#4690);
#4692=CARTESIAN_POINT('',(55.17413681,-16.790294649,18.446711812));
#4693=CARTESIAN_POINT('',(55.091325249,-16.157893329,18.446711812));
#4694=CARTESIAN_POINT('',(54.956932795,-15.53688415,18.446711812));
#4695=CARTESIAN_POINT('',(54.771261756,-14.927200346,18.446711812));
#4696=CARTESIAN_POINT('',(54.585590717,-14.317516542,18.446711812));
#4697=CARTESIAN_POINT('',(54.351904455,-13.729365745,18.446711812));
#4698=CARTESIAN_POINT('',(54.073739943,-13.165472944,18.446711812));
#4699=CARTESIAN_POINT('',(53.795575432,-12.601580142,18.446711812));
#4700=CARTESIAN_POINT('',(53.47228136,-12.060809185,18.446711812));
#4701=CARTESIAN_POINT('',(53.101842944,-11.544192332,18.446711812));
#4702=CARTESIAN_POINT('',(52.916623737,-11.285883905,18.446711812));
#4703=CARTESIAN_POINT('',(52.719882792,-11.034342613,18.446711812));
#4704=CARTESIAN_POINT('',(52.515040832,-10.7933837,18.446711812));
#4705=CARTESIAN_POINT('',(52.310198873,-10.552424788,18.446711812));
#4706=CARTESIAN_POINT('',(52.096456591,-10.320850302,18.446711812));
#4707=CARTESIAN_POINT('',(51.874023284,-10.098439563,18.446711812));
#4708=CARTESIAN_POINT('',(51.42915667,-9.653618084,18.446711812));
#4709=CARTESIAN_POINT('',(50.949698195,-9.245269982,18.446711812));
#4710=CARTESIAN_POINT('',(50.433842189,-8.87529914,18.446711812));
#4711=CARTESIAN_POINT('',(50.175914185,-8.69031372,18.446711812));
#4712=CARTESIAN_POINT('',(49.908421526,-8.514799173,18.446711812));
#4713=CARTESIAN_POINT('',(49.636757187,-8.352079494,18.446711812));
#4714=CARTESIAN_POINT('',(49.365092847,-8.189359815,18.446711812));
#4715=CARTESIAN_POINT('',(49.088096263,-8.038537079,18.446711812));
#4716=CARTESIAN_POINT('',(48.805882156,-7.899355327,18.446711812));
#4717=CARTESIAN_POINT('',(48.241453941,-7.620991824,18.446711812));
#4718=CARTESIAN_POINT('',(47.65624571,-7.388991286,18.446711812));
#4719=CARTESIAN_POINT('',(47.04983449,-7.20429742,18.446711812));
#4720=CARTESIAN_POINT('',(46.74662888,-7.111950487,18.446711812));
#4721=CARTESIAN_POINT('',(46.43724974,-7.031404566,18.446711812));
#4722=CARTESIAN_POINT('',(46.126002775,-6.964060664,18.446711812));
#4723=CARTESIAN_POINT('',(45.81475581,-6.896716762,18.446711812));
#4724=CARTESIAN_POINT('',(45.501002386,-6.842297354,18.446711812));
#4725=CARTESIAN_POINT('',(45.184728855,-6.800872806,18.446711812));
#4726=B_SPLINE_CURVE_WITH_KNOTS('',3,(#4692,#4693,#4694,#4695,#4696,#4697,#4698,#4699,#4700,#4701,#4702,#4703,#4704,#4705,#4706,#4707,#4708,#4709,#4710,#4711,#4712,#4713,#4714,#4715,#4716,#4717,
#4718,#4719,#4720,#4721,#4722,#4723,#4724,#4725),.UNSPECIFIED.,.F.,.F.,(4,3,3,3,3,3,3,3,3,3,3,4),(0.,0.001906137,0.003812274,0.005718411,0.006671479,0.007624548,0.009530685,0.010483753,0.011436822,0.013342959,0.014296027,0.015249096),.UNSPECIFIED.);
#4727=EDGE_CURVE('',#4638,#4669,#4726,.T.);
#4728=ORIENTED_EDGE('',*,*,#4727,.T.);
#4729=ORIENTED_EDGE('',*,*,#4682,.F.);
#4730=ORIENTED_EDGE('',*,*,#4651,.F.);
#4731=EDGE_LOOP('',(#4728,#4729,#4730));
#4732=FACE_BOUND('',#4731,.T.);
#4733=ADVANCED_FACE('',(#4732),#4691,.F.);
#4734=CARTESIAN_POINT('',(32.17413681,-6.800872821,18.446711812));
#4735=DIRECTION('',(-1.,0.,0.));
#4736=DIRECTION('',(-0.,-1.,0.));
#4737=AXIS2_PLACEMENT_3D('',#4734,#4735,#4736);
#4738=PLANE('',#4737);
#4739=CARTESIAN_POINT('',(32.17413681,-14.367337165,18.446711812));
#4740=DIRECTION('',(-0.,-1.,0.));
#4741=VECTOR('',#4740,2.421495953);
#4742=LINE('',#4739,#4741);
#4743=EDGE_CURVE('',#4304,#4344,#4742,.T.);
#4744=ORIENTED_EDGE('',*,*,#4743,.T.);
#4745=CARTESIAN_POINT('',(32.17413681,-16.788833117,18.446711812));
#4746=DIRECTION('',(-0.,-0.,-1.));
#4747=VECTOR('',#4746,0.846661012);
#4748=LINE('',#4745,#4747);
#4749=EDGE_CURVE('',#4344,#4496,#4748,.T.);
#4750=ORIENTED_EDGE('',*,*,#4749,.T.);
#4751=ORIENTED_EDGE('',*,*,#4501,.T.);
#4752=ORIENTED_EDGE('',*,*,#4317,.F.);
#4753=EDGE_LOOP('',(#4744,#4750,#4751,#4752));
#4754=FACE_BOUND('',#4753,.T.);
#4755=ADVANCED_FACE('',(#4754),#4738,.F.);
#4756=CARTESIAN_POINT('',(43.67413681,-18.300872821,18.446711812));
#4757=DIRECTION('',(0.,0.,1.));
#4758=DIRECTION('',(-0.,-1.,0.));
#4759=AXIS2_PLACEMENT_3D('',#4756,#4757,#4758);
#4760=PLANE('',#4759);
#4761=ORIENTED_EDGE('',*,*,#4358,.T.);
#4762=ORIENTED_EDGE('',*,*,#4743,.F.);
#4763=ORIENTED_EDGE('',*,*,#4309,.F.);
#4764=EDGE_LOOP('',(#4761,#4762,#4763));
#4765=FACE_BOUND('',#4764,.T.);
#4766=ADVANCED_FACE('',(#4765),#4760,.F.);
#4767=CARTESIAN_POINT('',(43.67413681,-18.300872821,18.446711812));
#4768=DIRECTION('',(0.,0.,1.));
#4769=DIRECTION('',(-0.,-1.,0.));
#4770=AXIS2_PLACEMENT_3D('',#4767,#4768,#4769);
#4771=PLANE('',#4770);
#4772=CARTESIAN_POINT('',(32.17413681,-19.812039477,18.446711812));
#4773=VERTEX_POINT('',#4772);
#4774=CARTESIAN_POINT('',(42.163779411,-29.800872821,18.446711812));
#4775=VERTEX_POINT('',#4774);
#4776=CARTESIAN_POINT('',(32.174136802,-19.812039422,18.446711812));
#4777=CARTESIAN_POINT('',(32.256988456,-20.444448712,18.446711812));
#4778=CARTESIAN_POINT('',(32.391625613,-21.065416603,18.446711812));
#4779=CARTESIAN_POINT('',(32.577188089,-21.675133142,18.446711812));
#4780=CARTESIAN_POINT('',(32.762750566,-22.284849682,18.446711812));
#4781=CARTESIAN_POINT('',(32.996403813,-22.873004386,18.446711812));
#4782=CARTESIAN_POINT('',(33.27468951,-23.436846148,18.446711812));
#4783=CARTESIAN_POINT('',(33.552975206,-24.00068791,18.446711812));
#4784=CARTESIAN_POINT('',(33.876332289,-24.541456815,18.446711812));
#4785=CARTESIAN_POINT('',(34.24682576,-25.058095753,18.446711812));
#4786=CARTESIAN_POINT('',(34.432072495,-25.316415221,18.446711812));
#4787=CARTESIAN_POINT('',(34.628781037,-25.567885409,18.446711812));
#4788=CARTESIAN_POINT('',(34.833608189,-25.808803432,18.446711812));
#4789=CARTESIAN_POINT('',(35.038435341,-26.049721456,18.446711812));
#4790=CARTESIAN_POINT('',(35.252168031,-26.281265686,18.446711812));
#4791=CARTESIAN_POINT('',(35.474598515,-26.503654793,18.446711812));
#4792=CARTESIAN_POINT('',(35.919459483,-26.948433006,18.446711812));
#4793=CARTESIAN_POINT('',(36.398939489,-27.356771909,18.446711812));
#4794=CARTESIAN_POINT('',(36.914860529,-27.726753705,18.446711812));
#4795=CARTESIAN_POINT('',(37.172821049,-27.911744603,18.446711812));
#4796=CARTESIAN_POINT('',(37.440278126,-28.087215709,18.446711812));
#4797=CARTESIAN_POINT('',(37.711901367,-28.249896849,18.446711812));
#4798=CARTESIAN_POINT('',(37.983524608,-28.412577989,18.446711812));
#4799=CARTESIAN_POINT('',(38.260489257,-28.563373124,18.446711812));
#4800=CARTESIAN_POINT('',(38.542681742,-28.702534979,18.446711812));
#4801=CARTESIAN_POINT('',(39.107066711,-28.98085869,18.446711812));
#4802=CARTESIAN_POINT('',(39.692272888,-29.21284986,18.446711812));
#4803=CARTESIAN_POINT('',(40.298733701,-29.397543999,18.446711812));
#4804=CARTESIAN_POINT('',(40.601964108,-29.489891069,18.446711812));
#4805=CARTESIAN_POINT('',(40.911349652,-29.570431448,18.446711812));
#4806=CARTESIAN_POINT('',(41.222568067,-29.63775862,18.446711812));
#4807=CARTESIAN_POINT('',(41.533786481,-29.705085793,18.446711812));
#4808=CARTESIAN_POINT('',(41.847518104,-29.759485439,18.446711812));
#4809=CARTESIAN_POINT('',(42.163779411,-29.800872821,18.446711812));
#4810=B_SPLINE_CURVE_WITH_KNOTS('',3,(#4776,#4777,#4778,#4779,#4780,#4781,#4782,#4783,#4784,#4785,#4786,#4787,#4788,#4789,#4790,#4791,#4792,#4793,#4794,#4795,#4796,#4797,#4798,#4799,#4800,#4801,
#4802,#4803,#4804,#4805,#4806,#4807,#4808,#4809),.UNSPECIFIED.,.F.,.F.,(4,3,3,3,3,3,3,3,3,3,3,4),(0.,0.001906174,0.003812348,0.005718521,0.006671608,0.007624695,0.009530869,0.010483956,0.011437043,0.013343216,0.014296303,0.01524939),.UNSPECIFIED.);
#4811=EDGE_CURVE('',#4773,#4775,#4810,.T.);
#4812=ORIENTED_EDGE('',*,*,#4811,.T.);
#4813=CARTESIAN_POINT('',(32.17413681,-29.800872821,18.446711812));
#4814=VERTEX_POINT('',#4813);
#4815=CARTESIAN_POINT('',(32.17413681,-29.800872821,18.446711812));
#4816=DIRECTION('',(1.,-0.,0.));
#4817=VECTOR('',#4816,9.989642602);
#4818=LINE('',#4815,#4817);
#4819=EDGE_CURVE('',#4814,#4775,#4818,.T.);
#4820=ORIENTED_EDGE('',*,*,#4819,.F.);
#4821=CARTESIAN_POINT('',(32.17413681,-19.812039477,18.446711812));
#4822=DIRECTION('',(-0.,-1.,0.));
#4823=VECTOR('',#4822,9.988833343);
#4824=LINE('',#4821,#4823);
#4825=EDGE_CURVE('',#4773,#4814,#4824,.T.);
#4826=ORIENTED_EDGE('',*,*,#4825,.F.);
#4827=EDGE_LOOP('',(#4812,#4820,#4826));
#4828=FACE_BOUND('',#4827,.T.);
#4829=ADVANCED_FACE('',(#4828),#4771,.F.);
#4830=CARTESIAN_POINT('',(32.17413681,-29.800872821,18.446711812));
#4831=DIRECTION('',(-0.,-1.,0.));
#4832=DIRECTION('',(1.,-0.,0.));
#4833=AXIS2_PLACEMENT_3D('',#4830,#4831,#4832);
#4834=PLANE('',#4833);
#4835=CARTESIAN_POINT('',(42.163779411,-29.800872821,18.446711812));
#4836=DIRECTION('',(-0.,-0.,-1.));
#4837=VECTOR('',#4836,0.846661012);
#4838=LINE('',#4835,#4837);
#4839=EDGE_CURVE('',#4775,#4419,#4838,.T.);
#4840=ORIENTED_EDGE('',*,*,#4839,.T.);
#4841=ORIENTED_EDGE('',*,*,#4426,.T.);
#4842=CARTESIAN_POINT('',(32.17413681,-29.800872821,18.446711812));
#4843=DIRECTION('',(-0.,-0.,-1.));
#4844=VECTOR('',#4843,0.846661012);
#4845=LINE('',#4842,#4844);
#4846=EDGE_CURVE('',#4814,#4421,#4845,.T.);
#4847=ORIENTED_EDGE('',*,*,#4846,.F.);
#4848=ORIENTED_EDGE('',*,*,#4819,.T.);
#4849=EDGE_LOOP('',(#4840,#4841,#4847,#4848));
#4850=FACE_BOUND('',#4849,.T.);
#4851=ADVANCED_FACE('',(#4850),#4834,.F.);
#4852=CARTESIAN_POINT('',(32.17413681,-6.800872821,18.446711812));
#4853=DIRECTION('',(-1.,0.,0.));
#4854=DIRECTION('',(-0.,-1.,0.));
#4855=AXIS2_PLACEMENT_3D('',#4852,#4853,#4854);
#4856=PLANE('',#4855);
#4857=CARTESIAN_POINT('',(32.17413681,-19.812039477,17.6000508));
#4858=DIRECTION('',(0.,0.,1.));
#4859=VECTOR('',#4858,0.846661012);
#4860=LINE('',#4857,#4859);
#4861=EDGE_CURVE('',#4504,#4773,#4860,.T.);
#4862=ORIENTED_EDGE('',*,*,#4861,.T.);
#4863=ORIENTED_EDGE('',*,*,#4825,.T.);
#4864=ORIENTED_EDGE('',*,*,#4846,.T.);
#4865=ORIENTED_EDGE('',*,*,#4519,.T.);
#4866=EDGE_LOOP('',(#4862,#4863,#4864,#4865));
#4867=FACE_BOUND('',#4866,.T.);
#4868=ADVANCED_FACE('',(#4867),#4856,.F.);
#4869=CARTESIAN_POINT('',(208.319587732,49.799691071,6.6000508));
#4870=DIRECTION('',(0.,0.,-1.));
#4871=DIRECTION('',(-1.,0.,0.));
#4872=AXIS2_PLACEMENT_3D('',#4869,#4870,#4871);
#4873=PLANE('',#4872);
#4874=ORIENTED_EDGE('',*,*,#3806,.F.);
#4875=ORIENTED_EDGE('',*,*,#3837,.T.);
#4876=ORIENTED_EDGE('',*,*,#3859,.F.);
#4877=ORIENTED_EDGE('',*,*,#3768,.F.);
#4878=ORIENTED_EDGE('',*,*,#3910,.T.);
#4879=ORIENTED_EDGE('',*,*,#3681,.T.);
#4880=ORIENTED_EDGE('',*,*,#3634,.T.);
#4881=ORIENTED_EDGE('',*,*,#3603,.T.);
#4882=ORIENTED_EDGE('',*,*,#3541,.T.);
#4883=ORIENTED_EDGE('',*,*,#3880,.T.);
#4884=ORIENTED_EDGE('',*,*,#3720,.F.);
#4885=EDGE_LOOP('',(#4874,#4875,#4876,#4877,#4878,#4879,#4880,#4881,#4882,#4883,#4884));
#4886=FACE_BOUND('',#4885,.T.);
#4887=ADVANCED_FACE('',(#4886),#4873,.T.);
#4888=CARTESIAN_POINT('',(38.262774274,-8.04202753,17.6000508));
#4889=CARTESIAN_POINT('',(38.262774274,-8.04202753,18.6000508));
#4890=CARTESIAN_POINT('',(38.579361072,-7.875252228,17.6000508));
#4891=CARTESIAN_POINT('',(38.579361072,-7.875252228,18.6000508));
#4892=CARTESIAN_POINT('',(39.133385213,-7.615309629,17.6000508));
#4893=CARTESIAN_POINT('',(39.133385213,-7.615309629,18.6000508));
#4894=CARTESIAN_POINT('',(39.942925186,-7.310302566,17.6000508));
#4895=CARTESIAN_POINT('',(39.942925186,-7.310302566,18.6000508));
#4896=CARTESIAN_POINT('',(40.911934558,-7.01568978,17.6000508));
#4897=CARTESIAN_POINT('',(40.911934558,-7.01568978,18.6000508));
#4898=CARTESIAN_POINT('',(42.153233253,-6.768525246,17.6000508));
#4899=CARTESIAN_POINT('',(42.153233253,-6.768525246,18.6000508));
#4900=CARTESIAN_POINT('',(43.672840576,-6.669599777,17.6000508));
#4901=CARTESIAN_POINT('',(43.672840576,-6.669599777,18.6000508));
#4902=CARTESIAN_POINT('',(45.192579656,-6.768336007,17.6000508));
#4903=CARTESIAN_POINT('',(45.192579656,-6.768336007,18.6000508));
#4904=CARTESIAN_POINT('',(46.682326537,-7.064536556,17.6000508));
#4905=CARTESIAN_POINT('',(46.682326537,-7.064536556,18.6000508));
#4906=CARTESIAN_POINT('',(48.606538037,-7.718111727,17.6000508));
#4907=CARTESIAN_POINT('',(48.606538037,-7.718111727,18.6000508));
#4908=CARTESIAN_POINT('',(50.372696042,-8.736337875,17.6000508));
#4909=CARTESIAN_POINT('',(50.372696042,-8.736337875,18.6000508));
#4910=CARTESIAN_POINT('',(51.897560266,-10.075566228,17.6000508));
#4911=CARTESIAN_POINT('',(51.897560266,-10.075566228,18.6000508));
#4912=CARTESIAN_POINT('',(52.902602145,-11.219842974,17.6000508));
#4913=CARTESIAN_POINT('',(52.902602145,-11.219842974,18.6000508));
#4914=CARTESIAN_POINT('',(53.746650491,-12.482816231,17.6000508));
#4915=CARTESIAN_POINT('',(53.746650491,-12.482816231,18.6000508));
#4916=CARTESIAN_POINT('',(54.419565241,-13.848793529,17.6000508));
#4917=CARTESIAN_POINT('',(54.419565241,-13.848793529,18.6000508));
#4918=CARTESIAN_POINT('',(54.909896847,-15.290424993,17.6000508));
#4919=CARTESIAN_POINT('',(54.909896847,-15.290424993,18.6000508));
#4920=CARTESIAN_POINT('',(55.305234151,-17.276882568,17.6000508));
#4921=CARTESIAN_POINT('',(55.305234151,-17.276882568,18.6000508));
#4922=CARTESIAN_POINT('',(55.305420652,-19.322711062,17.6000508));
#4923=CARTESIAN_POINT('',(55.305420652,-19.322711062,18.6000508));
#4924=CARTESIAN_POINT('',(54.910474494,-21.309053436,17.6000508));
#4925=CARTESIAN_POINT('',(54.910474494,-21.309053436,18.6000508));
#4926=CARTESIAN_POINT('',(54.256899149,-23.233273991,17.6000508));
#4927=CARTESIAN_POINT('',(54.256899149,-23.233273991,18.6000508));
#4928=CARTESIAN_POINT('',(53.23866954,-24.9994338,17.6000508));
#4929=CARTESIAN_POINT('',(53.23866954,-24.9994338,18.6000508));
#4930=CARTESIAN_POINT('',(51.899445307,-26.524294722,17.6000508));
#4931=CARTESIAN_POINT('',(51.899445307,-26.524294722,18.6000508));
#4932=CARTESIAN_POINT('',(50.755182103,-27.529324952,17.6000508));
#4933=CARTESIAN_POINT('',(50.755182103,-27.529324952,18.6000508));
#4934=CARTESIAN_POINT('',(49.492323519,-28.37327582,17.6000508));
#4935=CARTESIAN_POINT('',(49.492323519,-28.37327582,18.6000508));
#4936=CARTESIAN_POINT('',(47.669545267,-29.271751218,17.6000508));
#4937=CARTESIAN_POINT('',(47.669545267,-29.271751218,18.6000508));
#4938=CARTESIAN_POINT('',(45.700684999,-29.800615819,17.6000508));
#4939=CARTESIAN_POINT('',(45.700684999,-29.800615819,18.6000508));
#4940=CARTESIAN_POINT('',(43.675470759,-29.931881923,17.6000508));
#4941=CARTESIAN_POINT('',(43.675470759,-29.931881923,18.6000508));
#4942=CARTESIAN_POINT('',(42.15569088,-29.833429035,17.6000508));
#4943=CARTESIAN_POINT('',(42.15569088,-29.833429035,18.6000508));
#4944=CARTESIAN_POINT('',(40.665951635,-29.537216566,17.6000508));
#4945=CARTESIAN_POINT('',(40.665951635,-29.537216566,18.6000508));
#4946=CARTESIAN_POINT('',(38.741734583,-28.883635584,17.6000508));
#4947=CARTESIAN_POINT('',(38.741734583,-28.883635584,18.6000508));
#4948=CARTESIAN_POINT('',(36.975576729,-27.865405297,17.6000508));
#4949=CARTESIAN_POINT('',(36.975576729,-27.865405297,18.6000508));
#4950=CARTESIAN_POINT('',(35.450714437,-26.526181245,17.6000508));
#4951=CARTESIAN_POINT('',(35.450714437,-26.526181245,18.6000508));
#4952=CARTESIAN_POINT('',(34.445682842,-25.381915578,17.6000508));
#4953=CARTESIAN_POINT('',(34.445682842,-25.381915578,18.6000508));
#4954=CARTESIAN_POINT('',(33.601723092,-24.119046001,17.6000508));
#4955=CARTESIAN_POINT('',(33.601723092,-24.119046001,18.6000508));
#4956=CARTESIAN_POINT('',(32.703377669,-22.296432158,17.6000508));
#4957=CARTESIAN_POINT('',(32.703377669,-22.296432158,18.6000508));
#4958=CARTESIAN_POINT('',(32.273451458,-20.696480966,17.6000508));
#4959=CARTESIAN_POINT('',(32.273451458,-20.696480966,18.6000508));
#4960=CARTESIAN_POINT('',(32.129425928,-19.439625749,17.6000508));
#4961=CARTESIAN_POINT('',(32.129425928,-19.439625749,18.6000508));
#4962=CARTESIAN_POINT('',(32.088254985,-18.934959395,17.6000508));
#4963=CARTESIAN_POINT('',(32.088254985,-18.934959395,18.6000508));
#4964=CARTESIAN_POINT('',(32.059329261,-18.048355243,17.6000508));
#4965=CARTESIAN_POINT('',(32.059329261,-18.048355243,18.6000508));
#4966=CARTESIAN_POINT('',(32.108572729,-17.288427978,17.6000508));
#4967=CARTESIAN_POINT('',(32.108572729,-17.288427978,18.6000508));
#4968=CARTESIAN_POINT('',(32.174390139,-16.786901487,17.6000508));
#4969=CARTESIAN_POINT('',(32.174390139,-16.786901487,18.6000508));
#4970=B_SPLINE_SURFACE_WITH_KNOTS('',3,1,((#4888,#4889),(#4890,#4891),(#4892,#4893),(#4894,#4895),(#4896,#4897),(#4898,#4899),(#4900,#4901),(#4902,#4903),(#4904,#4905),(#4906,#4907),(#4908,#4909),(#4910,#4911),(#4912,#4913),(#4914,#4915),(#4916,#4917),(#4918,#4919),(#4920,#4921),(#4922,#4923),(#4924,#4925),(#4926,#4927),(#4928,#4929),(#4930,#4931),(#4932,#4933),(#4934,#4935),(#4936,#4937),(#4938,#4939),
(#4940,#4941),(#4942,#4943),(#4944,#4945),(#4946,#4947),(#4948,#4949),(#4950,#4951),(#4952,#4953),(#4954,#4955),(#4956,#4957),(#4958,#4959),(#4960,#4961),(#4962,#4963),(#4964,#4965),(#4966,#4967),(#4968,#4969)),.UNSPECIFIED.,.F.,.F.,.U.,(4,1,1,1,1,1,1,1,1,1,1,1,1,1,1,1,1,1,1,1,1,1,1,1,1,1,
1,1,1,1,1,1,1,1,1,1,1,1,4),(2,2),(0.172771857,0.1875,0.197916667,0.208333333,0.229166667,0.25,0.270833333,0.291666667,0.3125,0.354166667,0.375,0.395833333,0.416666667,0.4375,0.458333333,0.479166667,0.520833333,0.541666667,0.5625,0.604166667,0.625,0.645833333,0.666666667,0.6875,0.729166667,0.75,
0.770833333,0.791666667,0.8125,0.854166667,0.875,0.895833333,0.916666667,0.9375,0.979166667,0.984375,0.989583333,1.,1.020833333),(0.,1.),.UNSPECIFIED.);
#4971=ORIENTED_EDGE('',*,*,#4348,.F.);
#4972=ORIENTED_EDGE('',*,*,#4049,.F.);
#4973=ORIENTED_EDGE('',*,*,#4384,.F.);
#4974=ORIENTED_EDGE('',*,*,#4489,.T.);
#4975=ORIENTED_EDGE('',*,*,#4674,.F.);
#4976=ORIENTED_EDGE('',*,*,#4727,.F.);
#4977=ORIENTED_EDGE('',*,*,#4643,.F.);
#4978=ORIENTED_EDGE('',*,*,#4461,.T.);
#4979=ORIENTED_EDGE('',*,*,#4541,.F.);
#4980=ORIENTED_EDGE('',*,*,#4625,.F.);
#4981=ORIENTED_EDGE('',*,*,#4572,.F.);
#4982=ORIENTED_EDGE('',*,*,#4436,.T.);
#4983=ORIENTED_EDGE('',*,*,#4839,.F.);
#4984=ORIENTED_EDGE('',*,*,#4811,.F.);
#4985=ORIENTED_EDGE('',*,*,#4861,.F.);
#4986=ORIENTED_EDGE('',*,*,#4513,.T.);
#4987=ORIENTED_EDGE('',*,*,#4749,.F.);
#4988=EDGE_LOOP('',(#4971,#4972,#4973,#4974,#4975,#4976,#4977,#4978,#4979,#4980,#4981,#4982,#4983,#4984,#4985,#4986,#4987));
#4989=FACE_BOUND('',#4988,.T.);
#4990=ADVANCED_FACE('',(#4989),#4970,.T.);
#4991=CLOSED_SHELL('',(#3591,#3622,#3669,#3698,#3786,#3817,#3848,#3870,#3900,#3930,#3952,#3964,#4108,#4132,#4156,#4173,#4190,#4224,#4241,#4258,#4289,#4329,#4364,#4395,#4412,#4529,
#4560,#4584,#4631,#4662,#4686,#4733,#4755,#4766,#4829,#4851,#4868,#4887,#4990));
#4992=MANIFOLD_SOLID_BREP('Top Case',#4991);
#3505=STYLED_ITEM('',(),#4992);
#4993=(NAMED_UNIT(*)PLANE_ANGLE_UNIT()SI_UNIT($,.RADIAN.));
#4994=PLANE_ANGLE_MEASURE_WITH_UNIT(PLANE_ANGLE_MEASURE(0.0174532925),#4993);
#4995=(CONVERSION_BASED_UNIT('DEGREE',#4994)NAMED_UNIT(#4996)PLANE_ANGLE_UNIT());
#4996=DIMENSIONAL_EXPONENTS(0.,0.,0.,0.,0.,0.,0.);
#4997=(NAMED_UNIT(*)SI_UNIT($,.STERADIAN.)SOLID_ANGLE_UNIT());
#4998=(LENGTH_UNIT()NAMED_UNIT(*)SI_UNIT(.MILLI.,.METRE.));
#4999=UNCERTAINTY_MEASURE_WITH_UNIT(LENGTH_MEASURE(1.000000E-05),#4998,'DISTANCE_ACCURACY_VALUE','Maximum Tolerance applied to model');
#5000=(GEOMETRIC_REPRESENTATION_CONTEXT(3)GLOBAL_UNCERTAINTY_ASSIGNED_CONTEXT((#4999))GLOBAL_UNIT_ASSIGNED_CONTEXT((#4998,#4995,#4997))REPRESENTATION_CONTEXT('','0'));
#5002=CARTESIAN_POINT('',(0.,0.,0.));
#5003=DIRECTION('',(0.,0.,1.));
#5004=DIRECTION('',(1.,0.,0.));
#5005=AXIS2_PLACEMENT_3D('',#5002,#5003,#5004);
#5016=CARTESIAN_POINT('',(0.,0.,0.));
#5017=DIRECTION('',(0.,0.,1.));
#5018=DIRECTION('',(1.,0.,-0.));
#5019=AXIS2_PLACEMENT_3D('',#5016,#5017,#5018);
#5020=ITEM_DEFINED_TRANSFORMATION('','',#5019,#5005);
#5021=(REPRESENTATION_RELATIONSHIP('','',#5006,#3486)REPRESENTATION_RELATIONSHIP_WITH_TRANSFORMATION(#5020)SHAPE_REPRESENTATION_RELATIONSHIP());
#5022=NEXT_ASSEMBLY_USAGE_OCCURRENCE('TIPTOE Front Text_4','TIPTOE Front Text','TIPTOE Front Text',#3495,#5015,$);
#5023=PRODUCT_DEFINITION_SHAPE('','',#5022);
#5024=CONTEXT_DEPENDENT_SHAPE_REPRESENTATION(#5021,#5023);
#5026=CARTESIAN_POINT('',(-2.252724095,33.42808207,18.584147892));
#5027=DIRECTION('',(0.,1.,0.));
#5028=DIRECTION('',(0.,0.,1.));
#5029=AXIS2_PLACEMENT_3D('',#5026,#5027,#5028);
#5030=PLANE('',#5029);
#5031=CARTESIAN_POINT('',(-2.252724095,33.42808207,19.584147892));
#5032=VERTEX_POINT('',#5031);
#5033=CARTESIAN_POINT('',(-4.462724095,33.42808207,19.584147892));
#5034=VERTEX_POINT('',#5033);
#5035=CARTESIAN_POINT('',(-2.252724095,33.42808207,19.584147892));
#5036=DIRECTION('',(-1.,0.,0.));
#5037=VECTOR('',#5036,2.21);
#5038=LINE('',#5035,#5037);
#5039=EDGE_CURVE('',#5032,#5034,#5038,.T.);
#5040=ORIENTED_EDGE('',*,*,#5039,.T.);
#5041=CARTESIAN_POINT('',(-4.462724095,33.42808207,18.584147892));
#5042=VERTEX_POINT('',#5041);
#5043=CARTESIAN_POINT('',(-4.462724095,33.42808207,18.584147892));
#5044=DIRECTION('',(0.,0.,1.));
#5045=VECTOR('',#5044,1.);
#5046=LINE('',#5043,#5045);
#5047=EDGE_CURVE('',#5042,#5034,#5046,.T.);
#5048=ORIENTED_EDGE('',*,*,#5047,.F.);
#5049=CARTESIAN_POINT('',(-2.252724095,33.42808207,18.584147892));
#5050=VERTEX_POINT('',#5049);
#5051=CARTESIAN_POINT('',(-2.252724095,33.42808207,18.584147892));
#5052=DIRECTION('',(-1.,0.,0.));
#5053=VECTOR('',#5052,2.21);
#5054=LINE('',#5051,#5053);
#5055=EDGE_CURVE('',#5050,#5042,#5054,.T.);
#5056=ORIENTED_EDGE('',*,*,#5055,.F.);
#5057=CARTESIAN_POINT('',(-2.252724095,33.42808207,18.584147892));
#5058=DIRECTION('',(0.,0.,1.));
#5059=VECTOR('',#5058,1.);
#5060=LINE('',#5057,#5059);
#5061=EDGE_CURVE('',#5050,#5032,#5060,.T.);
#5062=ORIENTED_EDGE('',*,*,#5061,.T.);
#5063=EDGE_LOOP('',(#5040,#5048,#5056,#5062));
#5064=FACE_BOUND('',#5063,.T.);
#5065=ADVANCED_FACE('',(#5064),#5030,.F.);
#5066=CARTESIAN_POINT('',(-4.462724095,38.75808207,18.584147892));
#5067=DIRECTION('',(-1.,0.,0.));
#5068=DIRECTION('',(0.,0.,1.));
#5069=AXIS2_PLACEMENT_3D('',#5066,#5067,#5068);
#5070=PLANE('',#5069);
#5071=CARTESIAN_POINT('',(-4.462724095,29.73808207,19.584147892));
#5072=VERTEX_POINT('',#5071);
#5073=CARTESIAN_POINT('',(-4.462724095,33.42808207,19.584147892));
#5074=DIRECTION('',(0.,-1.,0.));
#5075=VECTOR('',#5074,3.69);
#5076=LINE('',#5073,#5075);
#5077=EDGE_CURVE('',#5034,#5072,#5076,.T.);
#5078=ORIENTED_EDGE('',*,*,#5077,.T.);
#5079=CARTESIAN_POINT('',(-4.462724095,29.73808207,18.584147892));
#5080=VERTEX_POINT('',#5079);
#5081=CARTESIAN_POINT('',(-4.462724095,29.73808207,18.584147892));
#5082=DIRECTION('',(0.,0.,1.));
#5083=VECTOR('',#5082,1.);
#5084=LINE('',#5081,#5083);
#5085=EDGE_CURVE('',#5080,#5072,#5084,.T.);
#5086=ORIENTED_EDGE('',*,*,#5085,.F.);
#5087=CARTESIAN_POINT('',(-4.462724095,33.42808207,18.584147892));
#5088=DIRECTION('',(0.,-1.,0.));
#5089=VECTOR('',#5088,3.69);
#5090=LINE('',#5087,#5089);
#5091=EDGE_CURVE('',#5042,#5080,#5090,.T.);
#5092=ORIENTED_EDGE('',*,*,#5091,.F.);
#5093=ORIENTED_EDGE('',*,*,#5047,.T.);
#5094=EDGE_LOOP('',(#5078,#5086,#5092,#5093));
#5095=FACE_BOUND('',#5094,.T.);
#5096=ADVANCED_FACE('',(#5095),#5070,.F.);
#5097=CARTESIAN_POINT('',(-4.462724095,29.73808207,18.584147892));
#5098=DIRECTION('',(0.,1.,0.));
#5099=DIRECTION('',(0.,0.,1.));
#5100=AXIS2_PLACEMENT_3D('',#5097,#5098,#5099);
#5101=PLANE('',#5100);
#5102=CARTESIAN_POINT('',(-5.692724095,29.73808207,19.584147892));
#5103=VERTEX_POINT('',#5102);
#5104=CARTESIAN_POINT('',(-4.462724095,29.73808207,19.584147892));
#5105=DIRECTION('',(-1.,0.,0.));
#5106=VECTOR('',#5105,1.23);
#5107=LINE('',#5104,#5106);
#5108=EDGE_CURVE('',#5072,#5103,#5107,.T.);
#5109=ORIENTED_EDGE('',*,*,#5108,.T.);
#5110=CARTESIAN_POINT('',(-5.692724095,29.73808207,18.584147892));
#5111=VERTEX_POINT('',#5110);
#5112=CARTESIAN_POINT('',(-5.692724095,29.73808207,18.584147892));
#5113=DIRECTION('',(0.,0.,1.));
#5114=VECTOR('',#5113,1.);
#5115=LINE('',#5112,#5114);
#5116=EDGE_CURVE('',#5111,#5103,#5115,.T.);
#5117=ORIENTED_EDGE('',*,*,#5116,.F.);
#5118=CARTESIAN_POINT('',(-4.462724095,29.73808207,18.584147892));
#5119=DIRECTION('',(-1.,0.,0.));
#5120=VECTOR('',#5119,1.23);
#5121=LINE('',#5118,#5120);
#5122=EDGE_CURVE('',#5080,#5111,#5121,.T.);
#5123=ORIENTED_EDGE('',*,*,#5122,.F.);
#5124=ORIENTED_EDGE('',*,*,#5085,.T.);
#5125=EDGE_LOOP('',(#5109,#5117,#5123,#5124));
#5126=FACE_BOUND('',#5125,.T.);
#5127=ADVANCED_FACE('',(#5126),#5101,.F.);
#5128=CARTESIAN_POINT('',(-5.692724095,29.73808207,18.584147892));
#5129=DIRECTION('',(1.,0.,0.));
#5130=DIRECTION('',(0.,0.,-1.));
#5131=AXIS2_PLACEMENT_3D('',#5128,#5129,#5130);
#5132=PLANE('',#5131);
#5133=CARTESIAN_POINT('',(-5.692724095,39.83808207,19.584147892));
#5134=VERTEX_POINT('',#5133);
#5135=CARTESIAN_POINT('',(-5.692724095,29.73808207,19.584147892));
#5136=DIRECTION('',(0.,1.,0.));
#5137=VECTOR('',#5136,10.1);
#5138=LINE('',#5135,#5137);
#5139=EDGE_CURVE('',#5103,#5134,#5138,.T.);
#5140=ORIENTED_EDGE('',*,*,#5139,.T.);
#5141=CARTESIAN_POINT('',(-5.692724095,39.83808207,18.584147892));
#5142=VERTEX_POINT('',#5141);
#5143=CARTESIAN_POINT('',(-5.692724095,39.83808207,18.584147892));
#5144=DIRECTION('',(0.,0.,1.));
#5145=VECTOR('',#5144,1.);
#5146=LINE('',#5143,#5145);
#5147=EDGE_CURVE('',#5142,#5134,#5146,.T.);
#5148=ORIENTED_EDGE('',*,*,#5147,.F.);
#5149=CARTESIAN_POINT('',(-5.692724095,29.73808207,18.584147892));
#5150=DIRECTION('',(0.,1.,0.));
#5151=VECTOR('',#5150,10.1);
#5152=LINE('',#5149,#5151);
#5153=EDGE_CURVE('',#5111,#5142,#5152,.T.);
#5154=ORIENTED_EDGE('',*,*,#5153,.F.);
#5155=ORIENTED_EDGE('',*,*,#5116,.T.);
#5156=EDGE_LOOP('',(#5140,#5148,#5154,#5155));
#5157=FACE_BOUND('',#5156,.T.);
#5158=ADVANCED_FACE('',(#5157),#5132,.F.);
#5159=CARTESIAN_POINT('',(-5.692724095,39.83808207,18.584147892));
#5160=DIRECTION('',(0.,-1.,0.));
#5161=DIRECTION('',(0.,0.,-1.));
#5162=AXIS2_PLACEMENT_3D('',#5159,#5160,#5161);
#5163=PLANE('',#5162);
#5164=CARTESIAN_POINT('',(-2.272724095,39.83808207,19.584147892));
#5165=VERTEX_POINT('',#5164);
#5166=CARTESIAN_POINT('',(-5.692724095,39.83808207,19.584147892));
#5167=DIRECTION('',(1.,0.,-0.));
#5168=VECTOR('',#5167,3.42);
#5169=LINE('',#5166,#5168);
#5170=EDGE_CURVE('',#5134,#5165,#5169,.T.);
#5171=ORIENTED_EDGE('',*,*,#5170,.T.);
#5172=CARTESIAN_POINT('',(-2.272724095,39.83808207,18.584147892));
#5173=VERTEX_POINT('',#5172);
#5174=CARTESIAN_POINT('',(-2.272724095,39.83808207,18.584147892));
#5175=DIRECTION('',(0.,0.,1.));
#5176=VECTOR('',#5175,1.);
#5177=LINE('',#5174,#5176);
#5178=EDGE_CURVE('',#5173,#5165,#5177,.T.);
#5179=ORIENTED_EDGE('',*,*,#5178,.F.);
#5180=CARTESIAN_POINT('',(-5.692724095,39.83808207,18.584147892));
#5181=DIRECTION('',(1.,0.,-0.));
#5182=VECTOR('',#5181,3.42);
#5183=LINE('',#5180,#5182);
#5184=EDGE_CURVE('',#5142,#5173,#5183,.T.);
#5185=ORIENTED_EDGE('',*,*,#5184,.F.);
#5186=ORIENTED_EDGE('',*,*,#5147,.T.);
#5187=EDGE_LOOP('',(#5171,#5179,#5185,#5186));
#5188=FACE_BOUND('',#5187,.T.);
#5189=ADVANCED_FACE('',(#5188),#5163,.F.);
#5190=CARTESIAN_POINT('',(-2.272724095,39.83808207,18.584147892));
#5191=CARTESIAN_POINT('',(-2.272724095,39.83808207,19.584147892));
#5192=CARTESIAN_POINT('',(-1.092724095,39.83808207,18.584147892));
#5193=CARTESIAN_POINT('',(-1.092724095,39.83808207,19.584147892));
#5194=CARTESIAN_POINT('',(-0.332724095,39.40808207,18.584147892));
#5195=CARTESIAN_POINT('',(-0.332724095,39.40808207,19.584147892));
#5196=B_SPLINE_SURFACE_WITH_KNOTS('',2,1,((#5190,#5191),(#5192,#5193),(#5194,#5195)),.UNSPECIFIED.,.F.,.F.,.U.,(3,3),(2,2),(0.,1.),(0.,1.),.UNSPECIFIED.);
#5197=CARTESIAN_POINT('',(-0.332724095,39.40808207,19.584147892));
#5198=VERTEX_POINT('',#5197);
#5199=CARTESIAN_POINT('',(-2.272724095,39.83808207,19.584147892));
#5200=CARTESIAN_POINT('',(-1.092724095,39.83808207,19.584147892));
#5201=CARTESIAN_POINT('',(-0.332724095,39.40808207,19.584147892));
#5202=B_SPLINE_CURVE_WITH_KNOTS('',2,(#5199,#5200,#5201),.UNSPECIFIED.,.F.,.F.,(3,3),(0.,1.),.UNSPECIFIED.);
#5203=EDGE_CURVE('',#5165,#5198,#5202,.T.);
#5204=ORIENTED_EDGE('',*,*,#5203,.T.);
#5205=CARTESIAN_POINT('',(-0.332724095,39.40808207,18.584147892));
#5206=VERTEX_POINT('',#5205);
#5207=CARTESIAN_POINT('',(-0.332724095,39.40808207,18.584147892));
#5208=DIRECTION('',(0.,0.,1.));
#5209=VECTOR('',#5208,1.);
#5210=LINE('',#5207,#5209);
#5211=EDGE_CURVE('',#5206,#5198,#5210,.T.);
#5212=ORIENTED_EDGE('',*,*,#5211,.F.);
#5213=CARTESIAN_POINT('',(-2.272724095,39.83808207,18.584147892));
#5214=CARTESIAN_POINT('',(-1.092724095,39.83808207,18.584147892));
#5215=CARTESIAN_POINT('',(-0.332724095,39.40808207,18.584147892));
#5216=B_SPLINE_CURVE_WITH_KNOTS('',2,(#5213,#5214,#5215),.UNSPECIFIED.,.F.,.F.,(3,3),(0.,1.),.UNSPECIFIED.);
#5217=EDGE_CURVE('',#5173,#5206,#5216,.T.);
#5218=ORIENTED_EDGE('',*,*,#5217,.F.);
#5219=ORIENTED_EDGE('',*,*,#5178,.T.);
#5220=EDGE_LOOP('',(#5204,#5212,#5218,#5219));
#5221=FACE_BOUND('',#5220,.T.);
#5222=ADVANCED_FACE('',(#5221),#5196,.F.);
#5223=CARTESIAN_POINT('',(-0.332724095,39.40808207,18.584147892));
#5224=CARTESIAN_POINT('',(-0.332724095,39.40808207,19.584147892));
#5225=CARTESIAN_POINT('',(0.427275905,38.98808207,18.584147892));
#5226=CARTESIAN_POINT('',(0.427275905,38.98808207,19.584147892));
#5227=CARTESIAN_POINT('',(0.787275905,38.25808207,18.584147892));
#5228=CARTESIAN_POINT('',(0.787275905,38.25808207,19.584147892));
#5229=B_SPLINE_SURFACE_WITH_KNOTS('',2,1,((#5223,#5224),(#5225,#5226),(#5227,#5228)),.UNSPECIFIED.,.F.,.F.,.U.,(3,3),(2,2),(0.,1.),(0.,1.),.UNSPECIFIED.);
#5230=CARTESIAN_POINT('',(0.787275905,38.25808207,19.584147892));
#5231=VERTEX_POINT('',#5230);
#5232=CARTESIAN_POINT('',(-0.332724095,39.40808207,19.584147892));
#5233=CARTESIAN_POINT('',(0.427275905,38.98808207,19.584147892));
#5234=CARTESIAN_POINT('',(0.787275905,38.25808207,19.584147892));
#5235=B_SPLINE_CURVE_WITH_KNOTS('',2,(#5232,#5233,#5234),.UNSPECIFIED.,.F.,.F.,(3,3),(0.,1.),.UNSPECIFIED.);
#5236=EDGE_CURVE('',#5198,#5231,#5235,.T.);
#5237=ORIENTED_EDGE('',*,*,#5236,.T.);
#5238=CARTESIAN_POINT('',(0.787275905,38.25808207,18.584147892));
#5239=VERTEX_POINT('',#5238);
#5240=CARTESIAN_POINT('',(0.787275905,38.25808207,18.584147892));
#5241=DIRECTION('',(0.,0.,1.));
#5242=VECTOR('',#5241,1.);
#5243=LINE('',#5240,#5242);
#5244=EDGE_CURVE('',#5239,#5231,#5243,.T.);
#5245=ORIENTED_EDGE('',*,*,#5244,.F.);
#5246=CARTESIAN_POINT('',(-0.332724095,39.40808207,18.584147892));
#5247=CARTESIAN_POINT('',(0.427275905,38.98808207,18.584147892));
#5248=CARTESIAN_POINT('',(0.787275905,38.25808207,18.584147892));
#5249=B_SPLINE_CURVE_WITH_KNOTS('',2,(#5246,#5247,#5248),.UNSPECIFIED.,.F.,.F.,(3,3),(0.,1.),.UNSPECIFIED.);
#5250=EDGE_CURVE('',#5206,#5239,#5249,.T.);
#5251=ORIENTED_EDGE('',*,*,#5250,.F.);
#5252=ORIENTED_EDGE('',*,*,#5211,.T.);
#5253=EDGE_LOOP('',(#5237,#5245,#5251,#5252));
#5254=FACE_BOUND('',#5253,.T.);
#5255=ADVANCED_FACE('',(#5254),#5229,.F.);
#5256=CARTESIAN_POINT('',(0.787275905,38.25808207,18.584147892));
#5257=CARTESIAN_POINT('',(0.787275905,38.25808207,19.584147892));
#5258=CARTESIAN_POINT('',(1.157275905,37.53808207,18.584147892));
#5259=CARTESIAN_POINT('',(1.157275905,37.53808207,19.584147892));
#5260=CARTESIAN_POINT('',(1.157275905,36.63808207,18.584147892));
#5261=CARTESIAN_POINT('',(1.157275905,36.63808207,19.584147892));
#5262=B_SPLINE_SURFACE_WITH_KNOTS('',2,1,((#5256,#5257),(#5258,#5259),(#5260,#5261)),.UNSPECIFIED.,.F.,.F.,.U.,(3,3),(2,2),(0.,1.),(0.,1.),.UNSPECIFIED.);
#5263=CARTESIAN_POINT('',(1.157275905,36.63808207,19.584147892));
#5264=VERTEX_POINT('',#5263);
#5265=CARTESIAN_POINT('',(0.787275905,38.25808207,19.584147892));
#5266=CARTESIAN_POINT('',(1.157275905,37.53808207,19.584147892));
#5267=CARTESIAN_POINT('',(1.157275905,36.63808207,19.584147892));
#5268=B_SPLINE_CURVE_WITH_KNOTS('',2,(#5265,#5266,#5267),.UNSPECIFIED.,.F.,.F.,(3,3),(0.,1.),.UNSPECIFIED.);
#5269=EDGE_CURVE('',#5231,#5264,#5268,.T.);
#5270=ORIENTED_EDGE('',*,*,#5269,.T.);
#5271=CARTESIAN_POINT('',(1.157275905,36.63808207,18.584147892));
#5272=VERTEX_POINT('',#5271);
#5273=CARTESIAN_POINT('',(1.157275905,36.63808207,18.584147892));
#5274=DIRECTION('',(0.,0.,1.));
#5275=VECTOR('',#5274,1.);
#5276=LINE('',#5273,#5275);
#5277=EDGE_CURVE('',#5272,#5264,#5276,.T.);
#5278=ORIENTED_EDGE('',*,*,#5277,.F.);
#5279=CARTESIAN_POINT('',(0.787275905,38.25808207,18.584147892));
#5280=CARTESIAN_POINT('',(1.157275905,37.53808207,18.584147892));
#5281=CARTESIAN_POINT('',(1.157275905,36.63808207,18.584147892));
#5282=B_SPLINE_CURVE_WITH_KNOTS('',2,(#5279,#5280,#5281),.UNSPECIFIED.,.F.,.F.,(3,3),(0.,1.),.UNSPECIFIED.);
#5283=EDGE_CURVE('',#5239,#5272,#5282,.T.);
#5284=ORIENTED_EDGE('',*,*,#5283,.F.);
#5285=ORIENTED_EDGE('',*,*,#5244,.T.);
#5286=EDGE_LOOP('',(#5270,#5278,#5284,#5285));
#5287=FACE_BOUND('',#5286,.T.);
#5288=ADVANCED_FACE('',(#5287),#5262,.F.);
#5289=CARTESIAN_POINT('',(1.157275905,36.63808207,18.584147892));
#5290=CARTESIAN_POINT('',(1.157275905,36.63808207,19.584147892));
#5291=CARTESIAN_POINT('',(1.157275905,35.74808207,18.584147892));
#5292=CARTESIAN_POINT('',(1.157275905,35.74808207,19.584147892));
#5293=CARTESIAN_POINT('',(0.797275905,35.01808207,18.584147892));
#5294=CARTESIAN_POINT('',(0.797275905,35.01808207,19.584147892));
#5295=B_SPLINE_SURFACE_WITH_KNOTS('',2,1,((#5289,#5290),(#5291,#5292),(#5293,#5294)),.UNSPECIFIED.,.F.,.F.,.U.,(3,3),(2,2),(0.,1.),(0.,1.),.UNSPECIFIED.);
#5296=CARTESIAN_POINT('',(0.797275905,35.01808207,19.584147892));
#5297=VERTEX_POINT('',#5296);
#5298=CARTESIAN_POINT('',(1.157275905,36.63808207,19.584147892));
#5299=CARTESIAN_POINT('',(1.157275905,35.74808207,19.584147892));
#5300=CARTESIAN_POINT('',(0.797275905,35.01808207,19.584147892));
#5301=B_SPLINE_CURVE_WITH_KNOTS('',2,(#5298,#5299,#5300),.UNSPECIFIED.,.F.,.F.,(3,3),(0.,1.),.UNSPECIFIED.);
#5302=EDGE_CURVE('',#5264,#5297,#5301,.T.);
#5303=ORIENTED_EDGE('',*,*,#5302,.T.);
#5304=CARTESIAN_POINT('',(0.797275905,35.01808207,18.584147892));
#5305=VERTEX_POINT('',#5304);
#5306=CARTESIAN_POINT('',(0.797275905,35.01808207,18.584147892));
#5307=DIRECTION('',(0.,0.,1.));
#5308=VECTOR('',#5307,1.);
#5309=LINE('',#5306,#5308);
#5310=EDGE_CURVE('',#5305,#5297,#5309,.T.);
#5311=ORIENTED_EDGE('',*,*,#5310,.F.);
#5312=CARTESIAN_POINT('',(1.157275905,36.63808207,18.584147892));
#5313=CARTESIAN_POINT('',(1.157275905,35.74808207,18.584147892));
#5314=CARTESIAN_POINT('',(0.797275905,35.01808207,18.584147892));
#5315=B_SPLINE_CURVE_WITH_KNOTS('',2,(#5312,#5313,#5314),.UNSPECIFIED.,.F.,.F.,(3,3),(0.,1.),.UNSPECIFIED.);
#5316=EDGE_CURVE('',#5272,#5305,#5315,.T.);
#5317=ORIENTED_EDGE('',*,*,#5316,.F.);
#5318=ORIENTED_EDGE('',*,*,#5277,.T.);
#5319=EDGE_LOOP('',(#5303,#5311,#5317,#5318));
#5320=FACE_BOUND('',#5319,.T.);
#5321=ADVANCED_FACE('',(#5320),#5295,.F.);
#5322=CARTESIAN_POINT('',(0.797275905,35.01808207,18.584147892));
#5323=CARTESIAN_POINT('',(0.797275905,35.01808207,19.584147892));
#5324=CARTESIAN_POINT('',(0.427275905,34.28808207,18.584147892));
#5325=CARTESIAN_POINT('',(0.427275905,34.28808207,19.584147892));
#5326=CARTESIAN_POINT('',(-0.322724095,33.85808207,18.584147892));
#5327=CARTESIAN_POINT('',(-0.322724095,33.85808207,19.584147892));
#5328=B_SPLINE_SURFACE_WITH_KNOTS('',2,1,((#5322,#5323),(#5324,#5325),(#5326,#5327)),.UNSPECIFIED.,.F.,.F.,.U.,(3,3),(2,2),(0.,1.),(0.,1.),.UNSPECIFIED.);
#5329=CARTESIAN_POINT('',(-0.322724095,33.85808207,19.584147892));
#5330=VERTEX_POINT('',#5329);
#5331=CARTESIAN_POINT('',(0.797275905,35.01808207,19.584147892));
#5332=CARTESIAN_POINT('',(0.427275905,34.28808207,19.584147892));
#5333=CARTESIAN_POINT('',(-0.322724095,33.85808207,19.584147892));
#5334=B_SPLINE_CURVE_WITH_KNOTS('',2,(#5331,#5332,#5333),.UNSPECIFIED.,.F.,.F.,(3,3),(0.,1.),.UNSPECIFIED.);
#5335=EDGE_CURVE('',#5297,#5330,#5334,.T.);
#5336=ORIENTED_EDGE('',*,*,#5335,.T.);
#5337=CARTESIAN_POINT('',(-0.322724095,33.85808207,18.584147892));
#5338=VERTEX_POINT('',#5337);
#5339=CARTESIAN_POINT('',(-0.322724095,33.85808207,18.584147892));
#5340=DIRECTION('',(0.,0.,1.));
#5341=VECTOR('',#5340,1.);
#5342=LINE('',#5339,#5341);
#5343=EDGE_CURVE('',#5338,#5330,#5342,.T.);
#5344=ORIENTED_EDGE('',*,*,#5343,.F.);
#5345=CARTESIAN_POINT('',(0.797275905,35.01808207,18.584147892));
#5346=CARTESIAN_POINT('',(0.427275905,34.28808207,18.584147892));
#5347=CARTESIAN_POINT('',(-0.322724095,33.85808207,18.584147892));
#5348=B_SPLINE_CURVE_WITH_KNOTS('',2,(#5345,#5346,#5347),.UNSPECIFIED.,.F.,.F.,(3,3),(0.,1.),.UNSPECIFIED.);
#5349=EDGE_CURVE('',#5305,#5338,#5348,.T.);
#5350=ORIENTED_EDGE('',*,*,#5349,.F.);
#5351=ORIENTED_EDGE('',*,*,#5310,.T.);
#5352=EDGE_LOOP('',(#5336,#5344,#5350,#5351));
#5353=FACE_BOUND('',#5352,.T.);
#5354=ADVANCED_FACE('',(#5353),#5328,.F.);
#5355=CARTESIAN_POINT('',(-0.322724095,33.85808207,18.584147892));
#5356=CARTESIAN_POINT('',(-0.322724095,33.85808207,19.584147892));
#5357=CARTESIAN_POINT('',(-1.082724095,33.42808207,18.584147892));
#5358=CARTESIAN_POINT('',(-1.082724095,33.42808207,19.584147892));
#5359=CARTESIAN_POINT('',(-2.252724095,33.42808207,18.584147892));
#5360=CARTESIAN_POINT('',(-2.252724095,33.42808207,19.584147892));
#5361=B_SPLINE_SURFACE_WITH_KNOTS('',2,1,((#5355,#5356),(#5357,#5358),(#5359,#5360)),.UNSPECIFIED.,.F.,.F.,.U.,(3,3),(2,2),(0.,1.),(0.,1.),.UNSPECIFIED.);
#5362=CARTESIAN_POINT('',(-0.322724095,33.85808207,19.584147892));
#5363=CARTESIAN_POINT('',(-1.082724095,33.42808207,19.584147892));
#5364=CARTESIAN_POINT('',(-2.252724095,33.42808207,19.584147892));
#5365=B_SPLINE_CURVE_WITH_KNOTS('',2,(#5362,#5363,#5364),.UNSPECIFIED.,.F.,.F.,(3,3),(0.,1.),.UNSPECIFIED.);
#5366=EDGE_CURVE('',#5330,#5032,#5365,.T.);
#5367=ORIENTED_EDGE('',*,*,#5366,.T.);
#5368=ORIENTED_EDGE('',*,*,#5061,.F.);
#5369=CARTESIAN_POINT('',(-0.322724095,33.85808207,18.584147892));
#5370=CARTESIAN_POINT('',(-1.082724095,33.42808207,18.584147892));
#5371=CARTESIAN_POINT('',(-2.252724095,33.42808207,18.584147892));
#5372=B_SPLINE_CURVE_WITH_KNOTS('',2,(#5369,#5370,#5371),.UNSPECIFIED.,.F.,.F.,(3,3),(0.,1.),.UNSPECIFIED.);
#5373=EDGE_CURVE('',#5338,#5050,#5372,.T.);
#5374=ORIENTED_EDGE('',*,*,#5373,.F.);
#5375=ORIENTED_EDGE('',*,*,#5343,.T.);
#5376=EDGE_LOOP('',(#5367,#5368,#5374,#5375));
#5377=FACE_BOUND('',#5376,.T.);
#5378=ADVANCED_FACE('',(#5377),#5361,.F.);
#5379=CARTESIAN_POINT('',(-15.042724095,34.78808207,18.584147892));
#5380=DIRECTION('',(0.,0.,-1.));
#5381=DIRECTION('',(-1.,0.,0.));
#5382=AXIS2_PLACEMENT_3D('',#5379,#5380,#5381);
#5383=PLANE('',#5382);
#5384=CARTESIAN_POINT('',(-4.462724095,34.50808207,18.584147892));
#5385=VERTEX_POINT('',#5384);
#5386=CARTESIAN_POINT('',(-2.292724095,34.50808207,18.584147892));
#5387=VERTEX_POINT('',#5386);
#5388=CARTESIAN_POINT('',(-4.462724095,34.50808207,18.584147892));
#5389=DIRECTION('',(1.,0.,-0.));
#5390=VECTOR('',#5389,2.17);
#5391=LINE('',#5388,#5390);
#5392=EDGE_CURVE('',#5385,#5387,#5391,.T.);
#5393=ORIENTED_EDGE('',*,*,#5392,.T.);
#5394=CARTESIAN_POINT('',(-0.992724095,34.79808207,18.584147892));
#5395=VERTEX_POINT('',#5394);
#5396=CARTESIAN_POINT('',(-2.292724095,34.50808207,18.584147892));
#5397=CARTESIAN_POINT('',(-1.482724095,34.50808207,18.584147892));
#5398=CARTESIAN_POINT('',(-0.992724095,34.79808207,18.584147892));
#5399=B_SPLINE_CURVE_WITH_KNOTS('',2,(#5396,#5397,#5398),.UNSPECIFIED.,.F.,.F.,(3,3),(0.,1.),.UNSPECIFIED.);
#5400=EDGE_CURVE('',#5387,#5395,#5399,.T.);
#5401=ORIENTED_EDGE('',*,*,#5400,.T.);
#5402=CARTESIAN_POINT('',(-0.272724095,35.55808207,18.584147892));
#5403=VERTEX_POINT('',#5402);
#5404=CARTESIAN_POINT('',(-0.992724095,34.79808207,18.584147892));
#5405=CARTESIAN_POINT('',(-0.492724095,35.07808207,18.584147892));
#5406=CARTESIAN_POINT('',(-0.272724095,35.55808207,18.584147892));
#5407=B_SPLINE_CURVE_WITH_KNOTS('',2,(#5404,#5405,#5406),.UNSPECIFIED.,.F.,.F.,(3,3),(0.,1.),.UNSPECIFIED.);
#5408=EDGE_CURVE('',#5395,#5403,#5407,.T.);
#5409=ORIENTED_EDGE('',*,*,#5408,.T.);
#5410=CARTESIAN_POINT('',(-0.042724095,36.63808207,18.584147892));
#5411=VERTEX_POINT('',#5410);
#5412=CARTESIAN_POINT('',(-0.272724095,35.55808207,18.584147892));
#5413=CARTESIAN_POINT('',(-0.042724095,36.03808207,18.584147892));
#5414=CARTESIAN_POINT('',(-0.042724095,36.63808207,18.584147892));
#5415=B_SPLINE_CURVE_WITH_KNOTS('',2,(#5412,#5413,#5414),.UNSPECIFIED.,.F.,.F.,(3,3),(0.,1.),.UNSPECIFIED.);
#5416=EDGE_CURVE('',#5403,#5411,#5415,.T.);
#5417=ORIENTED_EDGE('',*,*,#5416,.T.);
#5418=CARTESIAN_POINT('',(-0.272724095,37.72808207,18.584147892));
#5419=VERTEX_POINT('',#5418);
#5420=CARTESIAN_POINT('',(-0.042724095,36.63808207,18.584147892));
#5421=CARTESIAN_POINT('',(-0.042724095,37.24808207,18.584147892));
#5422=CARTESIAN_POINT('',(-0.272724095,37.72808207,18.584147892));
#5423=B_SPLINE_CURVE_WITH_KNOTS('',2,(#5420,#5421,#5422),.UNSPECIFIED.,.F.,.F.,(3,3),(0.,1.),.UNSPECIFIED.);
#5424=EDGE_CURVE('',#5411,#5419,#5423,.T.);
#5425=ORIENTED_EDGE('',*,*,#5424,.T.);
#5426=CARTESIAN_POINT('',(-0.992724095,38.47808207,18.584147892));
#5427=VERTEX_POINT('',#5426);
#5428=CARTESIAN_POINT('',(-0.272724095,37.72808207,18.584147892));
#5429=CARTESIAN_POINT('',(-0.492724095,38.20808207,18.584147892));
#5430=CARTESIAN_POINT('',(-0.992724095,38.47808207,18.584147892));
#5431=B_SPLINE_CURVE_WITH_KNOTS('',2,(#5428,#5429,#5430),.UNSPECIFIED.,.F.,.F.,(3,3),(0.,1.),.UNSPECIFIED.);
#5432=EDGE_CURVE('',#5419,#5427,#5431,.T.);
#5433=ORIENTED_EDGE('',*,*,#5432,.T.);
#5434=CARTESIAN_POINT('',(-2.312724095,38.75808207,18.584147892));
#5435=VERTEX_POINT('',#5434);
#5436=CARTESIAN_POINT('',(-0.992724095,38.47808207,18.584147892));
#5437=CARTESIAN_POINT('',(-1.492724095,38.75808207,18.584147892));
#5438=CARTESIAN_POINT('',(-2.312724095,38.75808207,18.584147892));
#5439=B_SPLINE_CURVE_WITH_KNOTS('',2,(#5436,#5437,#5438),.UNSPECIFIED.,.F.,.F.,(3,3),(0.,1.),.UNSPECIFIED.);
#5440=EDGE_CURVE('',#5427,#5435,#5439,.T.);
#5441=ORIENTED_EDGE('',*,*,#5440,.T.);
#5442=CARTESIAN_POINT('',(-4.462724095,38.75808207,18.584147892));
#5443=VERTEX_POINT('',#5442);
#5444=CARTESIAN_POINT('',(-2.312724095,38.75808207,18.584147892));
#5445=DIRECTION('',(-1.,0.,0.));
#5446=VECTOR('',#5445,2.15);
#5447=LINE('',#5444,#5446);
#5448=EDGE_CURVE('',#5435,#5443,#5447,.T.);
#5449=ORIENTED_EDGE('',*,*,#5448,.T.);
#5450=CARTESIAN_POINT('',(-4.462724095,38.75808207,18.584147892));
#5451=DIRECTION('',(0.,-1.,0.));
#5452=VECTOR('',#5451,4.25);
#5453=LINE('',#5450,#5452);
#5454=EDGE_CURVE('',#5443,#5385,#5453,.T.);
#5455=ORIENTED_EDGE('',*,*,#5454,.T.);
#5456=EDGE_LOOP('',(#5393,#5401,#5409,#5417,#5425,#5433,#5441,#5449,#5455));
#5457=FACE_BOUND('',#5456,.T.);
#5458=ORIENTED_EDGE('',*,*,#5055,.T.);
#5459=ORIENTED_EDGE('',*,*,#5091,.T.);
#5460=ORIENTED_EDGE('',*,*,#5122,.T.);
#5461=ORIENTED_EDGE('',*,*,#5153,.T.);
#5462=ORIENTED_EDGE('',*,*,#5184,.T.);
#5463=ORIENTED_EDGE('',*,*,#5217,.T.);
#5464=ORIENTED_EDGE('',*,*,#5250,.T.);
#5465=ORIENTED_EDGE('',*,*,#5283,.T.);
#5466=ORIENTED_EDGE('',*,*,#5316,.T.);
#5467=ORIENTED_EDGE('',*,*,#5349,.T.);
#5468=ORIENTED_EDGE('',*,*,#5373,.T.);
#5469=EDGE_LOOP('',(#5458,#5459,#5460,#5461,#5462,#5463,#5464,#5465,#5466,#5467,#5468));
#5470=FACE_BOUND('',#5469,.T.);
#5471=ADVANCED_FACE('',(#5457,#5470),#5383,.T.);
#5472=CARTESIAN_POINT('',(-15.042724095,34.78808207,19.584147892));
#5473=DIRECTION('',(0.,0.,-1.));
#5474=DIRECTION('',(-1.,0.,0.));
#5475=AXIS2_PLACEMENT_3D('',#5472,#5473,#5474);
#5476=PLANE('',#5475);
#5477=CARTESIAN_POINT('',(-2.292724095,34.50808207,19.584147892));
#5478=VERTEX_POINT('',#5477);
#5479=CARTESIAN_POINT('',(-0.992724095,34.79808207,19.584147892));
#5480=VERTEX_POINT('',#5479);
#5481=CARTESIAN_POINT('',(-2.292724095,34.50808207,19.584147892));
#5482=CARTESIAN_POINT('',(-1.482724095,34.50808207,19.584147892));
#5483=CARTESIAN_POINT('',(-0.992724095,34.79808207,19.584147892));
#5484=B_SPLINE_CURVE_WITH_KNOTS('',2,(#5481,#5482,#5483),.UNSPECIFIED.,.F.,.F.,(3,3),(0.,1.),.UNSPECIFIED.);
#5485=EDGE_CURVE('',#5478,#5480,#5484,.T.);
#5486=ORIENTED_EDGE('',*,*,#5485,.F.);
#5487=CARTESIAN_POINT('',(-4.462724095,34.50808207,19.584147892));
#5488=VERTEX_POINT('',#5487);
#5489=CARTESIAN_POINT('',(-4.462724095,34.50808207,19.584147892));
#5490=DIRECTION('',(1.,0.,-0.));
#5491=VECTOR('',#5490,2.17);
#5492=LINE('',#5489,#5491);
#5493=EDGE_CURVE('',#5488,#5478,#5492,.T.);
#5494=ORIENTED_EDGE('',*,*,#5493,.F.);
#5495=CARTESIAN_POINT('',(-4.462724095,38.75808207,19.584147892));
#5496=VERTEX_POINT('',#5495);
#5497=CARTESIAN_POINT('',(-4.462724095,38.75808207,19.584147892));
#5498=DIRECTION('',(0.,-1.,0.));
#5499=VECTOR('',#5498,4.25);
#5500=LINE('',#5497,#5499);
#5501=EDGE_CURVE('',#5496,#5488,#5500,.T.);
#5502=ORIENTED_EDGE('',*,*,#5501,.F.);
#5503=CARTESIAN_POINT('',(-2.312724095,38.75808207,19.584147892));
#5504=VERTEX_POINT('',#5503);
#5505=CARTESIAN_POINT('',(-2.312724095,38.75808207,19.584147892));
#5506=DIRECTION('',(-1.,0.,0.));
#5507=VECTOR('',#5506,2.15);
#5508=LINE('',#5505,#5507);
#5509=EDGE_CURVE('',#5504,#5496,#5508,.T.);
#5510=ORIENTED_EDGE('',*,*,#5509,.F.);
#5511=CARTESIAN_POINT('',(-0.992724095,38.47808207,19.584147892));
#5512=VERTEX_POINT('',#5511);
#5513=CARTESIAN_POINT('',(-0.992724095,38.47808207,19.584147892));
#5514=CARTESIAN_POINT('',(-1.492724095,38.75808207,19.584147892));
#5515=CARTESIAN_POINT('',(-2.312724095,38.75808207,19.584147892));
#5516=B_SPLINE_CURVE_WITH_KNOTS('',2,(#5513,#5514,#5515),.UNSPECIFIED.,.F.,.F.,(3,3),(0.,1.),.UNSPECIFIED.);
#5517=EDGE_CURVE('',#5512,#5504,#5516,.T.);
#5518=ORIENTED_EDGE('',*,*,#5517,.F.);
#5519=CARTESIAN_POINT('',(-0.272724095,37.72808207,19.584147892));
#5520=VERTEX_POINT('',#5519);
#5521=CARTESIAN_POINT('',(-0.272724095,37.72808207,19.584147892));
#5522=CARTESIAN_POINT('',(-0.492724095,38.20808207,19.584147892));
#5523=CARTESIAN_POINT('',(-0.992724095,38.47808207,19.584147892));
#5524=B_SPLINE_CURVE_WITH_KNOTS('',2,(#5521,#5522,#5523),.UNSPECIFIED.,.F.,.F.,(3,3),(0.,1.),.UNSPECIFIED.);
#5525=EDGE_CURVE('',#5520,#5512,#5524,.T.);
#5526=ORIENTED_EDGE('',*,*,#5525,.F.);
#5527=CARTESIAN_POINT('',(-0.042724095,36.63808207,19.584147892));
#5528=VERTEX_POINT('',#5527);
#5529=CARTESIAN_POINT('',(-0.042724095,36.63808207,19.584147892));
#5530=CARTESIAN_POINT('',(-0.042724095,37.24808207,19.584147892));
#5531=CARTESIAN_POINT('',(-0.272724095,37.72808207,19.584147892));
#5532=B_SPLINE_CURVE_WITH_KNOTS('',2,(#5529,#5530,#5531),.UNSPECIFIED.,.F.,.F.,(3,3),(0.,1.),.UNSPECIFIED.);
#5533=EDGE_CURVE('',#5528,#5520,#5532,.T.);
#5534=ORIENTED_EDGE('',*,*,#5533,.F.);
#5535=CARTESIAN_POINT('',(-0.272724095,35.55808207,19.584147892));
#5536=VERTEX_POINT('',#5535);
#5537=CARTESIAN_POINT('',(-0.272724095,35.55808207,19.584147892));
#5538=CARTESIAN_POINT('',(-0.042724095,36.03808207,19.584147892));
#5539=CARTESIAN_POINT('',(-0.042724095,36.63808207,19.584147892));
#5540=B_SPLINE_CURVE_WITH_KNOTS('',2,(#5537,#5538,#5539),.UNSPECIFIED.,.F.,.F.,(3,3),(0.,1.),.UNSPECIFIED.);
#5541=EDGE_CURVE('',#5536,#5528,#5540,.T.);
#5542=ORIENTED_EDGE('',*,*,#5541,.F.);
#5543=CARTESIAN_POINT('',(-0.992724095,34.79808207,19.584147892));
#5544=CARTESIAN_POINT('',(-0.492724095,35.07808207,19.584147892));
#5545=CARTESIAN_POINT('',(-0.272724095,35.55808207,19.584147892));
#5546=B_SPLINE_CURVE_WITH_KNOTS('',2,(#5543,#5544,#5545),.UNSPECIFIED.,.F.,.F.,(3,3),(0.,1.),.UNSPECIFIED.);
#5547=EDGE_CURVE('',#5480,#5536,#5546,.T.);
#5548=ORIENTED_EDGE('',*,*,#5547,.F.);
#5549=EDGE_LOOP('',(#5486,#5494,#5502,#5510,#5518,#5526,#5534,#5542,#5548));
#5550=FACE_BOUND('',#5549,.T.);
#5551=ORIENTED_EDGE('',*,*,#5039,.F.);
#5552=ORIENTED_EDGE('',*,*,#5366,.F.);
#5553=ORIENTED_EDGE('',*,*,#5335,.F.);
#5554=ORIENTED_EDGE('',*,*,#5302,.F.);
#5555=ORIENTED_EDGE('',*,*,#5269,.F.);
#5556=ORIENTED_EDGE('',*,*,#5236,.F.);
#5557=ORIENTED_EDGE('',*,*,#5203,.F.);
#5558=ORIENTED_EDGE('',*,*,#5170,.F.);
#5559=ORIENTED_EDGE('',*,*,#5139,.F.);
#5560=ORIENTED_EDGE('',*,*,#5108,.F.);
#5561=ORIENTED_EDGE('',*,*,#5077,.F.);
#5562=EDGE_LOOP('',(#5551,#5552,#5553,#5554,#5555,#5556,#5557,#5558,#5559,#5560,#5561));
#5563=FACE_BOUND('',#5562,.T.);
#5564=ADVANCED_FACE('',(#5550,#5563),#5476,.F.);
#5565=CARTESIAN_POINT('',(-4.702724095,34.50808207,18.584147892));
#5566=DIRECTION('',(0.,-1.,0.));
#5567=DIRECTION('',(0.,0.,-1.));
#5568=AXIS2_PLACEMENT_3D('',#5565,#5566,#5567);
#5569=PLANE('',#5568);
#5570=ORIENTED_EDGE('',*,*,#5493,.T.);
#5571=CARTESIAN_POINT('',(-2.292724095,34.50808207,18.584147892));
#5572=DIRECTION('',(0.,0.,1.));
#5573=VECTOR('',#5572,1.);
#5574=LINE('',#5571,#5573);
#5575=EDGE_CURVE('',#5387,#5478,#5574,.T.);
#5576=ORIENTED_EDGE('',*,*,#5575,.F.);
#5577=ORIENTED_EDGE('',*,*,#5392,.F.);
#5578=CARTESIAN_POINT('',(-4.462724095,34.50808207,18.584147892));
#5579=DIRECTION('',(0.,0.,1.));
#5580=VECTOR('',#5579,1.);
#5581=LINE('',#5578,#5580);
#5582=EDGE_CURVE('',#5385,#5488,#5581,.T.);
#5583=ORIENTED_EDGE('',*,*,#5582,.T.);
#5584=EDGE_LOOP('',(#5570,#5576,#5577,#5583));
#5585=FACE_BOUND('',#5584,.T.);
#5586=ADVANCED_FACE('',(#5585),#5569,.F.);
#5587=CARTESIAN_POINT('',(-4.462724095,38.75808207,18.584147892));
#5588=DIRECTION('',(-1.,0.,0.));
#5589=DIRECTION('',(0.,0.,1.));
#5590=AXIS2_PLACEMENT_3D('',#5587,#5588,#5589);
#5591=PLANE('',#5590);
#5592=ORIENTED_EDGE('',*,*,#5501,.T.);
#5593=ORIENTED_EDGE('',*,*,#5582,.F.);
#5594=ORIENTED_EDGE('',*,*,#5454,.F.);
#5595=CARTESIAN_POINT('',(-4.462724095,38.75808207,18.584147892));
#5596=DIRECTION('',(0.,0.,1.));
#5597=VECTOR('',#5596,1.);
#5598=LINE('',#5595,#5597);
#5599=EDGE_CURVE('',#5443,#5496,#5598,.T.);
#5600=ORIENTED_EDGE('',*,*,#5599,.T.);
#5601=EDGE_LOOP('',(#5592,#5593,#5594,#5600));
#5602=FACE_BOUND('',#5601,.T.);
#5603=ADVANCED_FACE('',(#5602),#5591,.F.);
#5604=CARTESIAN_POINT('',(-2.312724095,38.75808207,18.584147892));
#5605=DIRECTION('',(0.,1.,0.));
#5606=DIRECTION('',(0.,0.,1.));
#5607=AXIS2_PLACEMENT_3D('',#5604,#5605,#5606);
#5608=PLANE('',#5607);
#5609=ORIENTED_EDGE('',*,*,#5509,.T.);
#5610=ORIENTED_EDGE('',*,*,#5599,.F.);
#5611=ORIENTED_EDGE('',*,*,#5448,.F.);
#5612=CARTESIAN_POINT('',(-2.312724095,38.75808207,18.584147892));
#5613=DIRECTION('',(0.,0.,1.));
#5614=VECTOR('',#5613,1.);
#5615=LINE('',#5612,#5614);
#5616=EDGE_CURVE('',#5435,#5504,#5615,.T.);
#5617=ORIENTED_EDGE('',*,*,#5616,.T.);
#5618=EDGE_LOOP('',(#5609,#5610,#5611,#5617));
#5619=FACE_BOUND('',#5618,.T.);
#5620=ADVANCED_FACE('',(#5619),#5608,.F.);
#5621=CARTESIAN_POINT('',(-0.992724095,38.47808207,18.584147892));
#5622=CARTESIAN_POINT('',(-0.992724095,38.47808207,19.584147892));
#5623=CARTESIAN_POINT('',(-1.492724095,38.75808207,18.584147892));
#5624=CARTESIAN_POINT('',(-1.492724095,38.75808207,19.584147892));
#5625=CARTESIAN_POINT('',(-2.312724095,38.75808207,18.584147892));
#5626=CARTESIAN_POINT('',(-2.312724095,38.75808207,19.584147892));
#5627=B_SPLINE_SURFACE_WITH_KNOTS('',2,1,((#5621,#5622),(#5623,#5624),(#5625,#5626)),.UNSPECIFIED.,.F.,.F.,.U.,(3,3),(2,2),(0.,1.),(0.,1.),.UNSPECIFIED.);
#5628=ORIENTED_EDGE('',*,*,#5517,.T.);
#5629=ORIENTED_EDGE('',*,*,#5616,.F.);
#5630=ORIENTED_EDGE('',*,*,#5440,.F.);
#5631=CARTESIAN_POINT('',(-0.992724095,38.47808207,18.584147892));
#5632=DIRECTION('',(0.,0.,1.));
#5633=VECTOR('',#5632,1.);
#5634=LINE('',#5631,#5633);
#5635=EDGE_CURVE('',#5427,#5512,#5634,.T.);
#5636=ORIENTED_EDGE('',*,*,#5635,.T.);
#5637=EDGE_LOOP('',(#5628,#5629,#5630,#5636));
#5638=FACE_BOUND('',#5637,.T.);
#5639=ADVANCED_FACE('',(#5638),#5627,.F.);
#5640=CARTESIAN_POINT('',(-0.272724095,37.72808207,18.584147892));
#5641=CARTESIAN_POINT('',(-0.272724095,37.72808207,19.584147892));
#5642=CARTESIAN_POINT('',(-0.492724095,38.20808207,18.584147892));
#5643=CARTESIAN_POINT('',(-0.492724095,38.20808207,19.584147892));
#5644=CARTESIAN_POINT('',(-0.992724095,38.47808207,18.584147892));
#5645=CARTESIAN_POINT('',(-0.992724095,38.47808207,19.584147892));
#5646=B_SPLINE_SURFACE_WITH_KNOTS('',2,1,((#5640,#5641),(#5642,#5643),(#5644,#5645)),.UNSPECIFIED.,.F.,.F.,.U.,(3,3),(2,2),(0.,1.),(0.,1.),.UNSPECIFIED.);
#5647=ORIENTED_EDGE('',*,*,#5525,.T.);
#5648=ORIENTED_EDGE('',*,*,#5635,.F.);
#5649=ORIENTED_EDGE('',*,*,#5432,.F.);
#5650=CARTESIAN_POINT('',(-0.272724095,37.72808207,18.584147892));
#5651=DIRECTION('',(0.,0.,1.));
#5652=VECTOR('',#5651,1.);
#5653=LINE('',#5650,#5652);
#5654=EDGE_CURVE('',#5419,#5520,#5653,.T.);
#5655=ORIENTED_EDGE('',*,*,#5654,.T.);
#5656=EDGE_LOOP('',(#5647,#5648,#5649,#5655));
#5657=FACE_BOUND('',#5656,.T.);
#5658=ADVANCED_FACE('',(#5657),#5646,.F.);
#5659=CARTESIAN_POINT('',(-0.042724095,36.63808207,18.584147892));
#5660=CARTESIAN_POINT('',(-0.042724095,36.63808207,19.584147892));
#5661=CARTESIAN_POINT('',(-0.042724095,37.24808207,18.584147892));
#5662=CARTESIAN_POINT('',(-0.042724095,37.24808207,19.584147892));
#5663=CARTESIAN_POINT('',(-0.272724095,37.72808207,18.584147892));
#5664=CARTESIAN_POINT('',(-0.272724095,37.72808207,19.584147892));
#5665=B_SPLINE_SURFACE_WITH_KNOTS('',2,1,((#5659,#5660),(#5661,#5662),(#5663,#5664)),.UNSPECIFIED.,.F.,.F.,.U.,(3,3),(2,2),(0.,1.),(0.,1.),.UNSPECIFIED.);
#5666=ORIENTED_EDGE('',*,*,#5533,.T.);
#5667=ORIENTED_EDGE('',*,*,#5654,.F.);
#5668=ORIENTED_EDGE('',*,*,#5424,.F.);
#5669=CARTESIAN_POINT('',(-0.042724095,36.63808207,18.584147892));
#5670=DIRECTION('',(0.,0.,1.));
#5671=VECTOR('',#5670,1.);
#5672=LINE('',#5669,#5671);
#5673=EDGE_CURVE('',#5411,#5528,#5672,.T.);
#5674=ORIENTED_EDGE('',*,*,#5673,.T.);
#5675=EDGE_LOOP('',(#5666,#5667,#5668,#5674));
#5676=FACE_BOUND('',#5675,.T.);
#5677=ADVANCED_FACE('',(#5676),#5665,.F.);
#5678=CARTESIAN_POINT('',(-0.272724095,35.55808207,18.584147892));
#5679=CARTESIAN_POINT('',(-0.272724095,35.55808207,19.584147892));
#5680=CARTESIAN_POINT('',(-0.042724095,36.03808207,18.584147892));
#5681=CARTESIAN_POINT('',(-0.042724095,36.03808207,19.584147892));
#5682=CARTESIAN_POINT('',(-0.042724095,36.63808207,18.584147892));
#5683=CARTESIAN_POINT('',(-0.042724095,36.63808207,19.584147892));
#5684=B_SPLINE_SURFACE_WITH_KNOTS('',2,1,((#5678,#5679),(#5680,#5681),(#5682,#5683)),.UNSPECIFIED.,.F.,.F.,.U.,(3,3),(2,2),(0.,1.),(0.,1.),.UNSPECIFIED.);
#5685=ORIENTED_EDGE('',*,*,#5541,.T.);
#5686=ORIENTED_EDGE('',*,*,#5673,.F.);
#5687=ORIENTED_EDGE('',*,*,#5416,.F.);
#5688=CARTESIAN_POINT('',(-0.272724095,35.55808207,18.584147892));
#5689=DIRECTION('',(0.,0.,1.));
#5690=VECTOR('',#5689,1.);
#5691=LINE('',#5688,#5690);
#5692=EDGE_CURVE('',#5403,#5536,#5691,.T.);
#5693=ORIENTED_EDGE('',*,*,#5692,.T.);
#5694=EDGE_LOOP('',(#5685,#5686,#5687,#5693));
#5695=FACE_BOUND('',#5694,.T.);
#5696=ADVANCED_FACE('',(#5695),#5684,.F.);
#5697=CARTESIAN_POINT('',(-0.992724095,34.79808207,18.584147892));
#5698=CARTESIAN_POINT('',(-0.992724095,34.79808207,19.584147892));
#5699=CARTESIAN_POINT('',(-0.492724095,35.07808207,18.584147892));
#5700=CARTESIAN_POINT('',(-0.492724095,35.07808207,19.584147892));
#5701=CARTESIAN_POINT('',(-0.272724095,35.55808207,18.584147892));
#5702=CARTESIAN_POINT('',(-0.272724095,35.55808207,19.584147892));
#5703=B_SPLINE_SURFACE_WITH_KNOTS('',2,1,((#5697,#5698),(#5699,#5700),(#5701,#5702)),.UNSPECIFIED.,.F.,.F.,.U.,(3,3),(2,2),(0.,1.),(0.,1.),.UNSPECIFIED.);
#5704=ORIENTED_EDGE('',*,*,#5547,.T.);
#5705=ORIENTED_EDGE('',*,*,#5692,.F.);
#5706=ORIENTED_EDGE('',*,*,#5408,.F.);
#5707=CARTESIAN_POINT('',(-0.992724095,34.79808207,18.584147892));
#5708=DIRECTION('',(0.,0.,1.));
#5709=VECTOR('',#5708,1.);
#5710=LINE('',#5707,#5709);
#5711=EDGE_CURVE('',#5395,#5480,#5710,.T.);
#5712=ORIENTED_EDGE('',*,*,#5711,.T.);
#5713=EDGE_LOOP('',(#5704,#5705,#5706,#5712));
#5714=FACE_BOUND('',#5713,.T.);
#5715=ADVANCED_FACE('',(#5714),#5703,.F.);
#5716=CARTESIAN_POINT('',(-2.292724095,34.50808207,18.584147892));
#5717=CARTESIAN_POINT('',(-2.292724095,34.50808207,19.584147892));
#5718=CARTESIAN_POINT('',(-1.482724095,34.50808207,18.584147892));
#5719=CARTESIAN_POINT('',(-1.482724095,34.50808207,19.584147892));
#5720=CARTESIAN_POINT('',(-0.992724095,34.79808207,18.584147892));
#5721=CARTESIAN_POINT('',(-0.992724095,34.79808207,19.584147892));
#5722=B_SPLINE_SURFACE_WITH_KNOTS('',2,1,((#5716,#5717),(#5718,#5719),(#5720,#5721)),.UNSPECIFIED.,.F.,.F.,.U.,(3,3),(2,2),(0.,1.),(0.,1.),.UNSPECIFIED.);
#5723=ORIENTED_EDGE('',*,*,#5485,.T.);
#5724=ORIENTED_EDGE('',*,*,#5711,.F.);
#5725=ORIENTED_EDGE('',*,*,#5400,.F.);
#5726=ORIENTED_EDGE('',*,*,#5575,.T.);
#5727=EDGE_LOOP('',(#5723,#5724,#5725,#5726));
#5728=FACE_BOUND('',#5727,.T.);
#5729=ADVANCED_FACE('',(#5728),#5722,.F.);
#5730=CLOSED_SHELL('',(#5065,#5096,#5127,#5158,#5189,#5222,#5255,#5288,#5321,#5354,#5378,#5471,#5564,#5586,#5603,#5620,#5639,#5658,#5677,#5696,#5715,#5729));
#5731=MANIFOLD_SOLID_BREP('P',#5730);
#5025=STYLED_ITEM('',(),#5731);
#5733=CARTESIAN_POINT('',(-9.362724095,29.73808207,18.584147892));
#5734=DIRECTION('',(1.,0.,0.));
#5735=DIRECTION('',(0.,0.,-1.));
#5736=AXIS2_PLACEMENT_3D('',#5733,#5734,#5735);
#5737=PLANE('',#5736);
#5738=CARTESIAN_POINT('',(-9.362724095,29.73808207,19.584147892));
#5739=VERTEX_POINT('',#5738);
#5740=CARTESIAN_POINT('',(-9.362724095,39.83808207,19.584147892));
#5741=VERTEX_POINT('',#5740);
#5742=CARTESIAN_POINT('',(-9.362724095,29.73808207,19.584147892));
#5743=DIRECTION('',(0.,1.,0.));
#5744=VECTOR('',#5743,10.1);
#5745=LINE('',#5742,#5744);
#5746=EDGE_CURVE('',#5739,#5741,#5745,.T.);
#5747=ORIENTED_EDGE('',*,*,#5746,.T.);
#5748=CARTESIAN_POINT('',(-9.362724095,39.83808207,18.584147892));
#5749=VERTEX_POINT('',#5748);
#5750=CARTESIAN_POINT('',(-9.362724095,39.83808207,18.584147892));
#5751=DIRECTION('',(0.,0.,1.));
#5752=VECTOR('',#5751,1.);
#5753=LINE('',#5750,#5752);
#5754=EDGE_CURVE('',#5749,#5741,#5753,.T.);
#5755=ORIENTED_EDGE('',*,*,#5754,.F.);
#5756=CARTESIAN_POINT('',(-9.362724095,29.73808207,18.584147892));
#5757=VERTEX_POINT('',#5756);
#5758=CARTESIAN_POINT('',(-9.362724095,29.73808207,18.584147892));
#5759=DIRECTION('',(0.,1.,0.));
#5760=VECTOR('',#5759,10.1);
#5761=LINE('',#5758,#5760);
#5762=EDGE_CURVE('',#5757,#5749,#5761,.T.);
#5763=ORIENTED_EDGE('',*,*,#5762,.F.);
#5764=CARTESIAN_POINT('',(-9.362724095,29.73808207,18.584147892));
#5765=DIRECTION('',(0.,0.,1.));
#5766=VECTOR('',#5765,1.);
#5767=LINE('',#5764,#5766);
#5768=EDGE_CURVE('',#5757,#5739,#5767,.T.);
#5769=ORIENTED_EDGE('',*,*,#5768,.T.);
#5770=EDGE_LOOP('',(#5747,#5755,#5763,#5769));
#5771=FACE_BOUND('',#5770,.T.);
#5772=ADVANCED_FACE('',(#5771),#5737,.F.);
#5773=CARTESIAN_POINT('',(-9.362724095,39.83808207,18.584147892));
#5774=DIRECTION('',(0.,-1.,0.));
#5775=DIRECTION('',(0.,0.,-1.));
#5776=AXIS2_PLACEMENT_3D('',#5773,#5774,#5775);
#5777=PLANE('',#5776);
#5778=CARTESIAN_POINT('',(-8.132724095,39.83808207,19.584147892));
#5779=VERTEX_POINT('',#5778);
#5780=CARTESIAN_POINT('',(-9.362724095,39.83808207,19.584147892));
#5781=DIRECTION('',(1.,0.,-0.));
#5782=VECTOR('',#5781,1.23);
#5783=LINE('',#5780,#5782);
#5784=EDGE_CURVE('',#5741,#5779,#5783,.T.);
#5785=ORIENTED_EDGE('',*,*,#5784,.T.);
#5786=CARTESIAN_POINT('',(-8.132724095,39.83808207,18.584147892));
#5787=VERTEX_POINT('',#5786);
#5788=CARTESIAN_POINT('',(-8.132724095,39.83808207,18.584147892));
#5789=DIRECTION('',(0.,0.,1.));
#5790=VECTOR('',#5789,1.);
#5791=LINE('',#5788,#5790);
#5792=EDGE_CURVE('',#5787,#5779,#5791,.T.);
#5793=ORIENTED_EDGE('',*,*,#5792,.F.);
#5794=CARTESIAN_POINT('',(-9.362724095,39.83808207,18.584147892));
#5795=DIRECTION('',(1.,0.,-0.));
#5796=VECTOR('',#5795,1.23);
#5797=LINE('',#5794,#5796);
#5798=EDGE_CURVE('',#5749,#5787,#5797,.T.);
#5799=ORIENTED_EDGE('',*,*,#5798,.F.);
#5800=ORIENTED_EDGE('',*,*,#5754,.T.);
#5801=EDGE_LOOP('',(#5785,#5793,#5799,#5800));
#5802=FACE_BOUND('',#5801,.T.);
#5803=ADVANCED_FACE('',(#5802),#5777,.F.);
#5804=CARTESIAN_POINT('',(-8.132724095,39.83808207,18.584147892));
#5805=DIRECTION('',(-1.,0.,0.));
#5806=DIRECTION('',(0.,0.,1.));
#5807=AXIS2_PLACEMENT_3D('',#5804,#5805,#5806);
#5808=PLANE('',#5807);
#5809=CARTESIAN_POINT('',(-8.132724095,29.73808207,19.584147892));
#5810=VERTEX_POINT('',#5809);
#5811=CARTESIAN_POINT('',(-8.132724095,39.83808207,19.584147892));
#5812=DIRECTION('',(0.,-1.,0.));
#5813=VECTOR('',#5812,10.1);
#5814=LINE('',#5811,#5813);
#5815=EDGE_CURVE('',#5779,#5810,#5814,.T.);
#5816=ORIENTED_EDGE('',*,*,#5815,.T.);
#5817=CARTESIAN_POINT('',(-8.132724095,29.73808207,18.584147892));
#5818=VERTEX_POINT('',#5817);
#5819=CARTESIAN_POINT('',(-8.132724095,29.73808207,18.584147892));
#5820=DIRECTION('',(0.,0.,1.));
#5821=VECTOR('',#5820,1.);
#5822=LINE('',#5819,#5821);
#5823=EDGE_CURVE('',#5818,#5810,#5822,.T.);
#5824=ORIENTED_EDGE('',*,*,#5823,.F.);
#5825=CARTESIAN_POINT('',(-8.132724095,39.83808207,18.584147892));
#5826=DIRECTION('',(0.,-1.,0.));
#5827=VECTOR('',#5826,10.1);
#5828=LINE('',#5825,#5827);
#5829=EDGE_CURVE('',#5787,#5818,#5828,.T.);
#5830=ORIENTED_EDGE('',*,*,#5829,.F.);
#5831=ORIENTED_EDGE('',*,*,#5792,.T.);
#5832=EDGE_LOOP('',(#5816,#5824,#5830,#5831));
#5833=FACE_BOUND('',#5832,.T.);
#5834=ADVANCED_FACE('',(#5833),#5808,.F.);
#5835=CARTESIAN_POINT('',(-8.132724095,29.73808207,18.584147892));
#5836=DIRECTION('',(0.,1.,0.));
#5837=DIRECTION('',(0.,0.,1.));
#5838=AXIS2_PLACEMENT_3D('',#5835,#5836,#5837);
#5839=PLANE('',#5838);
#5840=CARTESIAN_POINT('',(-8.132724095,29.73808207,19.584147892));
#5841=DIRECTION('',(-1.,0.,0.));
#5842=VECTOR('',#5841,1.23);
#5843=LINE('',#5840,#5842);
#5844=EDGE_CURVE('',#5810,#5739,#5843,.T.);
#5845=ORIENTED_EDGE('',*,*,#5844,.T.);
#5846=ORIENTED_EDGE('',*,*,#5768,.F.);
#5847=CARTESIAN_POINT('',(-8.132724095,29.73808207,18.584147892));
#5848=DIRECTION('',(-1.,0.,0.));
#5849=VECTOR('',#5848,1.23);
#5850=LINE('',#5847,#5849);
#5851=EDGE_CURVE('',#5818,#5757,#5850,.T.);
#5852=ORIENTED_EDGE('',*,*,#5851,.F.);
#5853=ORIENTED_EDGE('',*,*,#5823,.T.);
#5854=EDGE_LOOP('',(#5845,#5846,#5852,#5853));
#5855=FACE_BOUND('',#5854,.T.);
#5856=ADVANCED_FACE('',(#5855),#5839,.F.);
#5857=CARTESIAN_POINT('',(-15.042724095,34.78808207,18.584147892));
#5858=DIRECTION('',(0.,0.,-1.));
#5859=DIRECTION('',(-1.,0.,0.));
#5860=AXIS2_PLACEMENT_3D('',#5857,#5858,#5859);
#5861=PLANE('',#5860);
#5862=ORIENTED_EDGE('',*,*,#5762,.T.);
#5863=ORIENTED_EDGE('',*,*,#5798,.T.);
#5864=ORIENTED_EDGE('',*,*,#5829,.T.);
#5865=ORIENTED_EDGE('',*,*,#5851,.T.);
#5866=EDGE_LOOP('',(#5862,#5863,#5864,#5865));
#5867=FACE_BOUND('',#5866,.T.);
#5868=ADVANCED_FACE('',(#5867),#5861,.T.);
#5869=CARTESIAN_POINT('',(-15.042724095,34.78808207,19.584147892));
#5870=DIRECTION('',(0.,0.,-1.));
#5871=DIRECTION('',(-1.,0.,0.));
#5872=AXIS2_PLACEMENT_3D('',#5869,#5870,#5871);
#5873=PLANE('',#5872);
#5874=ORIENTED_EDGE('',*,*,#5746,.F.);
#5875=ORIENTED_EDGE('',*,*,#5844,.F.);
#5876=ORIENTED_EDGE('',*,*,#5815,.F.);
#5877=ORIENTED_EDGE('',*,*,#5784,.F.);
#5878=EDGE_LOOP('',(#5874,#5875,#5876,#5877));
#5879=FACE_BOUND('',#5878,.T.);
#5880=ADVANCED_FACE('',(#5879),#5873,.F.);
#5881=CLOSED_SHELL('',(#5772,#5803,#5834,#5856,#5868,#5880));
#5882=MANIFOLD_SOLID_BREP('I',#5881);
#5732=STYLED_ITEM('',(),#5882);
#5884=CARTESIAN_POINT('',(5.757275905,29.73808207,18.584147892));
#5885=DIRECTION('',(1.,0.,0.));
#5886=DIRECTION('',(0.,0.,-1.));
#5887=AXIS2_PLACEMENT_3D('',#5884,#5885,#5886);
#5888=PLANE('',#5887);
#5889=CARTESIAN_POINT('',(5.757275905,29.73808207,19.584147892));
#5890=VERTEX_POINT('',#5889);
#5891=CARTESIAN_POINT('',(5.757275905,38.75808207,19.584147892));
#5892=VERTEX_POINT('',#5891);
#5893=CARTESIAN_POINT('',(5.757275905,29.73808207,19.584147892));
#5894=DIRECTION('',(0.,1.,0.));
#5895=VECTOR('',#5894,9.02);
#5896=LINE('',#5893,#5895);
#5897=EDGE_CURVE('',#5890,#5892,#5896,.T.);
#5898=ORIENTED_EDGE('',*,*,#5897,.T.);
#5899=CARTESIAN_POINT('',(5.757275905,38.75808207,18.584147892));
#5900=VERTEX_POINT('',#5899);
#5901=CARTESIAN_POINT('',(5.757275905,38.75808207,18.584147892));
#5902=DIRECTION('',(0.,0.,1.));
#5903=VECTOR('',#5902,1.);
#5904=LINE('',#5901,#5903);
#5905=EDGE_CURVE('',#5900,#5892,#5904,.T.);
#5906=ORIENTED_EDGE('',*,*,#5905,.F.);
#5907=CARTESIAN_POINT('',(5.757275905,29.73808207,18.584147892));
#5908=VERTEX_POINT('',#5907);
#5909=CARTESIAN_POINT('',(5.757275905,29.73808207,18.584147892));
#5910=DIRECTION('',(0.,1.,0.));
#5911=VECTOR('',#5910,9.02);
#5912=LINE('',#5909,#5911);
#5913=EDGE_CURVE('',#5908,#5900,#5912,.T.);
#5914=ORIENTED_EDGE('',*,*,#5913,.F.);
#5915=CARTESIAN_POINT('',(5.757275905,29.73808207,18.584147892));
#5916=DIRECTION('',(0.,0.,1.));
#5917=VECTOR('',#5916,1.);
#5918=LINE('',#5915,#5917);
#5919=EDGE_CURVE('',#5908,#5890,#5918,.T.);
#5920=ORIENTED_EDGE('',*,*,#5919,.T.);
#5921=EDGE_LOOP('',(#5898,#5906,#5914,#5920));
#5922=FACE_BOUND('',#5921,.T.);
#5923=ADVANCED_FACE('',(#5922),#5888,.F.);
#5924=CARTESIAN_POINT('',(5.757275905,38.75808207,18.584147892));
#5925=DIRECTION('',(0.,1.,0.));
#5926=DIRECTION('',(0.,0.,1.));
#5927=AXIS2_PLACEMENT_3D('',#5924,#5925,#5926);
#5928=PLANE('',#5927);
#5929=CARTESIAN_POINT('',(2.577275905,38.75808207,19.584147892));
#5930=VERTEX_POINT('',#5929);
#5931=CARTESIAN_POINT('',(5.757275905,38.75808207,19.584147892));
#5932=DIRECTION('',(-1.,0.,0.));
#5933=VECTOR('',#5932,3.18);
#5934=LINE('',#5931,#5933);
#5935=EDGE_CURVE('',#5892,#5930,#5934,.T.);
#5936=ORIENTED_EDGE('',*,*,#5935,.T.);
#5937=CARTESIAN_POINT('',(2.577275905,38.75808207,18.584147892));
#5938=VERTEX_POINT('',#5937);
#5939=CARTESIAN_POINT('',(2.577275905,38.75808207,18.584147892));
#5940=DIRECTION('',(0.,0.,1.));
#5941=VECTOR('',#5940,1.);
#5942=LINE('',#5939,#5941);
#5943=EDGE_CURVE('',#5938,#5930,#5942,.T.);
#5944=ORIENTED_EDGE('',*,*,#5943,.F.);
#5945=CARTESIAN_POINT('',(5.757275905,38.75808207,18.584147892));
#5946=DIRECTION('',(-1.,0.,0.));
#5947=VECTOR('',#5946,3.18);
#5948=LINE('',#5945,#5947);
#5949=EDGE_CURVE('',#5900,#5938,#5948,.T.);
#5950=ORIENTED_EDGE('',*,*,#5949,.F.);
#5951=ORIENTED_EDGE('',*,*,#5905,.T.);
#5952=EDGE_LOOP('',(#5936,#5944,#5950,#5951));
#5953=FACE_BOUND('',#5952,.T.);
#5954=ADVANCED_FACE('',(#5953),#5928,.F.);
#5955=CARTESIAN_POINT('',(2.577275905,38.75808207,18.584147892));
#5956=DIRECTION('',(1.,0.,0.));
#5957=DIRECTION('',(0.,0.,-1.));
#5958=AXIS2_PLACEMENT_3D('',#5955,#5956,#5957);
#5959=PLANE('',#5958);
#5960=CARTESIAN_POINT('',(2.577275905,39.83808207,19.584147892));
#5961=VERTEX_POINT('',#5960);
#5962=CARTESIAN_POINT('',(2.577275905,38.75808207,19.584147892));
#5963=DIRECTION('',(0.,1.,0.));
#5964=VECTOR('',#5963,1.08);
#5965=LINE('',#5962,#5964);
#5966=EDGE_CURVE('',#5930,#5961,#5965,.T.);
#5967=ORIENTED_EDGE('',*,*,#5966,.T.);
#5968=CARTESIAN_POINT('',(2.577275905,39.83808207,18.584147892));
#5969=VERTEX_POINT('',#5968);
#5970=CARTESIAN_POINT('',(2.577275905,39.83808207,18.584147892));
#5971=DIRECTION('',(0.,0.,1.));
#5972=VECTOR('',#5971,1.);
#5973=LINE('',#5970,#5972);
#5974=EDGE_CURVE('',#5969,#5961,#5973,.T.);
#5975=ORIENTED_EDGE('',*,*,#5974,.F.);
#5976=CARTESIAN_POINT('',(2.577275905,38.75808207,18.584147892));
#5977=DIRECTION('',(0.,1.,0.));
#5978=VECTOR('',#5977,1.08);
#5979=LINE('',#5976,#5978);
#5980=EDGE_CURVE('',#5938,#5969,#5979,.T.);
#5981=ORIENTED_EDGE('',*,*,#5980,.F.);
#5982=ORIENTED_EDGE('',*,*,#5943,.T.);
#5983=EDGE_LOOP('',(#5967,#5975,#5981,#5982));
#5984=FACE_BOUND('',#5983,.T.);
#5985=ADVANCED_FACE('',(#5984),#5959,.F.);
#5986=CARTESIAN_POINT('',(2.577275905,39.83808207,18.584147892));
#5987=DIRECTION('',(0.,-1.,0.));
#5988=DIRECTION('',(0.,0.,-1.));
#5989=AXIS2_PLACEMENT_3D('',#5986,#5987,#5988);
#5990=PLANE('',#5989);
#5991=CARTESIAN_POINT('',(10.157275905,39.83808207,19.584147892));
#5992=VERTEX_POINT('',#5991);
#5993=CARTESIAN_POINT('',(2.577275905,39.83808207,19.584147892));
#5994=DIRECTION('',(1.,0.,-0.));
#5995=VECTOR('',#5994,7.58);
#5996=LINE('',#5993,#5995);
#5997=EDGE_CURVE('',#5961,#5992,#5996,.T.);
#5998=ORIENTED_EDGE('',*,*,#5997,.T.);
#5999=CARTESIAN_POINT('',(10.157275905,39.83808207,18.584147892));
#6000=VERTEX_POINT('',#5999);
#6001=CARTESIAN_POINT('',(10.157275905,39.83808207,18.584147892));
#6002=DIRECTION('',(0.,0.,1.));
#6003=VECTOR('',#6002,1.);
#6004=LINE('',#6001,#6003);
#6005=EDGE_CURVE('',#6000,#5992,#6004,.T.);
#6006=ORIENTED_EDGE('',*,*,#6005,.F.);
#6007=CARTESIAN_POINT('',(2.577275905,39.83808207,18.584147892));
#6008=DIRECTION('',(1.,0.,-0.));
#6009=VECTOR('',#6008,7.58);
#6010=LINE('',#6007,#6009);
#6011=EDGE_CURVE('',#5969,#6000,#6010,.T.);
#6012=ORIENTED_EDGE('',*,*,#6011,.F.);
#6013=ORIENTED_EDGE('',*,*,#5974,.T.);
#6014=EDGE_LOOP('',(#5998,#6006,#6012,#6013));
#6015=FACE_BOUND('',#6014,.T.);
#6016=ADVANCED_FACE('',(#6015),#5990,.F.);
#6017=CARTESIAN_POINT('',(10.157275905,39.83808207,18.584147892));
#6018=DIRECTION('',(-1.,0.,0.));
#6019=DIRECTION('',(0.,0.,1.));
#6020=AXIS2_PLACEMENT_3D('',#6017,#6018,#6019);
#6021=PLANE('',#6020);
#6022=CARTESIAN_POINT('',(10.157275905,38.75808207,19.584147892));
#6023=VERTEX_POINT('',#6022);
#6024=CARTESIAN_POINT('',(10.157275905,39.83808207,19.584147892));
#6025=DIRECTION('',(0.,-1.,0.));
#6026=VECTOR('',#6025,1.08);
#6027=LINE('',#6024,#6026);
#6028=EDGE_CURVE('',#5992,#6023,#6027,.T.);
#6029=ORIENTED_EDGE('',*,*,#6028,.T.);
#6030=CARTESIAN_POINT('',(10.157275905,38.75808207,18.584147892));
#6031=VERTEX_POINT('',#6030);
#6032=CARTESIAN_POINT('',(10.157275905,38.75808207,18.584147892));
#6033=DIRECTION('',(0.,0.,1.));
#6034=VECTOR('',#6033,1.);
#6035=LINE('',#6032,#6034);
#6036=EDGE_CURVE('',#6031,#6023,#6035,.T.);
#6037=ORIENTED_EDGE('',*,*,#6036,.F.);
#6038=CARTESIAN_POINT('',(10.157275905,39.83808207,18.584147892));
#6039=DIRECTION('',(0.,-1.,0.));
#6040=VECTOR('',#6039,1.08);
#6041=LINE('',#6038,#6040);
#6042=EDGE_CURVE('',#6000,#6031,#6041,.T.);
#6043=ORIENTED_EDGE('',*,*,#6042,.F.);
#6044=ORIENTED_EDGE('',*,*,#6005,.T.);
#6045=EDGE_LOOP('',(#6029,#6037,#6043,#6044));
#6046=FACE_BOUND('',#6045,.T.);
#6047=ADVANCED_FACE('',(#6046),#6021,.F.);
#6048=CARTESIAN_POINT('',(10.157275905,38.75808207,18.584147892));
#6049=DIRECTION('',(0.,1.,0.));
#6050=DIRECTION('',(0.,0.,1.));
#6051=AXIS2_PLACEMENT_3D('',#6048,#6049,#6050);
#6052=PLANE('',#6051);
#6053=CARTESIAN_POINT('',(6.977275905,38.75808207,19.584147892));
#6054=VERTEX_POINT('',#6053);
#6055=CARTESIAN_POINT('',(10.157275905,38.75808207,19.584147892));
#6056=DIRECTION('',(-1.,0.,0.));
#6057=VECTOR('',#6056,3.18);
#6058=LINE('',#6055,#6057);
#6059=EDGE_CURVE('',#6023,#6054,#6058,.T.);
#6060=ORIENTED_EDGE('',*,*,#6059,.T.);
#6061=CARTESIAN_POINT('',(6.977275905,38.75808207,18.584147892));
#6062=VERTEX_POINT('',#6061);
#6063=CARTESIAN_POINT('',(6.977275905,38.75808207,18.584147892));
#6064=DIRECTION('',(0.,0.,1.));
#6065=VECTOR('',#6064,1.);
#6066=LINE('',#6063,#6065);
#6067=EDGE_CURVE('',#6062,#6054,#6066,.T.);
#6068=ORIENTED_EDGE('',*,*,#6067,.F.);
#6069=CARTESIAN_POINT('',(10.157275905,38.75808207,18.584147892));
#6070=DIRECTION('',(-1.,0.,0.));
#6071=VECTOR('',#6070,3.18);
#6072=LINE('',#6069,#6071);
#6073=EDGE_CURVE('',#6031,#6062,#6072,.T.);
#6074=ORIENTED_EDGE('',*,*,#6073,.F.);
#6075=ORIENTED_EDGE('',*,*,#6036,.T.);
#6076=EDGE_LOOP('',(#6060,#6068,#6074,#6075));
#6077=FACE_BOUND('',#6076,.T.);
#6078=ADVANCED_FACE('',(#6077),#6052,.F.);
#6079=CARTESIAN_POINT('',(6.977275905,38.75808207,18.584147892));
#6080=DIRECTION('',(-1.,0.,0.));
#6081=DIRECTION('',(0.,0.,1.));
#6082=AXIS2_PLACEMENT_3D('',#6079,#6080,#6081);
#6083=PLANE('',#6082);
#6084=CARTESIAN_POINT('',(6.977275905,29.73808207,19.584147892));
#6085=VERTEX_POINT('',#6084);
#6086=CARTESIAN_POINT('',(6.977275905,38.75808207,19.584147892));
#6087=DIRECTION('',(0.,-1.,0.));
#6088=VECTOR('',#6087,9.02);
#6089=LINE('',#6086,#6088);
#6090=EDGE_CURVE('',#6054,#6085,#6089,.T.);
#6091=ORIENTED_EDGE('',*,*,#6090,.T.);
#6092=CARTESIAN_POINT('',(6.977275905,29.73808207,18.584147892));
#6093=VERTEX_POINT('',#6092);
#6094=CARTESIAN_POINT('',(6.977275905,29.73808207,18.584147892));
#6095=DIRECTION('',(0.,0.,1.));
#6096=VECTOR('',#6095,1.);
#6097=LINE('',#6094,#6096);
#6098=EDGE_CURVE('',#6093,#6085,#6097,.T.);
#6099=ORIENTED_EDGE('',*,*,#6098,.F.);
#6100=CARTESIAN_POINT('',(6.977275905,38.75808207,18.584147892));
#6101=DIRECTION('',(0.,-1.,0.));
#6102=VECTOR('',#6101,9.02);
#6103=LINE('',#6100,#6102);
#6104=EDGE_CURVE('',#6062,#6093,#6103,.T.);
#6105=ORIENTED_EDGE('',*,*,#6104,.F.);
#6106=ORIENTED_EDGE('',*,*,#6067,.T.);
#6107=EDGE_LOOP('',(#6091,#6099,#6105,#6106));
#6108=FACE_BOUND('',#6107,.T.);
#6109=ADVANCED_FACE('',(#6108),#6083,.F.);
#6110=CARTESIAN_POINT('',(6.977275905,29.73808207,18.584147892));
#6111=DIRECTION('',(0.,1.,0.));
#6112=DIRECTION('',(0.,0.,1.));
#6113=AXIS2_PLACEMENT_3D('',#6110,#6111,#6112);
#6114=PLANE('',#6113);
#6115=CARTESIAN_POINT('',(6.977275905,29.73808207,19.584147892));
#6116=DIRECTION('',(-1.,0.,0.));
#6117=VECTOR('',#6116,1.22);
#6118=LINE('',#6115,#6117);
#6119=EDGE_CURVE('',#6085,#5890,#6118,.T.);
#6120=ORIENTED_EDGE('',*,*,#6119,.T.);
#6121=ORIENTED_EDGE('',*,*,#5919,.F.);
#6122=CARTESIAN_POINT('',(6.977275905,29.73808207,18.584147892));
#6123=DIRECTION('',(-1.,0.,0.));
#6124=VECTOR('',#6123,1.22);
#6125=LINE('',#6122,#6124);
#6126=EDGE_CURVE('',#6093,#5908,#6125,.T.);
#6127=ORIENTED_EDGE('',*,*,#6126,.F.);
#6128=ORIENTED_EDGE('',*,*,#6098,.T.);
#6129=EDGE_LOOP('',(#6120,#6121,#6127,#6128));
#6130=FACE_BOUND('',#6129,.T.);
#6131=ADVANCED_FACE('',(#6130),#6114,.F.);
#6132=CARTESIAN_POINT('',(-15.042724095,34.78808207,18.584147892));
#6133=DIRECTION('',(0.,0.,-1.));
#6134=DIRECTION('',(-1.,0.,0.));
#6135=AXIS2_PLACEMENT_3D('',#6132,#6133,#6134);
#6136=PLANE('',#6135);
#6137=ORIENTED_EDGE('',*,*,#5913,.T.);
#6138=ORIENTED_EDGE('',*,*,#5949,.T.);
#6139=ORIENTED_EDGE('',*,*,#5980,.T.);
#6140=ORIENTED_EDGE('',*,*,#6011,.T.);
#6141=ORIENTED_EDGE('',*,*,#6042,.T.);
#6142=ORIENTED_EDGE('',*,*,#6073,.T.);
#6143=ORIENTED_EDGE('',*,*,#6104,.T.);
#6144=ORIENTED_EDGE('',*,*,#6126,.T.);
#6145=EDGE_LOOP('',(#6137,#6138,#6139,#6140,#6141,#6142,#6143,#6144));
#6146=FACE_BOUND('',#6145,.T.);
#6147=ADVANCED_FACE('',(#6146),#6136,.T.);
#6148=CARTESIAN_POINT('',(-15.042724095,34.78808207,19.584147892));
#6149=DIRECTION('',(0.,0.,-1.));
#6150=DIRECTION('',(-1.,0.,0.));
#6151=AXIS2_PLACEMENT_3D('',#6148,#6149,#6150);
#6152=PLANE('',#6151);
#6153=ORIENTED_EDGE('',*,*,#5897,.F.);
#6154=ORIENTED_EDGE('',*,*,#6119,.F.);
#6155=ORIENTED_EDGE('',*,*,#6090,.F.);
#6156=ORIENTED_EDGE('',*,*,#6059,.F.);
#6157=ORIENTED_EDGE('',*,*,#6028,.F.);
#6158=ORIENTED_EDGE('',*,*,#5997,.F.);
#6159=ORIENTED_EDGE('',*,*,#5966,.F.);
#6160=ORIENTED_EDGE('',*,*,#5935,.F.);
#6161=EDGE_LOOP('',(#6153,#6154,#6155,#6156,#6157,#6158,#6159,#6160));
#6162=FACE_BOUND('',#6161,.T.);
#6163=ADVANCED_FACE('',(#6162),#6152,.F.);
#6164=CLOSED_SHELL('',(#5923,#5954,#5985,#6016,#6047,#6078,#6109,#6131,#6147,#6163));
#6165=MANIFOLD_SOLID_BREP('T',#6164);
#5883=STYLED_ITEM('',(),#6165);
#6167=CARTESIAN_POINT('',(18.417275905,39.34808207,18.584147892));
#6168=CARTESIAN_POINT('',(18.417275905,39.34808207,19.584147892));
#6169=CARTESIAN_POINT('',(19.417275905,38.71808207,18.584147892));
#6170=CARTESIAN_POINT('',(19.417275905,38.71808207,19.584147892));
#6171=CARTESIAN_POINT('',(19.997275905,37.54808207,18.584147892));
#6172=CARTESIAN_POINT('',(19.997275905,37.54808207,19.584147892));
#6173=B_SPLINE_SURFACE_WITH_KNOTS('',2,1,((#6167,#6168),(#6169,#6170),(#6171,#6172)),.UNSPECIFIED.,.F.,.F.,.U.,(3,3),(2,2),(0.,1.),(0.,1.),.UNSPECIFIED.);
#6174=CARTESIAN_POINT('',(18.417275905,39.34808207,19.584147892));
#6175=VERTEX_POINT('',#6174);
#6176=CARTESIAN_POINT('',(19.997275905,37.54808207,19.584147892));
#6177=VERTEX_POINT('',#6176);
#6178=CARTESIAN_POINT('',(18.417275905,39.34808207,19.584147892));
#6179=CARTESIAN_POINT('',(19.417275905,38.71808207,19.584147892));
#6180=CARTESIAN_POINT('',(19.997275905,37.54808207,19.584147892));
#6181=B_SPLINE_CURVE_WITH_KNOTS('',2,(#6178,#6179,#6180),.UNSPECIFIED.,.F.,.F.,(3,3),(0.,1.),.UNSPECIFIED.);
#6182=EDGE_CURVE('',#6175,#6177,#6181,.T.);
#6183=ORIENTED_EDGE('',*,*,#6182,.T.);
#6184=CARTESIAN_POINT('',(19.997275905,37.54808207,18.584147892));
#6185=VERTEX_POINT('',#6184);
#6186=CARTESIAN_POINT('',(19.997275905,37.54808207,18.584147892));
#6187=DIRECTION('',(0.,0.,1.));
#6188=VECTOR('',#6187,1.);
#6189=LINE('',#6186,#6188);
#6190=EDGE_CURVE('',#6185,#6177,#6189,.T.);
#6191=ORIENTED_EDGE('',*,*,#6190,.F.);
#6192=CARTESIAN_POINT('',(18.417275905,39.34808207,18.584147892));
#6193=VERTEX_POINT('',#6192);
#6194=CARTESIAN_POINT('',(18.417275905,39.34808207,18.584147892));
#6195=CARTESIAN_POINT('',(19.417275905,38.71808207,18.584147892));
#6196=CARTESIAN_POINT('',(19.997275905,37.54808207,18.584147892));
#6197=B_SPLINE_CURVE_WITH_KNOTS('',2,(#6194,#6195,#6196),.UNSPECIFIED.,.F.,.F.,(3,3),(0.,1.),.UNSPECIFIED.);
#6198=EDGE_CURVE('',#6193,#6185,#6197,.T.);
#6199=ORIENTED_EDGE('',*,*,#6198,.F.);
#6200=CARTESIAN_POINT('',(18.417275905,39.34808207,18.584147892));
#6201=DIRECTION('',(0.,0.,1.));
#6202=VECTOR('',#6201,1.);
#6203=LINE('',#6200,#6202);
#6204=EDGE_CURVE('',#6193,#6175,#6203,.T.);
#6205=ORIENTED_EDGE('',*,*,#6204,.T.);
#6206=EDGE_LOOP('',(#6183,#6191,#6199,#6205));
#6207=FACE_BOUND('',#6206,.T.);
#6208=ADVANCED_FACE('',(#6207),#6173,.F.);
#6209=CARTESIAN_POINT('',(19.997275905,37.54808207,18.584147892));
#6210=CARTESIAN_POINT('',(19.997275905,37.54808207,19.584147892));
#6211=CARTESIAN_POINT('',(20.577275905,36.38808207,18.584147892));
#6212=CARTESIAN_POINT('',(20.577275905,36.38808207,19.584147892));
#6213=CARTESIAN_POINT('',(20.577275905,34.78808207,18.584147892));
#6214=CARTESIAN_POINT('',(20.577275905,34.78808207,19.584147892));
#6215=B_SPLINE_SURFACE_WITH_KNOTS('',2,1,((#6209,#6210),(#6211,#6212),(#6213,#6214)),.UNSPECIFIED.,.F.,.F.,.U.,(3,3),(2,2),(0.,1.),(0.,1.),.UNSPECIFIED.);
#6216=CARTESIAN_POINT('',(20.577275905,34.78808207,19.584147892));
#6217=VERTEX_POINT('',#6216);
#6218=CARTESIAN_POINT('',(19.997275905,37.54808207,19.584147892));
#6219=CARTESIAN_POINT('',(20.577275905,36.38808207,19.584147892));
#6220=CARTESIAN_POINT('',(20.577275905,34.78808207,19.584147892));
#6221=B_SPLINE_CURVE_WITH_KNOTS('',2,(#6218,#6219,#6220),.UNSPECIFIED.,.F.,.F.,(3,3),(0.,1.),.UNSPECIFIED.);
#6222=EDGE_CURVE('',#6177,#6217,#6221,.T.);
#6223=ORIENTED_EDGE('',*,*,#6222,.T.);
#6224=CARTESIAN_POINT('',(20.577275905,34.78808207,18.584147892));
#6225=VERTEX_POINT('',#6224);
#6226=CARTESIAN_POINT('',(20.577275905,34.78808207,18.584147892));
#6227=DIRECTION('',(0.,0.,1.));
#6228=VECTOR('',#6227,1.);
#6229=LINE('',#6226,#6228);
#6230=EDGE_CURVE('',#6225,#6217,#6229,.T.);
#6231=ORIENTED_EDGE('',*,*,#6230,.F.);
#6232=CARTESIAN_POINT('',(19.997275905,37.54808207,18.584147892));
#6233=CARTESIAN_POINT('',(20.577275905,36.38808207,18.584147892));
#6234=CARTESIAN_POINT('',(20.577275905,34.78808207,18.584147892));
#6235=B_SPLINE_CURVE_WITH_KNOTS('',2,(#6232,#6233,#6234),.UNSPECIFIED.,.F.,.F.,(3,3),(0.,1.),.UNSPECIFIED.);
#6236=EDGE_CURVE('',#6185,#6225,#6235,.T.);
#6237=ORIENTED_EDGE('',*,*,#6236,.F.);
#6238=ORIENTED_EDGE('',*,*,#6190,.T.);
#6239=EDGE_LOOP('',(#6223,#6231,#6237,#6238));
#6240=FACE_BOUND('',#6239,.T.);
#6241=ADVANCED_FACE('',(#6240),#6215,.F.);
#6242=CARTESIAN_POINT('',(20.577275905,34.78808207,18.584147892));
#6243=CARTESIAN_POINT('',(20.577275905,34.78808207,19.584147892));
#6244=CARTESIAN_POINT('',(20.577275905,33.18808207,18.584147892));
#6245=CARTESIAN_POINT('',(20.577275905,33.18808207,19.584147892));
#6246=CARTESIAN_POINT('',(19.997275905,32.02808207,18.584147892));
#6247=CARTESIAN_POINT('',(19.997275905,32.02808207,19.584147892));
#6248=B_SPLINE_SURFACE_WITH_KNOTS('',2,1,((#6242,#6243),(#6244,#6245),(#6246,#6247)),.UNSPECIFIED.,.F.,.F.,.U.,(3,3),(2,2),(0.,1.),(0.,1.),.UNSPECIFIED.);
#6249=CARTESIAN_POINT('',(19.997275905,32.02808207,19.584147892));
#6250=VERTEX_POINT('',#6249);
#6251=CARTESIAN_POINT('',(20.577275905,34.78808207,19.584147892));
#6252=CARTESIAN_POINT('',(20.577275905,33.18808207,19.584147892));
#6253=CARTESIAN_POINT('',(19.997275905,32.02808207,19.584147892));
#6254=B_SPLINE_CURVE_WITH_KNOTS('',2,(#6251,#6252,#6253),.UNSPECIFIED.,.F.,.F.,(3,3),(0.,1.),.UNSPECIFIED.);
#6255=EDGE_CURVE('',#6217,#6250,#6254,.T.);
#6256=ORIENTED_EDGE('',*,*,#6255,.T.);
#6257=CARTESIAN_POINT('',(19.997275905,32.02808207,18.584147892));
#6258=VERTEX_POINT('',#6257);
#6259=CARTESIAN_POINT('',(19.997275905,32.02808207,18.584147892));
#6260=DIRECTION('',(0.,0.,1.));
#6261=VECTOR('',#6260,1.);
#6262=LINE('',#6259,#6261);
#6263=EDGE_CURVE('',#6258,#6250,#6262,.T.);
#6264=ORIENTED_EDGE('',*,*,#6263,.F.);
#6265=CARTESIAN_POINT('',(20.577275905,34.78808207,18.584147892));
#6266=CARTESIAN_POINT('',(20.577275905,33.18808207,18.584147892));
#6267=CARTESIAN_POINT('',(19.997275905,32.02808207,18.584147892));
#6268=B_SPLINE_CURVE_WITH_KNOTS('',2,(#6265,#6266,#6267),.UNSPECIFIED.,.F.,.F.,(3,3),(0.,1.),.UNSPECIFIED.);
#6269=EDGE_CURVE('',#6225,#6258,#6268,.T.);
#6270=ORIENTED_EDGE('',*,*,#6269,.F.);
#6271=ORIENTED_EDGE('',*,*,#6230,.T.);
#6272=EDGE_LOOP('',(#6256,#6264,#6270,#6271));
#6273=FACE_BOUND('',#6272,.T.);
#6274=ADVANCED_FACE('',(#6273),#6248,.F.);
#6275=CARTESIAN_POINT('',(19.997275905,32.02808207,18.584147892));
#6276=CARTESIAN_POINT('',(19.997275905,32.02808207,19.584147892));
#6277=CARTESIAN_POINT('',(19.417275905,30.85808207,18.584147892));
#6278=CARTESIAN_POINT('',(19.417275905,30.85808207,19.584147892));
#6279=CARTESIAN_POINT('',(18.417275905,30.22808207,18.584147892));
#6280=CARTESIAN_POINT('',(18.417275905,30.22808207,19.584147892));
#6281=B_SPLINE_SURFACE_WITH_KNOTS('',2,1,((#6275,#6276),(#6277,#6278),(#6279,#6280)),.UNSPECIFIED.,.F.,.F.,.U.,(3,3),(2,2),(0.,1.),(0.,1.),.UNSPECIFIED.);
#6282=CARTESIAN_POINT('',(18.417275905,30.22808207,19.584147892));
#6283=VERTEX_POINT('',#6282);
#6284=CARTESIAN_POINT('',(19.997275905,32.02808207,19.584147892));
#6285=CARTESIAN_POINT('',(19.417275905,30.85808207,19.584147892));
#6286=CARTESIAN_POINT('',(18.417275905,30.22808207,19.584147892));
#6287=B_SPLINE_CURVE_WITH_KNOTS('',2,(#6284,#6285,#6286),.UNSPECIFIED.,.F.,.F.,(3,3),(0.,1.),.UNSPECIFIED.);
#6288=EDGE_CURVE('',#6250,#6283,#6287,.T.);
#6289=ORIENTED_EDGE('',*,*,#6288,.T.);
#6290=CARTESIAN_POINT('',(18.417275905,30.22808207,18.584147892));
#6291=VERTEX_POINT('',#6290);
#6292=CARTESIAN_POINT('',(18.417275905,30.22808207,18.584147892));
#6293=DIRECTION('',(0.,0.,1.));
#6294=VECTOR('',#6293,1.);
#6295=LINE('',#6292,#6294);
#6296=EDGE_CURVE('',#6291,#6283,#6295,.T.);
#6297=ORIENTED_EDGE('',*,*,#6296,.F.);
#6298=CARTESIAN_POINT('',(19.997275905,32.02808207,18.584147892));
#6299=CARTESIAN_POINT('',(19.417275905,30.85808207,18.584147892));
#6300=CARTESIAN_POINT('',(18.417275905,30.22808207,18.584147892));
#6301=B_SPLINE_CURVE_WITH_KNOTS('',2,(#6298,#6299,#6300),.UNSPECIFIED.,.F.,.F.,(3,3),(0.,1.),.UNSPECIFIED.);
#6302=EDGE_CURVE('',#6258,#6291,#6301,.T.);
#6303=ORIENTED_EDGE('',*,*,#6302,.F.);
#6304=ORIENTED_EDGE('',*,*,#6263,.T.);
#6305=EDGE_LOOP('',(#6289,#6297,#6303,#6304));
#6306=FACE_BOUND('',#6305,.T.);
#6307=ADVANCED_FACE('',(#6306),#6281,.F.);
#6308=CARTESIAN_POINT('',(18.417275905,30.22808207,18.584147892));
#6309=CARTESIAN_POINT('',(18.417275905,30.22808207,19.584147892));
#6310=CARTESIAN_POINT('',(17.407275905,29.59808207,18.584147892));
#6311=CARTESIAN_POINT('',(17.407275905,29.59808207,19.584147892));
#6312=CARTESIAN_POINT('',(16.117275905,29.59808207,18.584147892));
#6313=CARTESIAN_POINT('',(16.117275905,29.59808207,19.584147892));
#6314=B_SPLINE_SURFACE_WITH_KNOTS('',2,1,((#6308,#6309),(#6310,#6311),(#6312,#6313)),.UNSPECIFIED.,.F.,.F.,.U.,(3,3),(2,2),(0.,1.),(0.,1.),.UNSPECIFIED.);
#6315=CARTESIAN_POINT('',(16.117275905,29.59808207,19.584147892));
#6316=VERTEX_POINT('',#6315);
#6317=CARTESIAN_POINT('',(18.417275905,30.22808207,19.584147892));
#6318=CARTESIAN_POINT('',(17.407275905,29.59808207,19.584147892));
#6319=CARTESIAN_POINT('',(16.117275905,29.59808207,19.584147892));
#6320=B_SPLINE_CURVE_WITH_KNOTS('',2,(#6317,#6318,#6319),.UNSPECIFIED.,.F.,.F.,(3,3),(0.,1.),.UNSPECIFIED.);
#6321=EDGE_CURVE('',#6283,#6316,#6320,.T.);
#6322=ORIENTED_EDGE('',*,*,#6321,.T.);
#6323=CARTESIAN_POINT('',(16.117275905,29.59808207,18.584147892));
#6324=VERTEX_POINT('',#6323);
#6325=CARTESIAN_POINT('',(16.117275905,29.59808207,18.584147892));
#6326=DIRECTION('',(0.,0.,1.));
#6327=VECTOR('',#6326,1.);
#6328=LINE('',#6325,#6327);
#6329=EDGE_CURVE('',#6324,#6316,#6328,.T.);
#6330=ORIENTED_EDGE('',*,*,#6329,.F.);
#6331=CARTESIAN_POINT('',(18.417275905,30.22808207,18.584147892));
#6332=CARTESIAN_POINT('',(17.407275905,29.59808207,18.584147892));
#6333=CARTESIAN_POINT('',(16.117275905,29.59808207,18.584147892));
#6334=B_SPLINE_CURVE_WITH_KNOTS('',2,(#6331,#6332,#6333),.UNSPECIFIED.,.F.,.F.,(3,3),(0.,1.),.UNSPECIFIED.);
#6335=EDGE_CURVE('',#6291,#6324,#6334,.T.);
#6336=ORIENTED_EDGE('',*,*,#6335,.F.);
#6337=ORIENTED_EDGE('',*,*,#6296,.T.);
#6338=EDGE_LOOP('',(#6322,#6330,#6336,#6337));
#6339=FACE_BOUND('',#6338,.T.);
#6340=ADVANCED_FACE('',(#6339),#6314,.F.);
#6341=CARTESIAN_POINT('',(16.117275905,29.59808207,18.584147892));
#6342=CARTESIAN_POINT('',(16.117275905,29.59808207,19.584147892));
#6343=CARTESIAN_POINT('',(14.827275905,29.59808207,18.584147892));
#6344=CARTESIAN_POINT('',(14.827275905,29.59808207,19.584147892));
#6345=CARTESIAN_POINT('',(13.817275905,30.22808207,18.584147892));
#6346=CARTESIAN_POINT('',(13.817275905,30.22808207,19.584147892));
#6347=B_SPLINE_SURFACE_WITH_KNOTS('',2,1,((#6341,#6342),(#6343,#6344),(#6345,#6346)),.UNSPECIFIED.,.F.,.F.,.U.,(3,3),(2,2),(0.,1.),(0.,1.),.UNSPECIFIED.);
#6348=CARTESIAN_POINT('',(13.817275905,30.22808207,19.584147892));
#6349=VERTEX_POINT('',#6348);
#6350=CARTESIAN_POINT('',(16.117275905,29.59808207,19.584147892));
#6351=CARTESIAN_POINT('',(14.827275905,29.59808207,19.584147892));
#6352=CARTESIAN_POINT('',(13.817275905,30.22808207,19.584147892));
#6353=B_SPLINE_CURVE_WITH_KNOTS('',2,(#6350,#6351,#6352),.UNSPECIFIED.,.F.,.F.,(3,3),(0.,1.),.UNSPECIFIED.);
#6354=EDGE_CURVE('',#6316,#6349,#6353,.T.);
#6355=ORIENTED_EDGE('',*,*,#6354,.T.);
#6356=CARTESIAN_POINT('',(13.817275905,30.22808207,18.584147892));
#6357=VERTEX_POINT('',#6356);
#6358=CARTESIAN_POINT('',(13.817275905,30.22808207,18.584147892));
#6359=DIRECTION('',(0.,0.,1.));
#6360=VECTOR('',#6359,1.);
#6361=LINE('',#6358,#6360);
#6362=EDGE_CURVE('',#6357,#6349,#6361,.T.);
#6363=ORIENTED_EDGE('',*,*,#6362,.F.);
#6364=CARTESIAN_POINT('',(16.117275905,29.59808207,18.584147892));
#6365=CARTESIAN_POINT('',(14.827275905,29.59808207,18.584147892));
#6366=CARTESIAN_POINT('',(13.817275905,30.22808207,18.584147892));
#6367=B_SPLINE_CURVE_WITH_KNOTS('',2,(#6364,#6365,#6366),.UNSPECIFIED.,.F.,.F.,(3,3),(0.,1.),.UNSPECIFIED.);
#6368=EDGE_CURVE('',#6324,#6357,#6367,.T.);
#6369=ORIENTED_EDGE('',*,*,#6368,.F.);
#6370=ORIENTED_EDGE('',*,*,#6329,.T.);
#6371=EDGE_LOOP('',(#6355,#6363,#6369,#6370));
#6372=FACE_BOUND('',#6371,.T.);
#6373=ADVANCED_FACE('',(#6372),#6347,.F.);
#6374=CARTESIAN_POINT('',(13.817275905,30.22808207,18.584147892));
#6375=CARTESIAN_POINT('',(13.817275905,30.22808207,19.584147892));
#6376=CARTESIAN_POINT('',(12.807275905,30.85808207,18.584147892));
#6377=CARTESIAN_POINT('',(12.807275905,30.85808207,19.584147892));
#6378=CARTESIAN_POINT('',(12.237275905,32.02808207,18.584147892));
#6379=CARTESIAN_POINT('',(12.237275905,32.02808207,19.584147892));
#6380=B_SPLINE_SURFACE_WITH_KNOTS('',2,1,((#6374,#6375),(#6376,#6377),(#6378,#6379)),.UNSPECIFIED.,.F.,.F.,.U.,(3,3),(2,2),(0.,1.),(0.,1.),.UNSPECIFIED.);
#6381=CARTESIAN_POINT('',(12.237275905,32.02808207,19.584147892));
#6382=VERTEX_POINT('',#6381);
#6383=CARTESIAN_POINT('',(13.817275905,30.22808207,19.584147892));
#6384=CARTESIAN_POINT('',(12.807275905,30.85808207,19.584147892));
#6385=CARTESIAN_POINT('',(12.237275905,32.02808207,19.584147892));
#6386=B_SPLINE_CURVE_WITH_KNOTS('',2,(#6383,#6384,#6385),.UNSPECIFIED.,.F.,.F.,(3,3),(0.,1.),.UNSPECIFIED.);
#6387=EDGE_CURVE('',#6349,#6382,#6386,.T.);
#6388=ORIENTED_EDGE('',*,*,#6387,.T.);
#6389=CARTESIAN_POINT('',(12.237275905,32.02808207,18.584147892));
#6390=VERTEX_POINT('',#6389);
#6391=CARTESIAN_POINT('',(12.237275905,32.02808207,18.584147892));
#6392=DIRECTION('',(0.,0.,1.));
#6393=VECTOR('',#6392,1.);
#6394=LINE('',#6391,#6393);
#6395=EDGE_CURVE('',#6390,#6382,#6394,.T.);
#6396=ORIENTED_EDGE('',*,*,#6395,.F.);
#6397=CARTESIAN_POINT('',(13.817275905,30.22808207,18.584147892));
#6398=CARTESIAN_POINT('',(12.807275905,30.85808207,18.584147892));
#6399=CARTESIAN_POINT('',(12.237275905,32.02808207,18.584147892));
#6400=B_SPLINE_CURVE_WITH_KNOTS('',2,(#6397,#6398,#6399),.UNSPECIFIED.,.F.,.F.,(3,3),(0.,1.),.UNSPECIFIED.);
#6401=EDGE_CURVE('',#6357,#6390,#6400,.T.);
#6402=ORIENTED_EDGE('',*,*,#6401,.F.);
#6403=ORIENTED_EDGE('',*,*,#6362,.T.);
#6404=EDGE_LOOP('',(#6388,#6396,#6402,#6403));
#6405=FACE_BOUND('',#6404,.T.);
#6406=ADVANCED_FACE('',(#6405),#6380,.F.);
#6407=CARTESIAN_POINT('',(12.237275905,32.02808207,18.584147892));
#6408=CARTESIAN_POINT('',(12.237275905,32.02808207,19.584147892));
#6409=CARTESIAN_POINT('',(11.657275905,33.18808207,18.584147892));
#6410=CARTESIAN_POINT('',(11.657275905,33.18808207,19.584147892));
#6411=CARTESIAN_POINT('',(11.657275905,34.78808207,18.584147892));
#6412=CARTESIAN_POINT('',(11.657275905,34.78808207,19.584147892));
#6413=B_SPLINE_SURFACE_WITH_KNOTS('',2,1,((#6407,#6408),(#6409,#6410),(#6411,#6412)),.UNSPECIFIED.,.F.,.F.,.U.,(3,3),(2,2),(0.,1.),(0.,1.),.UNSPECIFIED.);
#6414=CARTESIAN_POINT('',(11.657275905,34.78808207,19.584147892));
#6415=VERTEX_POINT('',#6414);
#6416=CARTESIAN_POINT('',(12.237275905,32.02808207,19.584147892));
#6417=CARTESIAN_POINT('',(11.657275905,33.18808207,19.584147892));
#6418=CARTESIAN_POINT('',(11.657275905,34.78808207,19.584147892));
#6419=B_SPLINE_CURVE_WITH_KNOTS('',2,(#6416,#6417,#6418),.UNSPECIFIED.,.F.,.F.,(3,3),(0.,1.),.UNSPECIFIED.);
#6420=EDGE_CURVE('',#6382,#6415,#6419,.T.);
#6421=ORIENTED_EDGE('',*,*,#6420,.T.);
#6422=CARTESIAN_POINT('',(11.657275905,34.78808207,18.584147892));
#6423=VERTEX_POINT('',#6422);
#6424=CARTESIAN_POINT('',(11.657275905,34.78808207,18.584147892));
#6425=DIRECTION('',(0.,0.,1.));
#6426=VECTOR('',#6425,1.);
#6427=LINE('',#6424,#6426);
#6428=EDGE_CURVE('',#6423,#6415,#6427,.T.);
#6429=ORIENTED_EDGE('',*,*,#6428,.F.);
#6430=CARTESIAN_POINT('',(12.237275905,32.02808207,18.584147892));
#6431=CARTESIAN_POINT('',(11.657275905,33.18808207,18.584147892));
#6432=CARTESIAN_POINT('',(11.657275905,34.78808207,18.584147892));
#6433=B_SPLINE_CURVE_WITH_KNOTS('',2,(#6430,#6431,#6432),.UNSPECIFIED.,.F.,.F.,(3,3),(0.,1.),.UNSPECIFIED.);
#6434=EDGE_CURVE('',#6390,#6423,#6433,.T.);
#6435=ORIENTED_EDGE('',*,*,#6434,.F.);
#6436=ORIENTED_EDGE('',*,*,#6395,.T.);
#6437=EDGE_LOOP('',(#6421,#6429,#6435,#6436));
#6438=FACE_BOUND('',#6437,.T.);
#6439=ADVANCED_FACE('',(#6438),#6413,.F.);
#6440=CARTESIAN_POINT('',(11.657275905,34.78808207,18.584147892));
#6441=CARTESIAN_POINT('',(11.657275905,34.78808207,19.584147892));
#6442=CARTESIAN_POINT('',(11.657275905,36.38808207,18.584147892));
#6443=CARTESIAN_POINT('',(11.657275905,36.38808207,19.584147892));
#6444=CARTESIAN_POINT('',(12.237275905,37.54808207,18.584147892));
#6445=CARTESIAN_POINT('',(12.237275905,37.54808207,19.584147892));
#6446=B_SPLINE_SURFACE_WITH_KNOTS('',2,1,((#6440,#6441),(#6442,#6443),(#6444,#6445)),.UNSPECIFIED.,.F.,.F.,.U.,(3,3),(2,2),(0.,1.),(0.,1.),.UNSPECIFIED.);
#6447=CARTESIAN_POINT('',(12.237275905,37.54808207,19.584147892));
#6448=VERTEX_POINT('',#6447);
#6449=CARTESIAN_POINT('',(11.657275905,34.78808207,19.584147892));
#6450=CARTESIAN_POINT('',(11.657275905,36.38808207,19.584147892));
#6451=CARTESIAN_POINT('',(12.237275905,37.54808207,19.584147892));
#6452=B_SPLINE_CURVE_WITH_KNOTS('',2,(#6449,#6450,#6451),.UNSPECIFIED.,.F.,.F.,(3,3),(0.,1.),.UNSPECIFIED.);
#6453=EDGE_CURVE('',#6415,#6448,#6452,.T.);
#6454=ORIENTED_EDGE('',*,*,#6453,.T.);
#6455=CARTESIAN_POINT('',(12.237275905,37.54808207,18.584147892));
#6456=VERTEX_POINT('',#6455);
#6457=CARTESIAN_POINT('',(12.237275905,37.54808207,18.584147892));
#6458=DIRECTION('',(0.,0.,1.));
#6459=VECTOR('',#6458,1.);
#6460=LINE('',#6457,#6459);
#6461=EDGE_CURVE('',#6456,#6448,#6460,.T.);
#6462=ORIENTED_EDGE('',*,*,#6461,.F.);
#6463=CARTESIAN_POINT('',(11.657275905,34.78808207,18.584147892));
#6464=CARTESIAN_POINT('',(11.657275905,36.38808207,18.584147892));
#6465=CARTESIAN_POINT('',(12.237275905,37.54808207,18.584147892));
#6466=B_SPLINE_CURVE_WITH_KNOTS('',2,(#6463,#6464,#6465),.UNSPECIFIED.,.F.,.F.,(3,3),(0.,1.),.UNSPECIFIED.);
#6467=EDGE_CURVE('',#6423,#6456,#6466,.T.);
#6468=ORIENTED_EDGE('',*,*,#6467,.F.);
#6469=ORIENTED_EDGE('',*,*,#6428,.T.);
#6470=EDGE_LOOP('',(#6454,#6462,#6468,#6469));
#6471=FACE_BOUND('',#6470,.T.);
#6472=ADVANCED_FACE('',(#6471),#6446,.F.);
#6473=CARTESIAN_POINT('',(12.237275905,37.54808207,18.584147892));
#6474=CARTESIAN_POINT('',(12.237275905,37.54808207,19.584147892));
#6475=CARTESIAN_POINT('',(12.807275905,38.71808207,18.584147892));
#6476=CARTESIAN_POINT('',(12.807275905,38.71808207,19.584147892));
#6477=CARTESIAN_POINT('',(13.817275905,39.34808207,18.584147892));
#6478=CARTESIAN_POINT('',(13.817275905,39.34808207,19.584147892));
#6479=B_SPLINE_SURFACE_WITH_KNOTS('',2,1,((#6473,#6474),(#6475,#6476),(#6477,#6478)),.UNSPECIFIED.,.F.,.F.,.U.,(3,3),(2,2),(0.,1.),(0.,1.),.UNSPECIFIED.);
#6480=CARTESIAN_POINT('',(13.817275905,39.34808207,19.584147892));
#6481=VERTEX_POINT('',#6480);
#6482=CARTESIAN_POINT('',(12.237275905,37.54808207,19.584147892));
#6483=CARTESIAN_POINT('',(12.807275905,38.71808207,19.584147892));
#6484=CARTESIAN_POINT('',(13.817275905,39.34808207,19.584147892));
#6485=B_SPLINE_CURVE_WITH_KNOTS('',2,(#6482,#6483,#6484),.UNSPECIFIED.,.F.,.F.,(3,3),(0.,1.),.UNSPECIFIED.);
#6486=EDGE_CURVE('',#6448,#6481,#6485,.T.);
#6487=ORIENTED_EDGE('',*,*,#6486,.T.);
#6488=CARTESIAN_POINT('',(13.817275905,39.34808207,18.584147892));
#6489=VERTEX_POINT('',#6488);
#6490=CARTESIAN_POINT('',(13.817275905,39.34808207,18.584147892));
#6491=DIRECTION('',(0.,0.,1.));
#6492=VECTOR('',#6491,1.);
#6493=LINE('',#6490,#6492);
#6494=EDGE_CURVE('',#6489,#6481,#6493,.T.);
#6495=ORIENTED_EDGE('',*,*,#6494,.F.);
#6496=CARTESIAN_POINT('',(12.237275905,37.54808207,18.584147892));
#6497=CARTESIAN_POINT('',(12.807275905,38.71808207,18.584147892));
#6498=CARTESIAN_POINT('',(13.817275905,39.34808207,18.584147892));
#6499=B_SPLINE_CURVE_WITH_KNOTS('',2,(#6496,#6497,#6498),.UNSPECIFIED.,.F.,.F.,(3,3),(0.,1.),.UNSPECIFIED.);
#6500=EDGE_CURVE('',#6456,#6489,#6499,.T.);
#6501=ORIENTED_EDGE('',*,*,#6500,.F.);
#6502=ORIENTED_EDGE('',*,*,#6461,.T.);
#6503=EDGE_LOOP('',(#6487,#6495,#6501,#6502));
#6504=FACE_BOUND('',#6503,.T.);
#6505=ADVANCED_FACE('',(#6504),#6479,.F.);
#6506=CARTESIAN_POINT('',(13.817275905,39.34808207,18.584147892));
#6507=CARTESIAN_POINT('',(13.817275905,39.34808207,19.584147892));
#6508=CARTESIAN_POINT('',(14.827275905,39.97808207,18.584147892));
#6509=CARTESIAN_POINT('',(14.827275905,39.97808207,19.584147892));
#6510=CARTESIAN_POINT('',(16.117275905,39.97808207,18.584147892));
#6511=CARTESIAN_POINT('',(16.117275905,39.97808207,19.584147892));
#6512=B_SPLINE_SURFACE_WITH_KNOTS('',2,1,((#6506,#6507),(#6508,#6509),(#6510,#6511)),.UNSPECIFIED.,.F.,.F.,.U.,(3,3),(2,2),(0.,1.),(0.,1.),.UNSPECIFIED.);
#6513=CARTESIAN_POINT('',(16.117275905,39.97808207,19.584147892));
#6514=VERTEX_POINT('',#6513);
#6515=CARTESIAN_POINT('',(13.817275905,39.34808207,19.584147892));
#6516=CARTESIAN_POINT('',(14.827275905,39.97808207,19.584147892));
#6517=CARTESIAN_POINT('',(16.117275905,39.97808207,19.584147892));
#6518=B_SPLINE_CURVE_WITH_KNOTS('',2,(#6515,#6516,#6517),.UNSPECIFIED.,.F.,.F.,(3,3),(0.,1.),.UNSPECIFIED.);
#6519=EDGE_CURVE('',#6481,#6514,#6518,.T.);
#6520=ORIENTED_EDGE('',*,*,#6519,.T.);
#6521=CARTESIAN_POINT('',(16.117275905,39.97808207,18.584147892));
#6522=VERTEX_POINT('',#6521);
#6523=CARTESIAN_POINT('',(16.117275905,39.97808207,18.584147892));
#6524=DIRECTION('',(0.,0.,1.));
#6525=VECTOR('',#6524,1.);
#6526=LINE('',#6523,#6525);
#6527=EDGE_CURVE('',#6522,#6514,#6526,.T.);
#6528=ORIENTED_EDGE('',*,*,#6527,.F.);
#6529=CARTESIAN_POINT('',(13.817275905,39.34808207,18.584147892));
#6530=CARTESIAN_POINT('',(14.827275905,39.97808207,18.584147892));
#6531=CARTESIAN_POINT('',(16.117275905,39.97808207,18.584147892));
#6532=B_SPLINE_CURVE_WITH_KNOTS('',2,(#6529,#6530,#6531),.UNSPECIFIED.,.F.,.F.,(3,3),(0.,1.),.UNSPECIFIED.);
#6533=EDGE_CURVE('',#6489,#6522,#6532,.T.);
#6534=ORIENTED_EDGE('',*,*,#6533,.F.);
#6535=ORIENTED_EDGE('',*,*,#6494,.T.);
#6536=EDGE_LOOP('',(#6520,#6528,#6534,#6535));
#6537=FACE_BOUND('',#6536,.T.);
#6538=ADVANCED_FACE('',(#6537),#6512,.F.);
#6539=CARTESIAN_POINT('',(16.117275905,39.97808207,18.584147892));
#6540=CARTESIAN_POINT('',(16.117275905,39.97808207,19.584147892));
#6541=CARTESIAN_POINT('',(17.407275905,39.97808207,18.584147892));
#6542=CARTESIAN_POINT('',(17.407275905,39.97808207,19.584147892));
#6543=CARTESIAN_POINT('',(18.417275905,39.34808207,18.584147892));
#6544=CARTESIAN_POINT('',(18.417275905,39.34808207,19.584147892));
#6545=B_SPLINE_SURFACE_WITH_KNOTS('',2,1,((#6539,#6540),(#6541,#6542),(#6543,#6544)),.UNSPECIFIED.,.F.,.F.,.U.,(3,3),(2,2),(0.,1.),(0.,1.),.UNSPECIFIED.);
#6546=CARTESIAN_POINT('',(16.117275905,39.97808207,19.584147892));
#6547=CARTESIAN_POINT('',(17.407275905,39.97808207,19.584147892));
#6548=CARTESIAN_POINT('',(18.417275905,39.34808207,19.584147892));
#6549=B_SPLINE_CURVE_WITH_KNOTS('',2,(#6546,#6547,#6548),.UNSPECIFIED.,.F.,.F.,(3,3),(0.,1.),.UNSPECIFIED.);
#6550=EDGE_CURVE('',#6514,#6175,#6549,.T.);
#6551=ORIENTED_EDGE('',*,*,#6550,.T.);
#6552=ORIENTED_EDGE('',*,*,#6204,.F.);
#6553=CARTESIAN_POINT('',(16.117275905,39.97808207,18.584147892));
#6554=CARTESIAN_POINT('',(17.407275905,39.97808207,18.584147892));
#6555=CARTESIAN_POINT('',(18.417275905,39.34808207,18.584147892));
#6556=B_SPLINE_CURVE_WITH_KNOTS('',2,(#6553,#6554,#6555),.UNSPECIFIED.,.F.,.F.,(3,3),(0.,1.),.UNSPECIFIED.);
#6557=EDGE_CURVE('',#6522,#6193,#6556,.T.);
#6558=ORIENTED_EDGE('',*,*,#6557,.F.);
#6559=ORIENTED_EDGE('',*,*,#6527,.T.);
#6560=EDGE_LOOP('',(#6551,#6552,#6558,#6559));
#6561=FACE_BOUND('',#6560,.T.);
#6562=ADVANCED_FACE('',(#6561),#6545,.F.);
#6563=CARTESIAN_POINT('',(-15.042724095,34.78808207,18.584147892));
#6564=DIRECTION('',(0.,0.,-1.));
#6565=DIRECTION('',(-1.,0.,0.));
#6566=AXIS2_PLACEMENT_3D('',#6563,#6564,#6565);
#6567=PLANE('',#6566);
#6568=CARTESIAN_POINT('',(17.777275905,31.20808207,18.584147892));
#6569=VERTEX_POINT('',#6568);
#6570=CARTESIAN_POINT('',(18.957275905,32.57808207,18.584147892));
#6571=VERTEX_POINT('',#6570);
#6572=CARTESIAN_POINT('',(17.777275905,31.20808207,18.584147892));
#6573=CARTESIAN_POINT('',(18.517275905,31.66808207,18.584147892));
#6574=CARTESIAN_POINT('',(18.957275905,32.57808207,18.584147892));
#6575=B_SPLINE_CURVE_WITH_KNOTS('',2,(#6572,#6573,#6574),.UNSPECIFIED.,.F.,.F.,(3,3),(0.,1.),.UNSPECIFIED.);
#6576=EDGE_CURVE('',#6569,#6571,#6575,.T.);
#6577=ORIENTED_EDGE('',*,*,#6576,.T.);
#6578=CARTESIAN_POINT('',(19.387275905,34.78808207,18.584147892));
#6579=VERTEX_POINT('',#6578);
#6580=CARTESIAN_POINT('',(18.957275905,32.57808207,18.584147892));
#6581=CARTESIAN_POINT('',(19.387275905,33.47808207,18.584147892));
#6582=CARTESIAN_POINT('',(19.387275905,34.78808207,18.584147892));
#6583=B_SPLINE_CURVE_WITH_KNOTS('',2,(#6580,#6581,#6582),.UNSPECIFIED.,.F.,.F.,(3,3),(0.,1.),.UNSPECIFIED.);
#6584=EDGE_CURVE('',#6571,#6579,#6583,.T.);
#6585=ORIENTED_EDGE('',*,*,#6584,.T.);
#6586=CARTESIAN_POINT('',(18.957275905,37.00808207,18.584147892));
#6587=VERTEX_POINT('',#6586);
#6588=CARTESIAN_POINT('',(19.387275905,34.78808207,18.584147892));
#6589=CARTESIAN_POINT('',(19.387275905,36.09808207,18.584147892));
#6590=CARTESIAN_POINT('',(18.957275905,37.00808207,18.584147892));
#6591=B_SPLINE_CURVE_WITH_KNOTS('',2,(#6588,#6589,#6590),.UNSPECIFIED.,.F.,.F.,(3,3),(0.,1.),.UNSPECIFIED.);
#6592=EDGE_CURVE('',#6579,#6587,#6591,.T.);
#6593=ORIENTED_EDGE('',*,*,#6592,.T.);
#6594=CARTESIAN_POINT('',(17.777275905,38.36808207,18.584147892));
#6595=VERTEX_POINT('',#6594);
#6596=CARTESIAN_POINT('',(18.957275905,37.00808207,18.584147892));
#6597=CARTESIAN_POINT('',(18.517275905,37.90808207,18.584147892));
#6598=CARTESIAN_POINT('',(17.777275905,38.36808207,18.584147892));
#6599=B_SPLINE_CURVE_WITH_KNOTS('',2,(#6596,#6597,#6598),.UNSPECIFIED.,.F.,.F.,(3,3),(0.,1.),.UNSPECIFIED.);
#6600=EDGE_CURVE('',#6587,#6595,#6599,.T.);
#6601=ORIENTED_EDGE('',*,*,#6600,.T.);
#6602=CARTESIAN_POINT('',(16.117275905,38.82808207,18.584147892));
#6603=VERTEX_POINT('',#6602);
#6604=CARTESIAN_POINT('',(17.777275905,38.36808207,18.584147892));
#6605=CARTESIAN_POINT('',(17.027275905,38.82808207,18.584147892));
#6606=CARTESIAN_POINT('',(16.117275905,38.82808207,18.584147892));
#6607=B_SPLINE_CURVE_WITH_KNOTS('',2,(#6604,#6605,#6606),.UNSPECIFIED.,.F.,.F.,(3,3),(0.,1.),.UNSPECIFIED.);
#6608=EDGE_CURVE('',#6595,#6603,#6607,.T.);
#6609=ORIENTED_EDGE('',*,*,#6608,.T.);
#6610=CARTESIAN_POINT('',(14.457275905,38.36808207,18.584147892));
#6611=VERTEX_POINT('',#6610);
#6612=CARTESIAN_POINT('',(16.117275905,38.82808207,18.584147892));
#6613=CARTESIAN_POINT('',(15.197275905,38.82808207,18.584147892));
#6614=CARTESIAN_POINT('',(14.457275905,38.36808207,18.584147892));
#6615=B_SPLINE_CURVE_WITH_KNOTS('',2,(#6612,#6613,#6614),.UNSPECIFIED.,.F.,.F.,(3,3),(0.,1.),.UNSPECIFIED.);
#6616=EDGE_CURVE('',#6603,#6611,#6615,.T.);
#6617=ORIENTED_EDGE('',*,*,#6616,.T.);
#6618=CARTESIAN_POINT('',(13.277275905,37.00808207,18.584147892));
#6619=VERTEX_POINT('',#6618);
#6620=CARTESIAN_POINT('',(14.457275905,38.36808207,18.584147892));
#6621=CARTESIAN_POINT('',(13.717275905,37.90808207,18.584147892));
#6622=CARTESIAN_POINT('',(13.277275905,37.00808207,18.584147892));
#6623=B_SPLINE_CURVE_WITH_KNOTS('',2,(#6620,#6621,#6622),.UNSPECIFIED.,.F.,.F.,(3,3),(0.,1.),.UNSPECIFIED.);
#6624=EDGE_CURVE('',#6611,#6619,#6623,.T.);
#6625=ORIENTED_EDGE('',*,*,#6624,.T.);
#6626=CARTESIAN_POINT('',(12.837275905,34.78808207,18.584147892));
#6627=VERTEX_POINT('',#6626);
#6628=CARTESIAN_POINT('',(13.277275905,37.00808207,18.584147892));
#6629=CARTESIAN_POINT('',(12.837275905,36.09808207,18.584147892));
#6630=CARTESIAN_POINT('',(12.837275905,34.78808207,18.584147892));
#6631=B_SPLINE_CURVE_WITH_KNOTS('',2,(#6628,#6629,#6630),.UNSPECIFIED.,.F.,.F.,(3,3),(0.,1.),.UNSPECIFIED.);
#6632=EDGE_CURVE('',#6619,#6627,#6631,.T.);
#6633=ORIENTED_EDGE('',*,*,#6632,.T.);
#6634=CARTESIAN_POINT('',(13.277275905,32.57808207,18.584147892));
#6635=VERTEX_POINT('',#6634);
#6636=CARTESIAN_POINT('',(12.837275905,34.78808207,18.584147892));
#6637=CARTESIAN_POINT('',(12.837275905,33.47808207,18.584147892));
#6638=CARTESIAN_POINT('',(13.277275905,32.57808207,18.584147892));
#6639=B_SPLINE_CURVE_WITH_KNOTS('',2,(#6636,#6637,#6638),.UNSPECIFIED.,.F.,.F.,(3,3),(0.,1.),.UNSPECIFIED.);
#6640=EDGE_CURVE('',#6627,#6635,#6639,.T.);
#6641=ORIENTED_EDGE('',*,*,#6640,.T.);
#6642=CARTESIAN_POINT('',(14.457275905,31.20808207,18.584147892));
#6643=VERTEX_POINT('',#6642);
#6644=CARTESIAN_POINT('',(13.277275905,32.57808207,18.584147892));
#6645=CARTESIAN_POINT('',(13.717275905,31.66808207,18.584147892));
#6646=CARTESIAN_POINT('',(14.457275905,31.20808207,18.584147892));
#6647=B_SPLINE_CURVE_WITH_KNOTS('',2,(#6644,#6645,#6646),.UNSPECIFIED.,.F.,.F.,(3,3),(0.,1.),.UNSPECIFIED.);
#6648=EDGE_CURVE('',#6635,#6643,#6647,.T.);
#6649=ORIENTED_EDGE('',*,*,#6648,.T.);
#6650=CARTESIAN_POINT('',(16.117275905,30.74808207,18.584147892));
#6651=VERTEX_POINT('',#6650);
#6652=CARTESIAN_POINT('',(14.457275905,31.20808207,18.584147892));
#6653=CARTESIAN_POINT('',(15.197275905,30.74808207,18.584147892));
#6654=CARTESIAN_POINT('',(16.117275905,30.74808207,18.584147892));
#6655=B_SPLINE_CURVE_WITH_KNOTS('',2,(#6652,#6653,#6654),.UNSPECIFIED.,.F.,.F.,(3,3),(0.,1.),.UNSPECIFIED.);
#6656=EDGE_CURVE('',#6643,#6651,#6655,.T.);
#6657=ORIENTED_EDGE('',*,*,#6656,.T.);
#6658=CARTESIAN_POINT('',(16.117275905,30.74808207,18.584147892));
#6659=CARTESIAN_POINT('',(17.027275905,30.74808207,18.584147892));
#6660=CARTESIAN_POINT('',(17.777275905,31.20808207,18.584147892));
#6661=B_SPLINE_CURVE_WITH_KNOTS('',2,(#6658,#6659,#6660),.UNSPECIFIED.,.F.,.F.,(3,3),(0.,1.),.UNSPECIFIED.);
#6662=EDGE_CURVE('',#6651,#6569,#6661,.T.);
#6663=ORIENTED_EDGE('',*,*,#6662,.T.);
#6664=EDGE_LOOP('',(#6577,#6585,#6593,#6601,#6609,#6617,#6625,#6633,#6641,#6649,#6657,#6663));
#6665=FACE_BOUND('',#6664,.T.);
#6666=ORIENTED_EDGE('',*,*,#6198,.T.);
#6667=ORIENTED_EDGE('',*,*,#6236,.T.);
#6668=ORIENTED_EDGE('',*,*,#6269,.T.);
#6669=ORIENTED_EDGE('',*,*,#6302,.T.);
#6670=ORIENTED_EDGE('',*,*,#6335,.T.);
#6671=ORIENTED_EDGE('',*,*,#6368,.T.);
#6672=ORIENTED_EDGE('',*,*,#6401,.T.);
#6673=ORIENTED_EDGE('',*,*,#6434,.T.);
#6674=ORIENTED_EDGE('',*,*,#6467,.T.);
#6675=ORIENTED_EDGE('',*,*,#6500,.T.);
#6676=ORIENTED_EDGE('',*,*,#6533,.T.);
#6677=ORIENTED_EDGE('',*,*,#6557,.T.);
#6678=EDGE_LOOP('',(#6666,#6667,#6668,#6669,#6670,#6671,#6672,#6673,#6674,#6675,#6676,#6677));
#6679=FACE_BOUND('',#6678,.T.);
#6680=ADVANCED_FACE('',(#6665,#6679),#6567,.T.);
#6681=CARTESIAN_POINT('',(-15.042724095,34.78808207,19.584147892));
#6682=DIRECTION('',(0.,0.,-1.));
#6683=DIRECTION('',(-1.,0.,0.));
#6684=AXIS2_PLACEMENT_3D('',#6681,#6682,#6683);
#6685=PLANE('',#6684);
#6686=CARTESIAN_POINT('',(18.957275905,32.57808207,19.584147892));
#6687=VERTEX_POINT('',#6686);
#6688=CARTESIAN_POINT('',(19.387275905,34.78808207,19.584147892));
#6689=VERTEX_POINT('',#6688);
#6690=CARTESIAN_POINT('',(18.957275905,32.57808207,19.584147892));
#6691=CARTESIAN_POINT('',(19.387275905,33.47808207,19.584147892));
#6692=CARTESIAN_POINT('',(19.387275905,34.78808207,19.584147892));
#6693=B_SPLINE_CURVE_WITH_KNOTS('',2,(#6690,#6691,#6692),.UNSPECIFIED.,.F.,.F.,(3,3),(0.,1.),.UNSPECIFIED.);
#6694=EDGE_CURVE('',#6687,#6689,#6693,.T.);
#6695=ORIENTED_EDGE('',*,*,#6694,.F.);
#6696=CARTESIAN_POINT('',(17.777275905,31.20808207,19.584147892));
#6697=VERTEX_POINT('',#6696);
#6698=CARTESIAN_POINT('',(17.777275905,31.20808207,19.584147892));
#6699=CARTESIAN_POINT('',(18.517275905,31.66808207,19.584147892));
#6700=CARTESIAN_POINT('',(18.957275905,32.57808207,19.584147892));
#6701=B_SPLINE_CURVE_WITH_KNOTS('',2,(#6698,#6699,#6700),.UNSPECIFIED.,.F.,.F.,(3,3),(0.,1.),.UNSPECIFIED.);
#6702=EDGE_CURVE('',#6697,#6687,#6701,.T.);
#6703=ORIENTED_EDGE('',*,*,#6702,.F.);
#6704=CARTESIAN_POINT('',(16.117275905,30.74808207,19.584147892));
#6705=VERTEX_POINT('',#6704);
#6706=CARTESIAN_POINT('',(16.117275905,30.74808207,19.584147892));
#6707=CARTESIAN_POINT('',(17.027275905,30.74808207,19.584147892));
#6708=CARTESIAN_POINT('',(17.777275905,31.20808207,19.584147892));
#6709=B_SPLINE_CURVE_WITH_KNOTS('',2,(#6706,#6707,#6708),.UNSPECIFIED.,.F.,.F.,(3,3),(0.,1.),.UNSPECIFIED.);
#6710=EDGE_CURVE('',#6705,#6697,#6709,.T.);
#6711=ORIENTED_EDGE('',*,*,#6710,.F.);
#6712=CARTESIAN_POINT('',(14.457275905,31.20808207,19.584147892));
#6713=VERTEX_POINT('',#6712);
#6714=CARTESIAN_POINT('',(14.457275905,31.20808207,19.584147892));
#6715=CARTESIAN_POINT('',(15.197275905,30.74808207,19.584147892));
#6716=CARTESIAN_POINT('',(16.117275905,30.74808207,19.584147892));
#6717=B_SPLINE_CURVE_WITH_KNOTS('',2,(#6714,#6715,#6716),.UNSPECIFIED.,.F.,.F.,(3,3),(0.,1.),.UNSPECIFIED.);
#6718=EDGE_CURVE('',#6713,#6705,#6717,.T.);
#6719=ORIENTED_EDGE('',*,*,#6718,.F.);
#6720=CARTESIAN_POINT('',(13.277275905,32.57808207,19.584147892));
#6721=VERTEX_POINT('',#6720);
#6722=CARTESIAN_POINT('',(13.277275905,32.57808207,19.584147892));
#6723=CARTESIAN_POINT('',(13.717275905,31.66808207,19.584147892));
#6724=CARTESIAN_POINT('',(14.457275905,31.20808207,19.584147892));
#6725=B_SPLINE_CURVE_WITH_KNOTS('',2,(#6722,#6723,#6724),.UNSPECIFIED.,.F.,.F.,(3,3),(0.,1.),.UNSPECIFIED.);
#6726=EDGE_CURVE('',#6721,#6713,#6725,.T.);
#6727=ORIENTED_EDGE('',*,*,#6726,.F.);
#6728=CARTESIAN_POINT('',(12.837275905,34.78808207,19.584147892));
#6729=VERTEX_POINT('',#6728);
#6730=CARTESIAN_POINT('',(12.837275905,34.78808207,19.584147892));
#6731=CARTESIAN_POINT('',(12.837275905,33.47808207,19.584147892));
#6732=CARTESIAN_POINT('',(13.277275905,32.57808207,19.584147892));
#6733=B_SPLINE_CURVE_WITH_KNOTS('',2,(#6730,#6731,#6732),.UNSPECIFIED.,.F.,.F.,(3,3),(0.,1.),.UNSPECIFIED.);
#6734=EDGE_CURVE('',#6729,#6721,#6733,.T.);
#6735=ORIENTED_EDGE('',*,*,#6734,.F.);
#6736=CARTESIAN_POINT('',(13.277275905,37.00808207,19.584147892));
#6737=VERTEX_POINT('',#6736);
#6738=CARTESIAN_POINT('',(13.277275905,37.00808207,19.584147892));
#6739=CARTESIAN_POINT('',(12.837275905,36.09808207,19.584147892));
#6740=CARTESIAN_POINT('',(12.837275905,34.78808207,19.584147892));
#6741=B_SPLINE_CURVE_WITH_KNOTS('',2,(#6738,#6739,#6740),.UNSPECIFIED.,.F.,.F.,(3,3),(0.,1.),.UNSPECIFIED.);
#6742=EDGE_CURVE('',#6737,#6729,#6741,.T.);
#6743=ORIENTED_EDGE('',*,*,#6742,.F.);
#6744=CARTESIAN_POINT('',(14.457275905,38.36808207,19.584147892));
#6745=VERTEX_POINT('',#6744);
#6746=CARTESIAN_POINT('',(14.457275905,38.36808207,19.584147892));
#6747=CARTESIAN_POINT('',(13.717275905,37.90808207,19.584147892));
#6748=CARTESIAN_POINT('',(13.277275905,37.00808207,19.584147892));
#6749=B_SPLINE_CURVE_WITH_KNOTS('',2,(#6746,#6747,#6748),.UNSPECIFIED.,.F.,.F.,(3,3),(0.,1.),.UNSPECIFIED.);
#6750=EDGE_CURVE('',#6745,#6737,#6749,.T.);
#6751=ORIENTED_EDGE('',*,*,#6750,.F.);
#6752=CARTESIAN_POINT('',(16.117275905,38.82808207,19.584147892));
#6753=VERTEX_POINT('',#6752);
#6754=CARTESIAN_POINT('',(16.117275905,38.82808207,19.584147892));
#6755=CARTESIAN_POINT('',(15.197275905,38.82808207,19.584147892));
#6756=CARTESIAN_POINT('',(14.457275905,38.36808207,19.584147892));
#6757=B_SPLINE_CURVE_WITH_KNOTS('',2,(#6754,#6755,#6756),.UNSPECIFIED.,.F.,.F.,(3,3),(0.,1.),.UNSPECIFIED.);
#6758=EDGE_CURVE('',#6753,#6745,#6757,.T.);
#6759=ORIENTED_EDGE('',*,*,#6758,.F.);
#6760=CARTESIAN_POINT('',(17.777275905,38.36808207,19.584147892));
#6761=VERTEX_POINT('',#6760);
#6762=CARTESIAN_POINT('',(17.777275905,38.36808207,19.584147892));
#6763=CARTESIAN_POINT('',(17.027275905,38.82808207,19.584147892));
#6764=CARTESIAN_POINT('',(16.117275905,38.82808207,19.584147892));
#6765=B_SPLINE_CURVE_WITH_KNOTS('',2,(#6762,#6763,#6764),.UNSPECIFIED.,.F.,.F.,(3,3),(0.,1.),.UNSPECIFIED.);
#6766=EDGE_CURVE('',#6761,#6753,#6765,.T.);
#6767=ORIENTED_EDGE('',*,*,#6766,.F.);
#6768=CARTESIAN_POINT('',(18.957275905,37.00808207,19.584147892));
#6769=VERTEX_POINT('',#6768);
#6770=CARTESIAN_POINT('',(18.957275905,37.00808207,19.584147892));
#6771=CARTESIAN_POINT('',(18.517275905,37.90808207,19.584147892));
#6772=CARTESIAN_POINT('',(17.777275905,38.36808207,19.584147892));
#6773=B_SPLINE_CURVE_WITH_KNOTS('',2,(#6770,#6771,#6772),.UNSPECIFIED.,.F.,.F.,(3,3),(0.,1.),.UNSPECIFIED.);
#6774=EDGE_CURVE('',#6769,#6761,#6773,.T.);
#6775=ORIENTED_EDGE('',*,*,#6774,.F.);
#6776=CARTESIAN_POINT('',(19.387275905,34.78808207,19.584147892));
#6777=CARTESIAN_POINT('',(19.387275905,36.09808207,19.584147892));
#6778=CARTESIAN_POINT('',(18.957275905,37.00808207,19.584147892));
#6779=B_SPLINE_CURVE_WITH_KNOTS('',2,(#6776,#6777,#6778),.UNSPECIFIED.,.F.,.F.,(3,3),(0.,1.),.UNSPECIFIED.);
#6780=EDGE_CURVE('',#6689,#6769,#6779,.T.);
#6781=ORIENTED_EDGE('',*,*,#6780,.F.);
#6782=EDGE_LOOP('',(#6695,#6703,#6711,#6719,#6727,#6735,#6743,#6751,#6759,#6767,#6775,#6781));
#6783=FACE_BOUND('',#6782,.T.);
#6784=ORIENTED_EDGE('',*,*,#6182,.F.);
#6785=ORIENTED_EDGE('',*,*,#6550,.F.);
#6786=ORIENTED_EDGE('',*,*,#6519,.F.);
#6787=ORIENTED_EDGE('',*,*,#6486,.F.);
#6788=ORIENTED_EDGE('',*,*,#6453,.F.);
#6789=ORIENTED_EDGE('',*,*,#6420,.F.);
#6790=ORIENTED_EDGE('',*,*,#6387,.F.);
#6791=ORIENTED_EDGE('',*,*,#6354,.F.);
#6792=ORIENTED_EDGE('',*,*,#6321,.F.);
#6793=ORIENTED_EDGE('',*,*,#6288,.F.);
#6794=ORIENTED_EDGE('',*,*,#6255,.F.);
#6795=ORIENTED_EDGE('',*,*,#6222,.F.);
#6796=EDGE_LOOP('',(#6784,#6785,#6786,#6787,#6788,#6789,#6790,#6791,#6792,#6793,#6794,#6795));
#6797=FACE_BOUND('',#6796,.T.);
#6798=ADVANCED_FACE('',(#6783,#6797),#6685,.F.);
#6799=CARTESIAN_POINT('',(17.777275905,31.20808207,18.584147892));
#6800=CARTESIAN_POINT('',(17.777275905,31.20808207,19.584147892));
#6801=CARTESIAN_POINT('',(18.517275905,31.66808207,18.584147892));
#6802=CARTESIAN_POINT('',(18.517275905,31.66808207,19.584147892));
#6803=CARTESIAN_POINT('',(18.957275905,32.57808207,18.584147892));
#6804=CARTESIAN_POINT('',(18.957275905,32.57808207,19.584147892));
#6805=B_SPLINE_SURFACE_WITH_KNOTS('',2,1,((#6799,#6800),(#6801,#6802),(#6803,#6804)),.UNSPECIFIED.,.F.,.F.,.U.,(3,3),(2,2),(0.,1.),(0.,1.),.UNSPECIFIED.);
#6806=ORIENTED_EDGE('',*,*,#6702,.T.);
#6807=CARTESIAN_POINT('',(18.957275905,32.57808207,18.584147892));
#6808=DIRECTION('',(0.,0.,1.));
#6809=VECTOR('',#6808,1.);
#6810=LINE('',#6807,#6809);
#6811=EDGE_CURVE('',#6571,#6687,#6810,.T.);
#6812=ORIENTED_EDGE('',*,*,#6811,.F.);
#6813=ORIENTED_EDGE('',*,*,#6576,.F.);
#6814=CARTESIAN_POINT('',(17.777275905,31.20808207,18.584147892));
#6815=DIRECTION('',(0.,0.,1.));
#6816=VECTOR('',#6815,1.);
#6817=LINE('',#6814,#6816);
#6818=EDGE_CURVE('',#6569,#6697,#6817,.T.);
#6819=ORIENTED_EDGE('',*,*,#6818,.T.);
#6820=EDGE_LOOP('',(#6806,#6812,#6813,#6819));
#6821=FACE_BOUND('',#6820,.T.);
#6822=ADVANCED_FACE('',(#6821),#6805,.F.);
#6823=CARTESIAN_POINT('',(16.117275905,30.74808207,18.584147892));
#6824=CARTESIAN_POINT('',(16.117275905,30.74808207,19.584147892));
#6825=CARTESIAN_POINT('',(17.027275905,30.74808207,18.584147892));
#6826=CARTESIAN_POINT('',(17.027275905,30.74808207,19.584147892));
#6827=CARTESIAN_POINT('',(17.777275905,31.20808207,18.584147892));
#6828=CARTESIAN_POINT('',(17.777275905,31.20808207,19.584147892));
#6829=B_SPLINE_SURFACE_WITH_KNOTS('',2,1,((#6823,#6824),(#6825,#6826),(#6827,#6828)),.UNSPECIFIED.,.F.,.F.,.U.,(3,3),(2,2),(0.,1.),(0.,1.),.UNSPECIFIED.);
#6830=ORIENTED_EDGE('',*,*,#6710,.T.);
#6831=ORIENTED_EDGE('',*,*,#6818,.F.);
#6832=ORIENTED_EDGE('',*,*,#6662,.F.);
#6833=CARTESIAN_POINT('',(16.117275905,30.74808207,18.584147892));
#6834=DIRECTION('',(0.,0.,1.));
#6835=VECTOR('',#6834,1.);
#6836=LINE('',#6833,#6835);
#6837=EDGE_CURVE('',#6651,#6705,#6836,.T.);
#6838=ORIENTED_EDGE('',*,*,#6837,.T.);
#6839=EDGE_LOOP('',(#6830,#6831,#6832,#6838));
#6840=FACE_BOUND('',#6839,.T.);
#6841=ADVANCED_FACE('',(#6840),#6829,.F.);
#6842=CARTESIAN_POINT('',(14.457275905,31.20808207,18.584147892));
#6843=CARTESIAN_POINT('',(14.457275905,31.20808207,19.584147892));
#6844=CARTESIAN_POINT('',(15.197275905,30.74808207,18.584147892));
#6845=CARTESIAN_POINT('',(15.197275905,30.74808207,19.584147892));
#6846=CARTESIAN_POINT('',(16.117275905,30.74808207,18.584147892));
#6847=CARTESIAN_POINT('',(16.117275905,30.74808207,19.584147892));
#6848=B_SPLINE_SURFACE_WITH_KNOTS('',2,1,((#6842,#6843),(#6844,#6845),(#6846,#6847)),.UNSPECIFIED.,.F.,.F.,.U.,(3,3),(2,2),(0.,1.),(0.,1.),.UNSPECIFIED.);
#6849=ORIENTED_EDGE('',*,*,#6718,.T.);
#6850=ORIENTED_EDGE('',*,*,#6837,.F.);
#6851=ORIENTED_EDGE('',*,*,#6656,.F.);
#6852=CARTESIAN_POINT('',(14.457275905,31.20808207,18.584147892));
#6853=DIRECTION('',(0.,0.,1.));
#6854=VECTOR('',#6853,1.);
#6855=LINE('',#6852,#6854);
#6856=EDGE_CURVE('',#6643,#6713,#6855,.T.);
#6857=ORIENTED_EDGE('',*,*,#6856,.T.);
#6858=EDGE_LOOP('',(#6849,#6850,#6851,#6857));
#6859=FACE_BOUND('',#6858,.T.);
#6860=ADVANCED_FACE('',(#6859),#6848,.F.);
#6861=CARTESIAN_POINT('',(13.277275905,32.57808207,18.584147892));
#6862=CARTESIAN_POINT('',(13.277275905,32.57808207,19.584147892));
#6863=CARTESIAN_POINT('',(13.717275905,31.66808207,18.584147892));
#6864=CARTESIAN_POINT('',(13.717275905,31.66808207,19.584147892));
#6865=CARTESIAN_POINT('',(14.457275905,31.20808207,18.584147892));
#6866=CARTESIAN_POINT('',(14.457275905,31.20808207,19.584147892));
#6867=B_SPLINE_SURFACE_WITH_KNOTS('',2,1,((#6861,#6862),(#6863,#6864),(#6865,#6866)),.UNSPECIFIED.,.F.,.F.,.U.,(3,3),(2,2),(0.,1.),(0.,1.),.UNSPECIFIED.);
#6868=ORIENTED_EDGE('',*,*,#6726,.T.);
#6869=ORIENTED_EDGE('',*,*,#6856,.F.);
#6870=ORIENTED_EDGE('',*,*,#6648,.F.);
#6871=CARTESIAN_POINT('',(13.277275905,32.57808207,18.584147892));
#6872=DIRECTION('',(0.,0.,1.));
#6873=VECTOR('',#6872,1.);
#6874=LINE('',#6871,#6873);
#6875=EDGE_CURVE('',#6635,#6721,#6874,.T.);
#6876=ORIENTED_EDGE('',*,*,#6875,.T.);
#6877=EDGE_LOOP('',(#6868,#6869,#6870,#6876));
#6878=FACE_BOUND('',#6877,.T.);
#6879=ADVANCED_FACE('',(#6878),#6867,.F.);
#6880=CARTESIAN_POINT('',(12.837275905,34.78808207,18.584147892));
#6881=CARTESIAN_POINT('',(12.837275905,34.78808207,19.584147892));
#6882=CARTESIAN_POINT('',(12.837275905,33.47808207,18.584147892));
#6883=CARTESIAN_POINT('',(12.837275905,33.47808207,19.584147892));
#6884=CARTESIAN_POINT('',(13.277275905,32.57808207,18.584147892));
#6885=CARTESIAN_POINT('',(13.277275905,32.57808207,19.584147892));
#6886=B_SPLINE_SURFACE_WITH_KNOTS('',2,1,((#6880,#6881),(#6882,#6883),(#6884,#6885)),.UNSPECIFIED.,.F.,.F.,.U.,(3,3),(2,2),(0.,1.),(0.,1.),.UNSPECIFIED.);
#6887=ORIENTED_EDGE('',*,*,#6734,.T.);
#6888=ORIENTED_EDGE('',*,*,#6875,.F.);
#6889=ORIENTED_EDGE('',*,*,#6640,.F.);
#6890=CARTESIAN_POINT('',(12.837275905,34.78808207,18.584147892));
#6891=DIRECTION('',(0.,0.,1.));
#6892=VECTOR('',#6891,1.);
#6893=LINE('',#6890,#6892);
#6894=EDGE_CURVE('',#6627,#6729,#6893,.T.);
#6895=ORIENTED_EDGE('',*,*,#6894,.T.);
#6896=EDGE_LOOP('',(#6887,#6888,#6889,#6895));
#6897=FACE_BOUND('',#6896,.T.);
#6898=ADVANCED_FACE('',(#6897),#6886,.F.);
#6899=CARTESIAN_POINT('',(13.277275905,37.00808207,18.584147892));
#6900=CARTESIAN_POINT('',(13.277275905,37.00808207,19.584147892));
#6901=CARTESIAN_POINT('',(12.837275905,36.09808207,18.584147892));
#6902=CARTESIAN_POINT('',(12.837275905,36.09808207,19.584147892));
#6903=CARTESIAN_POINT('',(12.837275905,34.78808207,18.584147892));
#6904=CARTESIAN_POINT('',(12.837275905,34.78808207,19.584147892));
#6905=B_SPLINE_SURFACE_WITH_KNOTS('',2,1,((#6899,#6900),(#6901,#6902),(#6903,#6904)),.UNSPECIFIED.,.F.,.F.,.U.,(3,3),(2,2),(0.,1.),(0.,1.),.UNSPECIFIED.);
#6906=ORIENTED_EDGE('',*,*,#6742,.T.);
#6907=ORIENTED_EDGE('',*,*,#6894,.F.);
#6908=ORIENTED_EDGE('',*,*,#6632,.F.);
#6909=CARTESIAN_POINT('',(13.277275905,37.00808207,18.584147892));
#6910=DIRECTION('',(0.,0.,1.));
#6911=VECTOR('',#6910,1.);
#6912=LINE('',#6909,#6911);
#6913=EDGE_CURVE('',#6619,#6737,#6912,.T.);
#6914=ORIENTED_EDGE('',*,*,#6913,.T.);
#6915=EDGE_LOOP('',(#6906,#6907,#6908,#6914));
#6916=FACE_BOUND('',#6915,.T.);
#6917=ADVANCED_FACE('',(#6916),#6905,.F.);
#6918=CARTESIAN_POINT('',(14.457275905,38.36808207,18.584147892));
#6919=CARTESIAN_POINT('',(14.457275905,38.36808207,19.584147892));
#6920=CARTESIAN_POINT('',(13.717275905,37.90808207,18.584147892));
#6921=CARTESIAN_POINT('',(13.717275905,37.90808207,19.584147892));
#6922=CARTESIAN_POINT('',(13.277275905,37.00808207,18.584147892));
#6923=CARTESIAN_POINT('',(13.277275905,37.00808207,19.584147892));
#6924=B_SPLINE_SURFACE_WITH_KNOTS('',2,1,((#6918,#6919),(#6920,#6921),(#6922,#6923)),.UNSPECIFIED.,.F.,.F.,.U.,(3,3),(2,2),(0.,1.),(0.,1.),.UNSPECIFIED.);
#6925=ORIENTED_EDGE('',*,*,#6750,.T.);
#6926=ORIENTED_EDGE('',*,*,#6913,.F.);
#6927=ORIENTED_EDGE('',*,*,#6624,.F.);
#6928=CARTESIAN_POINT('',(14.457275905,38.36808207,18.584147892));
#6929=DIRECTION('',(0.,0.,1.));
#6930=VECTOR('',#6929,1.);
#6931=LINE('',#6928,#6930);
#6932=EDGE_CURVE('',#6611,#6745,#6931,.T.);
#6933=ORIENTED_EDGE('',*,*,#6932,.T.);
#6934=EDGE_LOOP('',(#6925,#6926,#6927,#6933));
#6935=FACE_BOUND('',#6934,.T.);
#6936=ADVANCED_FACE('',(#6935),#6924,.F.);
#6937=CARTESIAN_POINT('',(16.117275905,38.82808207,18.584147892));
#6938=CARTESIAN_POINT('',(16.117275905,38.82808207,19.584147892));
#6939=CARTESIAN_POINT('',(15.197275905,38.82808207,18.584147892));
#6940=CARTESIAN_POINT('',(15.197275905,38.82808207,19.584147892));
#6941=CARTESIAN_POINT('',(14.457275905,38.36808207,18.584147892));
#6942=CARTESIAN_POINT('',(14.457275905,38.36808207,19.584147892));
#6943=B_SPLINE_SURFACE_WITH_KNOTS('',2,1,((#6937,#6938),(#6939,#6940),(#6941,#6942)),.UNSPECIFIED.,.F.,.F.,.U.,(3,3),(2,2),(0.,1.),(0.,1.),.UNSPECIFIED.);
#6944=ORIENTED_EDGE('',*,*,#6758,.T.);
#6945=ORIENTED_EDGE('',*,*,#6932,.F.);
#6946=ORIENTED_EDGE('',*,*,#6616,.F.);
#6947=CARTESIAN_POINT('',(16.117275905,38.82808207,18.584147892));
#6948=DIRECTION('',(0.,0.,1.));
#6949=VECTOR('',#6948,1.);
#6950=LINE('',#6947,#6949);
#6951=EDGE_CURVE('',#6603,#6753,#6950,.T.);
#6952=ORIENTED_EDGE('',*,*,#6951,.T.);
#6953=EDGE_LOOP('',(#6944,#6945,#6946,#6952));
#6954=FACE_BOUND('',#6953,.T.);
#6955=ADVANCED_FACE('',(#6954),#6943,.F.);
#6956=CARTESIAN_POINT('',(17.777275905,38.36808207,18.584147892));
#6957=CARTESIAN_POINT('',(17.777275905,38.36808207,19.584147892));
#6958=CARTESIAN_POINT('',(17.027275905,38.82808207,18.584147892));
#6959=CARTESIAN_POINT('',(17.027275905,38.82808207,19.584147892));
#6960=CARTESIAN_POINT('',(16.117275905,38.82808207,18.584147892));
#6961=CARTESIAN_POINT('',(16.117275905,38.82808207,19.584147892));
#6962=B_SPLINE_SURFACE_WITH_KNOTS('',2,1,((#6956,#6957),(#6958,#6959),(#6960,#6961)),.UNSPECIFIED.,.F.,.F.,.U.,(3,3),(2,2),(0.,1.),(0.,1.),.UNSPECIFIED.);
#6963=ORIENTED_EDGE('',*,*,#6766,.T.);
#6964=ORIENTED_EDGE('',*,*,#6951,.F.);
#6965=ORIENTED_EDGE('',*,*,#6608,.F.);
#6966=CARTESIAN_POINT('',(17.777275905,38.36808207,18.584147892));
#6967=DIRECTION('',(0.,0.,1.));
#6968=VECTOR('',#6967,1.);
#6969=LINE('',#6966,#6968);
#6970=EDGE_CURVE('',#6595,#6761,#6969,.T.);
#6971=ORIENTED_EDGE('',*,*,#6970,.T.);
#6972=EDGE_LOOP('',(#6963,#6964,#6965,#6971));
#6973=FACE_BOUND('',#6972,.T.);
#6974=ADVANCED_FACE('',(#6973),#6962,.F.);
#6975=CARTESIAN_POINT('',(18.957275905,37.00808207,18.584147892));
#6976=CARTESIAN_POINT('',(18.957275905,37.00808207,19.584147892));
#6977=CARTESIAN_POINT('',(18.517275905,37.90808207,18.584147892));
#6978=CARTESIAN_POINT('',(18.517275905,37.90808207,19.584147892));
#6979=CARTESIAN_POINT('',(17.777275905,38.36808207,18.584147892));
#6980=CARTESIAN_POINT('',(17.777275905,38.36808207,19.584147892));
#6981=B_SPLINE_SURFACE_WITH_KNOTS('',2,1,((#6975,#6976),(#6977,#6978),(#6979,#6980)),.UNSPECIFIED.,.F.,.F.,.U.,(3,3),(2,2),(0.,1.),(0.,1.),.UNSPECIFIED.);
#6982=ORIENTED_EDGE('',*,*,#6774,.T.);
#6983=ORIENTED_EDGE('',*,*,#6970,.F.);
#6984=ORIENTED_EDGE('',*,*,#6600,.F.);
#6985=CARTESIAN_POINT('',(18.957275905,37.00808207,18.584147892));
#6986=DIRECTION('',(0.,0.,1.));
#6987=VECTOR('',#6986,1.);
#6988=LINE('',#6985,#6987);
#6989=EDGE_CURVE('',#6587,#6769,#6988,.T.);
#6990=ORIENTED_EDGE('',*,*,#6989,.T.);
#6991=EDGE_LOOP('',(#6982,#6983,#6984,#6990));
#6992=FACE_BOUND('',#6991,.T.);
#6993=ADVANCED_FACE('',(#6992),#6981,.F.);
#6994=CARTESIAN_POINT('',(19.387275905,34.78808207,18.584147892));
#6995=CARTESIAN_POINT('',(19.387275905,34.78808207,19.584147892));
#6996=CARTESIAN_POINT('',(19.387275905,36.09808207,18.584147892));
#6997=CARTESIAN_POINT('',(19.387275905,36.09808207,19.584147892));
#6998=CARTESIAN_POINT('',(18.957275905,37.00808207,18.584147892));
#6999=CARTESIAN_POINT('',(18.957275905,37.00808207,19.584147892));
#7000=B_SPLINE_SURFACE_WITH_KNOTS('',2,1,((#6994,#6995),(#6996,#6997),(#6998,#6999)),.UNSPECIFIED.,.F.,.F.,.U.,(3,3),(2,2),(0.,1.),(0.,1.),.UNSPECIFIED.);
#7001=ORIENTED_EDGE('',*,*,#6780,.T.);
#7002=ORIENTED_EDGE('',*,*,#6989,.F.);
#7003=ORIENTED_EDGE('',*,*,#6592,.F.);
#7004=CARTESIAN_POINT('',(19.387275905,34.78808207,18.584147892));
#7005=DIRECTION('',(0.,0.,1.));
#7006=VECTOR('',#7005,1.);
#7007=LINE('',#7004,#7006);
#7008=EDGE_CURVE('',#6579,#6689,#7007,.T.);
#7009=ORIENTED_EDGE('',*,*,#7008,.T.);
#7010=EDGE_LOOP('',(#7001,#7002,#7003,#7009));
#7011=FACE_BOUND('',#7010,.T.);
#7012=ADVANCED_FACE('',(#7011),#7000,.F.);
#7013=CARTESIAN_POINT('',(18.957275905,32.57808207,18.584147892));
#7014=CARTESIAN_POINT('',(18.957275905,32.57808207,19.584147892));
#7015=CARTESIAN_POINT('',(19.387275905,33.47808207,18.584147892));
#7016=CARTESIAN_POINT('',(19.387275905,33.47808207,19.584147892));
#7017=CARTESIAN_POINT('',(19.387275905,34.78808207,18.584147892));
#7018=CARTESIAN_POINT('',(19.387275905,34.78808207,19.584147892));
#7019=B_SPLINE_SURFACE_WITH_KNOTS('',2,1,((#7013,#7014),(#7015,#7016),(#7017,#7018)),.UNSPECIFIED.,.F.,.F.,.U.,(3,3),(2,2),(0.,1.),(0.,1.),.UNSPECIFIED.);
#7020=ORIENTED_EDGE('',*,*,#6694,.T.);
#7021=ORIENTED_EDGE('',*,*,#7008,.F.);
#7022=ORIENTED_EDGE('',*,*,#6584,.F.);
#7023=ORIENTED_EDGE('',*,*,#6811,.T.);
#7024=EDGE_LOOP('',(#7020,#7021,#7022,#7023));
#7025=FACE_BOUND('',#7024,.T.);
#7026=ADVANCED_FACE('',(#7025),#7019,.F.);
#7027=CLOSED_SHELL('',(#6208,#6241,#6274,#6307,#6340,#6373,#6406,#6439,#6472,#6505,#6538,#6562,#6680,#6798,#6822,#6841,#6860,#6879,#6898,#6917,#6936,#6955,#6974,#6993,#7012,#7026));
#7028=MANIFOLD_SOLID_BREP('O',#7027);
#6166=STYLED_ITEM('',(),#7028);
#7030=CARTESIAN_POINT('',(28.797275905,30.82808207,18.584147892));
#7031=DIRECTION('',(-1.,0.,0.));
#7032=DIRECTION('',(0.,0.,1.));
#7033=AXIS2_PLACEMENT_3D('',#7030,#7031,#7032);
#7034=PLANE('',#7033);
#7035=CARTESIAN_POINT('',(28.797275905,30.82808207,19.584147892));
#7036=VERTEX_POINT('',#7035);
#7037=CARTESIAN_POINT('',(28.797275905,29.73808207,19.584147892));
#7038=VERTEX_POINT('',#7037);
#7039=CARTESIAN_POINT('',(28.797275905,30.82808207,19.584147892));
#7040=DIRECTION('',(0.,-1.,0.));
#7041=VECTOR('',#7040,1.09);
#7042=LINE('',#7039,#7041);
#7043=EDGE_CURVE('',#7036,#7038,#7042,.T.);
#7044=ORIENTED_EDGE('',*,*,#7043,.T.);
#7045=CARTESIAN_POINT('',(28.797275905,29.73808207,18.584147892));
#7046=VERTEX_POINT('',#7045);
#7047=CARTESIAN_POINT('',(28.797275905,29.73808207,18.584147892));
#7048=DIRECTION('',(0.,0.,1.));
#7049=VECTOR('',#7048,1.);
#7050=LINE('',#7047,#7049);
#7051=EDGE_CURVE('',#7046,#7038,#7050,.T.);
#7052=ORIENTED_EDGE('',*,*,#7051,.F.);
#7053=CARTESIAN_POINT('',(28.797275905,30.82808207,18.584147892));
#7054=VERTEX_POINT('',#7053);
#7055=CARTESIAN_POINT('',(28.797275905,30.82808207,18.584147892));
#7056=DIRECTION('',(0.,-1.,0.));
#7057=VECTOR('',#7056,1.09);
#7058=LINE('',#7055,#7057);
#7059=EDGE_CURVE('',#7054,#7046,#7058,.T.);
#7060=ORIENTED_EDGE('',*,*,#7059,.F.);
#7061=CARTESIAN_POINT('',(28.797275905,30.82808207,18.584147892));
#7062=DIRECTION('',(0.,0.,1.));
#7063=VECTOR('',#7062,1.);
#7064=LINE('',#7061,#7063);
#7065=EDGE_CURVE('',#7054,#7036,#7064,.T.);
#7066=ORIENTED_EDGE('',*,*,#7065,.T.);
#7067=EDGE_LOOP('',(#7044,#7052,#7060,#7066));
#7068=FACE_BOUND('',#7067,.T.);
#7069=ADVANCED_FACE('',(#7068),#7034,.F.);
#7070=CARTESIAN_POINT('',(28.797275905,29.73808207,18.584147892));
#7071=DIRECTION('',(0.,1.,0.));
#7072=DIRECTION('',(0.,0.,1.));
#7073=AXIS2_PLACEMENT_3D('',#7070,#7071,#7072);
#7074=PLANE('',#7073);
#7075=CARTESIAN_POINT('',(22.617275905,29.73808207,19.584147892));
#7076=VERTEX_POINT('',#7075);
#7077=CARTESIAN_POINT('',(28.797275905,29.73808207,19.584147892));
#7078=DIRECTION('',(-1.,0.,0.));
#7079=VECTOR('',#7078,6.18);
#7080=LINE('',#7077,#7079);
#7081=EDGE_CURVE('',#7038,#7076,#7080,.T.);
#7082=ORIENTED_EDGE('',*,*,#7081,.T.);
#7083=CARTESIAN_POINT('',(22.617275905,29.73808207,18.584147892));
#7084=VERTEX_POINT('',#7083);
#7085=CARTESIAN_POINT('',(22.617275905,29.73808207,18.584147892));
#7086=DIRECTION('',(0.,0.,1.));
#7087=VECTOR('',#7086,1.);
#7088=LINE('',#7085,#7087);
#7089=EDGE_CURVE('',#7084,#7076,#7088,.T.);
#7090=ORIENTED_EDGE('',*,*,#7089,.F.);
#7091=CARTESIAN_POINT('',(28.797275905,29.73808207,18.584147892));
#7092=DIRECTION('',(-1.,0.,0.));
#7093=VECTOR('',#7092,6.18);
#7094=LINE('',#7091,#7093);
#7095=EDGE_CURVE('',#7046,#7084,#7094,.T.);
#7096=ORIENTED_EDGE('',*,*,#7095,.F.);
#7097=ORIENTED_EDGE('',*,*,#7051,.T.);
#7098=EDGE_LOOP('',(#7082,#7090,#7096,#7097));
#7099=FACE_BOUND('',#7098,.T.);
#7100=ADVANCED_FACE('',(#7099),#7074,.F.);
#7101=CARTESIAN_POINT('',(22.617275905,29.73808207,18.584147892));
#7102=DIRECTION('',(1.,0.,0.));
#7103=DIRECTION('',(0.,0.,-1.));
#7104=AXIS2_PLACEMENT_3D('',#7101,#7102,#7103);
#7105=PLANE('',#7104);
#7106=CARTESIAN_POINT('',(22.617275905,39.83808207,19.584147892));
#7107=VERTEX_POINT('',#7106);
#7108=CARTESIAN_POINT('',(22.617275905,29.73808207,19.584147892));
#7109=DIRECTION('',(0.,1.,0.));
#7110=VECTOR('',#7109,10.1);
#7111=LINE('',#7108,#7110);
#7112=EDGE_CURVE('',#7076,#7107,#7111,.T.);
#7113=ORIENTED_EDGE('',*,*,#7112,.T.);
#7114=CARTESIAN_POINT('',(22.617275905,39.83808207,18.584147892));
#7115=VERTEX_POINT('',#7114);
#7116=CARTESIAN_POINT('',(22.617275905,39.83808207,18.584147892));
#7117=DIRECTION('',(0.,0.,1.));
#7118=VECTOR('',#7117,1.);
#7119=LINE('',#7116,#7118);
#7120=EDGE_CURVE('',#7115,#7107,#7119,.T.);
#7121=ORIENTED_EDGE('',*,*,#7120,.F.);
#7122=CARTESIAN_POINT('',(22.617275905,29.73808207,18.584147892));
#7123=DIRECTION('',(0.,1.,0.));
#7124=VECTOR('',#7123,10.1);
#7125=LINE('',#7122,#7124);
#7126=EDGE_CURVE('',#7084,#7115,#7125,.T.);
#7127=ORIENTED_EDGE('',*,*,#7126,.F.);
#7128=ORIENTED_EDGE('',*,*,#7089,.T.);
#7129=EDGE_LOOP('',(#7113,#7121,#7127,#7128));
#7130=FACE_BOUND('',#7129,.T.);
#7131=ADVANCED_FACE('',(#7130),#7105,.F.);
#7132=CARTESIAN_POINT('',(22.617275905,39.83808207,18.584147892));
#7133=DIRECTION('',(0.,-1.,0.));
#7134=DIRECTION('',(0.,0.,-1.));
#7135=AXIS2_PLACEMENT_3D('',#7132,#7133,#7134);
#7136=PLANE('',#7135);
#7137=CARTESIAN_POINT('',(28.717275905,39.83808207,19.584147892));
#7138=VERTEX_POINT('',#7137);
#7139=CARTESIAN_POINT('',(22.617275905,39.83808207,19.584147892));
#7140=DIRECTION('',(1.,0.,-0.));
#7141=VECTOR('',#7140,6.1);
#7142=LINE('',#7139,#7141);
#7143=EDGE_CURVE('',#7107,#7138,#7142,.T.);
#7144=ORIENTED_EDGE('',*,*,#7143,.T.);
#7145=CARTESIAN_POINT('',(28.717275905,39.83808207,18.584147892));
#7146=VERTEX_POINT('',#7145);
#7147=CARTESIAN_POINT('',(28.717275905,39.83808207,18.584147892));
#7148=DIRECTION('',(0.,0.,1.));
#7149=VECTOR('',#7148,1.);
#7150=LINE('',#7147,#7149);
#7151=EDGE_CURVE('',#7146,#7138,#7150,.T.);
#7152=ORIENTED_EDGE('',*,*,#7151,.F.);
#7153=CARTESIAN_POINT('',(22.617275905,39.83808207,18.584147892));
#7154=DIRECTION('',(1.,0.,-0.));
#7155=VECTOR('',#7154,6.1);
#7156=LINE('',#7153,#7155);
#7157=EDGE_CURVE('',#7115,#7146,#7156,.T.);
#7158=ORIENTED_EDGE('',*,*,#7157,.F.);
#7159=ORIENTED_EDGE('',*,*,#7120,.T.);
#7160=EDGE_LOOP('',(#7144,#7152,#7158,#7159));
#7161=FACE_BOUND('',#7160,.T.);
#7162=ADVANCED_FACE('',(#7161),#7136,.F.);
#7163=CARTESIAN_POINT('',(28.717275905,39.83808207,18.584147892));
#7164=DIRECTION('',(-1.,0.,0.));
#7165=DIRECTION('',(0.,0.,1.));
#7166=AXIS2_PLACEMENT_3D('',#7163,#7164,#7165);
#7167=PLANE('',#7166);
#7168=CARTESIAN_POINT('',(28.717275905,38.75808207,19.584147892));
#7169=VERTEX_POINT('',#7168);
#7170=CARTESIAN_POINT('',(28.717275905,39.83808207,19.584147892));
#7171=DIRECTION('',(0.,-1.,0.));
#7172=VECTOR('',#7171,1.08);
#7173=LINE('',#7170,#7172);
#7174=EDGE_CURVE('',#7138,#7169,#7173,.T.);
#7175=ORIENTED_EDGE('',*,*,#7174,.T.);
#7176=CARTESIAN_POINT('',(28.717275905,38.75808207,18.584147892));
#7177=VERTEX_POINT('',#7176);
#7178=CARTESIAN_POINT('',(28.717275905,38.75808207,18.584147892));
#7179=DIRECTION('',(0.,0.,1.));
#7180=VECTOR('',#7179,1.);
#7181=LINE('',#7178,#7180);
#7182=EDGE_CURVE('',#7177,#7169,#7181,.T.);
#7183=ORIENTED_EDGE('',*,*,#7182,.F.);
#7184=CARTESIAN_POINT('',(28.717275905,39.83808207,18.584147892));
#7185=DIRECTION('',(0.,-1.,0.));
#7186=VECTOR('',#7185,1.08);
#7187=LINE('',#7184,#7186);
#7188=EDGE_CURVE('',#7146,#7177,#7187,.T.);
#7189=ORIENTED_EDGE('',*,*,#7188,.F.);
#7190=ORIENTED_EDGE('',*,*,#7151,.T.);
#7191=EDGE_LOOP('',(#7175,#7183,#7189,#7190));
#7192=FACE_BOUND('',#7191,.T.);
#7193=ADVANCED_FACE('',(#7192),#7167,.F.);
#7194=CARTESIAN_POINT('',(28.717275905,38.75808207,18.584147892));
#7195=DIRECTION('',(0.,1.,0.));
#7196=DIRECTION('',(0.,0.,1.));
#7197=AXIS2_PLACEMENT_3D('',#7194,#7195,#7196);
#7198=PLANE('',#7197);
#7199=CARTESIAN_POINT('',(23.847275905,38.75808207,19.584147892));
#7200=VERTEX_POINT('',#7199);
#7201=CARTESIAN_POINT('',(28.717275905,38.75808207,19.584147892));
#7202=DIRECTION('',(-1.,0.,0.));
#7203=VECTOR('',#7202,4.87);
#7204=LINE('',#7201,#7203);
#7205=EDGE_CURVE('',#7169,#7200,#7204,.T.);
#7206=ORIENTED_EDGE('',*,*,#7205,.T.);
#7207=CARTESIAN_POINT('',(23.847275905,38.75808207,18.584147892));
#7208=VERTEX_POINT('',#7207);
#7209=CARTESIAN_POINT('',(23.847275905,38.75808207,18.584147892));
#7210=DIRECTION('',(0.,0.,1.));
#7211=VECTOR('',#7210,1.);
#7212=LINE('',#7209,#7211);
#7213=EDGE_CURVE('',#7208,#7200,#7212,.T.);
#7214=ORIENTED_EDGE('',*,*,#7213,.F.);
#7215=CARTESIAN_POINT('',(28.717275905,38.75808207,18.584147892));
#7216=DIRECTION('',(-1.,0.,0.));
#7217=VECTOR('',#7216,4.87);
#7218=LINE('',#7215,#7217);
#7219=EDGE_CURVE('',#7177,#7208,#7218,.T.);
#7220=ORIENTED_EDGE('',*,*,#7219,.F.);
#7221=ORIENTED_EDGE('',*,*,#7182,.T.);
#7222=EDGE_LOOP('',(#7206,#7214,#7220,#7221));
#7223=FACE_BOUND('',#7222,.T.);
#7224=ADVANCED_FACE('',(#7223),#7198,.F.);
#7225=CARTESIAN_POINT('',(23.847275905,38.75808207,18.584147892));
#7226=DIRECTION('',(-1.,0.,0.));
#7227=DIRECTION('',(0.,0.,1.));
#7228=AXIS2_PLACEMENT_3D('',#7225,#7226,#7227);
#7229=PLANE('',#7228);
#7230=CARTESIAN_POINT('',(23.847275905,35.33808207,19.584147892));
#7231=VERTEX_POINT('',#7230);
#7232=CARTESIAN_POINT('',(23.847275905,38.75808207,19.584147892));
#7233=DIRECTION('',(0.,-1.,0.));
#7234=VECTOR('',#7233,3.42);
#7235=LINE('',#7232,#7234);
#7236=EDGE_CURVE('',#7200,#7231,#7235,.T.);
#7237=ORIENTED_EDGE('',*,*,#7236,.T.);
#7238=CARTESIAN_POINT('',(23.847275905,35.33808207,18.584147892));
#7239=VERTEX_POINT('',#7238);
#7240=CARTESIAN_POINT('',(23.847275905,35.33808207,18.584147892));
#7241=DIRECTION('',(0.,0.,1.));
#7242=VECTOR('',#7241,1.);
#7243=LINE('',#7240,#7242);
#7244=EDGE_CURVE('',#7239,#7231,#7243,.T.);
#7245=ORIENTED_EDGE('',*,*,#7244,.F.);
#7246=CARTESIAN_POINT('',(23.847275905,38.75808207,18.584147892));
#7247=DIRECTION('',(0.,-1.,0.));
#7248=VECTOR('',#7247,3.42);
#7249=LINE('',#7246,#7248);
#7250=EDGE_CURVE('',#7208,#7239,#7249,.T.);
#7251=ORIENTED_EDGE('',*,*,#7250,.F.);
#7252=ORIENTED_EDGE('',*,*,#7213,.T.);
#7253=EDGE_LOOP('',(#7237,#7245,#7251,#7252));
#7254=FACE_BOUND('',#7253,.T.);
#7255=ADVANCED_FACE('',(#7254),#7229,.F.);
#7256=CARTESIAN_POINT('',(23.847275905,35.33808207,18.584147892));
#7257=DIRECTION('',(0.,-1.,0.));
#7258=DIRECTION('',(0.,0.,-1.));
#7259=AXIS2_PLACEMENT_3D('',#7256,#7257,#7258);
#7260=PLANE('',#7259);
#7261=CARTESIAN_POINT('',(28.397275905,35.33808207,19.584147892));
#7262=VERTEX_POINT('',#7261);
#7263=CARTESIAN_POINT('',(23.847275905,35.33808207,19.584147892));
#7264=DIRECTION('',(1.,0.,-0.));
#7265=VECTOR('',#7264,4.55);
#7266=LINE('',#7263,#7265);
#7267=EDGE_CURVE('',#7231,#7262,#7266,.T.);
#7268=ORIENTED_EDGE('',*,*,#7267,.T.);
#7269=CARTESIAN_POINT('',(28.397275905,35.33808207,18.584147892));
#7270=VERTEX_POINT('',#7269);
#7271=CARTESIAN_POINT('',(28.397275905,35.33808207,18.584147892));
#7272=DIRECTION('',(0.,0.,1.));
#7273=VECTOR('',#7272,1.);
#7274=LINE('',#7271,#7273);
#7275=EDGE_CURVE('',#7270,#7262,#7274,.T.);
#7276=ORIENTED_EDGE('',*,*,#7275,.F.);
#7277=CARTESIAN_POINT('',(23.847275905,35.33808207,18.584147892));
#7278=DIRECTION('',(1.,0.,-0.));
#7279=VECTOR('',#7278,4.55);
#7280=LINE('',#7277,#7279);
#7281=EDGE_CURVE('',#7239,#7270,#7280,.T.);
#7282=ORIENTED_EDGE('',*,*,#7281,.F.);
#7283=ORIENTED_EDGE('',*,*,#7244,.T.);
#7284=EDGE_LOOP('',(#7268,#7276,#7282,#7283));
#7285=FACE_BOUND('',#7284,.T.);
#7286=ADVANCED_FACE('',(#7285),#7260,.F.);
#7287=CARTESIAN_POINT('',(28.397275905,35.33808207,18.584147892));
#7288=DIRECTION('',(-1.,0.,0.));
#7289=DIRECTION('',(0.,0.,1.));
#7290=AXIS2_PLACEMENT_3D('',#7287,#7288,#7289);
#7291=PLANE('',#7290);
#7292=CARTESIAN_POINT('',(28.397275905,34.25808207,19.584147892));
#7293=VERTEX_POINT('',#7292);
#7294=CARTESIAN_POINT('',(28.397275905,35.33808207,19.584147892));
#7295=DIRECTION('',(0.,-1.,0.));
#7296=VECTOR('',#7295,1.08);
#7297=LINE('',#7294,#7296);
#7298=EDGE_CURVE('',#7262,#7293,#7297,.T.);
#7299=ORIENTED_EDGE('',*,*,#7298,.T.);
#7300=CARTESIAN_POINT('',(28.397275905,34.25808207,18.584147892));
#7301=VERTEX_POINT('',#7300);
#7302=CARTESIAN_POINT('',(28.397275905,34.25808207,18.584147892));
#7303=DIRECTION('',(0.,0.,1.));
#7304=VECTOR('',#7303,1.);
#7305=LINE('',#7302,#7304);
#7306=EDGE_CURVE('',#7301,#7293,#7305,.T.);
#7307=ORIENTED_EDGE('',*,*,#7306,.F.);
#7308=CARTESIAN_POINT('',(28.397275905,35.33808207,18.584147892));
#7309=DIRECTION('',(0.,-1.,0.));
#7310=VECTOR('',#7309,1.08);
#7311=LINE('',#7308,#7310);
#7312=EDGE_CURVE('',#7270,#7301,#7311,.T.);
#7313=ORIENTED_EDGE('',*,*,#7312,.F.);
#7314=ORIENTED_EDGE('',*,*,#7275,.T.);
#7315=EDGE_LOOP('',(#7299,#7307,#7313,#7314));
#7316=FACE_BOUND('',#7315,.T.);
#7317=ADVANCED_FACE('',(#7316),#7291,.F.);
#7318=CARTESIAN_POINT('',(28.397275905,34.25808207,18.584147892));
#7319=DIRECTION('',(0.,1.,0.));
#7320=DIRECTION('',(0.,0.,1.));
#7321=AXIS2_PLACEMENT_3D('',#7318,#7319,#7320);
#7322=PLANE('',#7321);
#7323=CARTESIAN_POINT('',(23.847275905,34.25808207,19.584147892));
#7324=VERTEX_POINT('',#7323);
#7325=CARTESIAN_POINT('',(28.397275905,34.25808207,19.584147892));
#7326=DIRECTION('',(-1.,0.,0.));
#7327=VECTOR('',#7326,4.55);
#7328=LINE('',#7325,#7327);
#7329=EDGE_CURVE('',#7293,#7324,#7328,.T.);
#7330=ORIENTED_EDGE('',*,*,#7329,.T.);
#7331=CARTESIAN_POINT('',(23.847275905,34.25808207,18.584147892));
#7332=VERTEX_POINT('',#7331);
#7333=CARTESIAN_POINT('',(23.847275905,34.25808207,18.584147892));
#7334=DIRECTION('',(0.,0.,1.));
#7335=VECTOR('',#7334,1.);
#7336=LINE('',#7333,#7335);
#7337=EDGE_CURVE('',#7332,#7324,#7336,.T.);
#7338=ORIENTED_EDGE('',*,*,#7337,.F.);
#7339=CARTESIAN_POINT('',(28.397275905,34.25808207,18.584147892));
#7340=DIRECTION('',(-1.,0.,0.));
#7341=VECTOR('',#7340,4.55);
#7342=LINE('',#7339,#7341);
#7343=EDGE_CURVE('',#7301,#7332,#7342,.T.);
#7344=ORIENTED_EDGE('',*,*,#7343,.F.);
#7345=ORIENTED_EDGE('',*,*,#7306,.T.);
#7346=EDGE_LOOP('',(#7330,#7338,#7344,#7345));
#7347=FACE_BOUND('',#7346,.T.);
#7348=ADVANCED_FACE('',(#7347),#7322,.F.);
#7349=CARTESIAN_POINT('',(23.847275905,34.25808207,18.584147892));
#7350=DIRECTION('',(-1.,0.,0.));
#7351=DIRECTION('',(0.,0.,1.));
#7352=AXIS2_PLACEMENT_3D('',#7349,#7350,#7351);
#7353=PLANE('',#7352);
#7354=CARTESIAN_POINT('',(23.847275905,30.82808207,19.584147892));
#7355=VERTEX_POINT('',#7354);
#7356=CARTESIAN_POINT('',(23.847275905,34.25808207,19.584147892));
#7357=DIRECTION('',(0.,-1.,0.));
#7358=VECTOR('',#7357,3.43);
#7359=LINE('',#7356,#7358);
#7360=EDGE_CURVE('',#7324,#7355,#7359,.T.);
#7361=ORIENTED_EDGE('',*,*,#7360,.T.);
#7362=CARTESIAN_POINT('',(23.847275905,30.82808207,18.584147892));
#7363=VERTEX_POINT('',#7362);
#7364=CARTESIAN_POINT('',(23.847275905,30.82808207,18.584147892));
#7365=DIRECTION('',(0.,0.,1.));
#7366=VECTOR('',#7365,1.);
#7367=LINE('',#7364,#7366);
#7368=EDGE_CURVE('',#7363,#7355,#7367,.T.);
#7369=ORIENTED_EDGE('',*,*,#7368,.F.);
#7370=CARTESIAN_POINT('',(23.847275905,34.25808207,18.584147892));
#7371=DIRECTION('',(0.,-1.,0.));
#7372=VECTOR('',#7371,3.43);
#7373=LINE('',#7370,#7372);
#7374=EDGE_CURVE('',#7332,#7363,#7373,.T.);
#7375=ORIENTED_EDGE('',*,*,#7374,.F.);
#7376=ORIENTED_EDGE('',*,*,#7337,.T.);
#7377=EDGE_LOOP('',(#7361,#7369,#7375,#7376));
#7378=FACE_BOUND('',#7377,.T.);
#7379=ADVANCED_FACE('',(#7378),#7353,.F.);
#7380=CARTESIAN_POINT('',(23.847275905,30.82808207,18.584147892));
#7381=DIRECTION('',(0.,-1.,0.));
#7382=DIRECTION('',(0.,0.,-1.));
#7383=AXIS2_PLACEMENT_3D('',#7380,#7381,#7382);
#7384=PLANE('',#7383);
#7385=CARTESIAN_POINT('',(23.847275905,30.82808207,19.584147892));
#7386=DIRECTION('',(1.,0.,-0.));
#7387=VECTOR('',#7386,4.95);
#7388=LINE('',#7385,#7387);
#7389=EDGE_CURVE('',#7355,#7036,#7388,.T.);
#7390=ORIENTED_EDGE('',*,*,#7389,.T.);
#7391=ORIENTED_EDGE('',*,*,#7065,.F.);
#7392=CARTESIAN_POINT('',(23.847275905,30.82808207,18.584147892));
#7393=DIRECTION('',(1.,0.,-0.));
#7394=VECTOR('',#7393,4.95);
#7395=LINE('',#7392,#7394);
#7396=EDGE_CURVE('',#7363,#7054,#7395,.T.);
#7397=ORIENTED_EDGE('',*,*,#7396,.F.);
#7398=ORIENTED_EDGE('',*,*,#7368,.T.);
#7399=EDGE_LOOP('',(#7390,#7391,#7397,#7398));
#7400=FACE_BOUND('',#7399,.T.);
#7401=ADVANCED_FACE('',(#7400),#7384,.F.);
#7402=CARTESIAN_POINT('',(-15.042724095,34.78808207,18.584147892));
#7403=DIRECTION('',(0.,0.,-1.));
#7404=DIRECTION('',(-1.,0.,0.));
#7405=AXIS2_PLACEMENT_3D('',#7402,#7403,#7404);
#7406=PLANE('',#7405);
#7407=ORIENTED_EDGE('',*,*,#7059,.T.);
#7408=ORIENTED_EDGE('',*,*,#7095,.T.);
#7409=ORIENTED_EDGE('',*,*,#7126,.T.);
#7410=ORIENTED_EDGE('',*,*,#7157,.T.);
#7411=ORIENTED_EDGE('',*,*,#7188,.T.);
#7412=ORIENTED_EDGE('',*,*,#7219,.T.);
#7413=ORIENTED_EDGE('',*,*,#7250,.T.);
#7414=ORIENTED_EDGE('',*,*,#7281,.T.);
#7415=ORIENTED_EDGE('',*,*,#7312,.T.);
#7416=ORIENTED_EDGE('',*,*,#7343,.T.);
#7417=ORIENTED_EDGE('',*,*,#7374,.T.);
#7418=ORIENTED_EDGE('',*,*,#7396,.T.);
#7419=EDGE_LOOP('',(#7407,#7408,#7409,#7410,#7411,#7412,#7413,#7414,#7415,#7416,#7417,#7418));
#7420=FACE_BOUND('',#7419,.T.);
#7421=ADVANCED_FACE('',(#7420),#7406,.T.);
#7422=CARTESIAN_POINT('',(-15.042724095,34.78808207,19.584147892));
#7423=DIRECTION('',(0.,0.,-1.));
#7424=DIRECTION('',(-1.,0.,0.));
#7425=AXIS2_PLACEMENT_3D('',#7422,#7423,#7424);
#7426=PLANE('',#7425);
#7427=ORIENTED_EDGE('',*,*,#7043,.F.);
#7428=ORIENTED_EDGE('',*,*,#7389,.F.);
#7429=ORIENTED_EDGE('',*,*,#7360,.F.);
#7430=ORIENTED_EDGE('',*,*,#7329,.F.);
#7431=ORIENTED_EDGE('',*,*,#7298,.F.);
#7432=ORIENTED_EDGE('',*,*,#7267,.F.);
#7433=ORIENTED_EDGE('',*,*,#7236,.F.);
#7434=ORIENTED_EDGE('',*,*,#7205,.F.);
#7435=ORIENTED_EDGE('',*,*,#7174,.F.);
#7436=ORIENTED_EDGE('',*,*,#7143,.F.);
#7437=ORIENTED_EDGE('',*,*,#7112,.F.);
#7438=ORIENTED_EDGE('',*,*,#7081,.F.);
#7439=EDGE_LOOP('',(#7427,#7428,#7429,#7430,#7431,#7432,#7433,#7434,#7435,#7436,#7437,#7438));
#7440=FACE_BOUND('',#7439,.T.);
#7441=ADVANCED_FACE('',(#7440),#7426,.F.);
#7442=CLOSED_SHELL('',(#7069,#7100,#7131,#7162,#7193,#7224,#7255,#7286,#7317,#7348,#7379,#7401,#7421,#7441));
#7443=MANIFOLD_SOLID_BREP('E',#7442);
#7029=STYLED_ITEM('',(),#7443);
#7445=CARTESIAN_POINT('',(-15.652724095,29.73808207,18.584147892));
#7446=DIRECTION('',(1.,0.,0.));
#7447=DIRECTION('',(0.,0.,-1.));
#7448=AXIS2_PLACEMENT_3D('',#7445,#7446,#7447);
#7449=PLANE('',#7448);
#7450=CARTESIAN_POINT('',(-15.652724095,29.73808207,19.584147892));
#7451=VERTEX_POINT('',#7450);
#7452=CARTESIAN_POINT('',(-15.652724095,38.75808207,19.584147892));
#7453=VERTEX_POINT('',#7452);
#7454=CARTESIAN_POINT('',(-15.652724095,29.73808207,19.584147892));
#7455=DIRECTION('',(0.,1.,0.));
#7456=VECTOR('',#7455,9.02);
#7457=LINE('',#7454,#7456);
#7458=EDGE_CURVE('',#7451,#7453,#7457,.T.);
#7459=ORIENTED_EDGE('',*,*,#7458,.T.);
#7460=CARTESIAN_POINT('',(-15.652724095,38.75808207,18.584147892));
#7461=VERTEX_POINT('',#7460);
#7462=CARTESIAN_POINT('',(-15.652724095,38.75808207,18.584147892));
#7463=DIRECTION('',(0.,0.,1.));
#7464=VECTOR('',#7463,1.);
#7465=LINE('',#7462,#7464);
#7466=EDGE_CURVE('',#7461,#7453,#7465,.T.);
#7467=ORIENTED_EDGE('',*,*,#7466,.F.);
#7468=CARTESIAN_POINT('',(-15.652724095,29.73808207,18.584147892));
#7469=VERTEX_POINT('',#7468);
#7470=CARTESIAN_POINT('',(-15.652724095,29.73808207,18.584147892));
#7471=DIRECTION('',(0.,1.,0.));
#7472=VECTOR('',#7471,9.02);
#7473=LINE('',#7470,#7472);
#7474=EDGE_CURVE('',#7469,#7461,#7473,.T.);
#7475=ORIENTED_EDGE('',*,*,#7474,.F.);
#7476=CARTESIAN_POINT('',(-15.652724095,29.73808207,18.584147892));
#7477=DIRECTION('',(0.,0.,1.));
#7478=VECTOR('',#7477,1.);
#7479=LINE('',#7476,#7478);
#7480=EDGE_CURVE('',#7469,#7451,#7479,.T.);
#7481=ORIENTED_EDGE('',*,*,#7480,.T.);
#7482=EDGE_LOOP('',(#7459,#7467,#7475,#7481));
#7483=FACE_BOUND('',#7482,.T.);
#7484=ADVANCED_FACE('',(#7483),#7449,.F.);
#7485=CARTESIAN_POINT('',(-15.652724095,38.75808207,18.584147892));
#7486=DIRECTION('',(0.,1.,0.));
#7487=DIRECTION('',(0.,0.,1.));
#7488=AXIS2_PLACEMENT_3D('',#7485,#7486,#7487);
#7489=PLANE('',#7488);
#7490=CARTESIAN_POINT('',(-18.832724095,38.75808207,19.584147892));
#7491=VERTEX_POINT('',#7490);
#7492=CARTESIAN_POINT('',(-15.652724095,38.75808207,19.584147892));
#7493=DIRECTION('',(-1.,0.,0.));
#7494=VECTOR('',#7493,3.18);
#7495=LINE('',#7492,#7494);
#7496=EDGE_CURVE('',#7453,#7491,#7495,.T.);
#7497=ORIENTED_EDGE('',*,*,#7496,.T.);
#7498=CARTESIAN_POINT('',(-18.832724095,38.75808207,18.584147892));
#7499=VERTEX_POINT('',#7498);
#7500=CARTESIAN_POINT('',(-18.832724095,38.75808207,18.584147892));
#7501=DIRECTION('',(0.,0.,1.));
#7502=VECTOR('',#7501,1.);
#7503=LINE('',#7500,#7502);
#7504=EDGE_CURVE('',#7499,#7491,#7503,.T.);
#7505=ORIENTED_EDGE('',*,*,#7504,.F.);
#7506=CARTESIAN_POINT('',(-15.652724095,38.75808207,18.584147892));
#7507=DIRECTION('',(-1.,0.,0.));
#7508=VECTOR('',#7507,3.18);
#7509=LINE('',#7506,#7508);
#7510=EDGE_CURVE('',#7461,#7499,#7509,.T.);
#7511=ORIENTED_EDGE('',*,*,#7510,.F.);
#7512=ORIENTED_EDGE('',*,*,#7466,.T.);
#7513=EDGE_LOOP('',(#7497,#7505,#7511,#7512));
#7514=FACE_BOUND('',#7513,.T.);
#7515=ADVANCED_FACE('',(#7514),#7489,.F.);
#7516=CARTESIAN_POINT('',(-18.832724095,38.75808207,18.584147892));
#7517=DIRECTION('',(1.,0.,0.));
#7518=DIRECTION('',(0.,0.,-1.));
#7519=AXIS2_PLACEMENT_3D('',#7516,#7517,#7518);
#7520=PLANE('',#7519);
#7521=CARTESIAN_POINT('',(-18.832724095,39.83808207,19.584147892));
#7522=VERTEX_POINT('',#7521);
#7523=CARTESIAN_POINT('',(-18.832724095,38.75808207,19.584147892));
#7524=DIRECTION('',(0.,1.,0.));
#7525=VECTOR('',#7524,1.08);
#7526=LINE('',#7523,#7525);
#7527=EDGE_CURVE('',#7491,#7522,#7526,.T.);
#7528=ORIENTED_EDGE('',*,*,#7527,.T.);
#7529=CARTESIAN_POINT('',(-18.832724095,39.83808207,18.584147892));
#7530=VERTEX_POINT('',#7529);
#7531=CARTESIAN_POINT('',(-18.832724095,39.83808207,18.584147892));
#7532=DIRECTION('',(0.,0.,1.));
#7533=VECTOR('',#7532,1.);
#7534=LINE('',#7531,#7533);
#7535=EDGE_CURVE('',#7530,#7522,#7534,.T.);
#7536=ORIENTED_EDGE('',*,*,#7535,.F.);
#7537=CARTESIAN_POINT('',(-18.832724095,38.75808207,18.584147892));
#7538=DIRECTION('',(0.,1.,0.));
#7539=VECTOR('',#7538,1.08);
#7540=LINE('',#7537,#7539);
#7541=EDGE_CURVE('',#7499,#7530,#7540,.T.);
#7542=ORIENTED_EDGE('',*,*,#7541,.F.);
#7543=ORIENTED_EDGE('',*,*,#7504,.T.);
#7544=EDGE_LOOP('',(#7528,#7536,#7542,#7543));
#7545=FACE_BOUND('',#7544,.T.);
#7546=ADVANCED_FACE('',(#7545),#7520,.F.);
#7547=CARTESIAN_POINT('',(-18.832724095,39.83808207,18.584147892));
#7548=DIRECTION('',(0.,-1.,0.));
#7549=DIRECTION('',(0.,0.,-1.));
#7550=AXIS2_PLACEMENT_3D('',#7547,#7548,#7549);
#7551=PLANE('',#7550);
#7552=CARTESIAN_POINT('',(-11.252724095,39.83808207,19.584147892));
#7553=VERTEX_POINT('',#7552);
#7554=CARTESIAN_POINT('',(-18.832724095,39.83808207,19.584147892));
#7555=DIRECTION('',(1.,0.,-0.));
#7556=VECTOR('',#7555,7.58);
#7557=LINE('',#7554,#7556);
#7558=EDGE_CURVE('',#7522,#7553,#7557,.T.);
#7559=ORIENTED_EDGE('',*,*,#7558,.T.);
#7560=CARTESIAN_POINT('',(-11.252724095,39.83808207,18.584147892));
#7561=VERTEX_POINT('',#7560);
#7562=CARTESIAN_POINT('',(-11.252724095,39.83808207,18.584147892));
#7563=DIRECTION('',(0.,0.,1.));
#7564=VECTOR('',#7563,1.);
#7565=LINE('',#7562,#7564);
#7566=EDGE_CURVE('',#7561,#7553,#7565,.T.);
#7567=ORIENTED_EDGE('',*,*,#7566,.F.);
#7568=CARTESIAN_POINT('',(-18.832724095,39.83808207,18.584147892));
#7569=DIRECTION('',(1.,0.,-0.));
#7570=VECTOR('',#7569,7.58);
#7571=LINE('',#7568,#7570);
#7572=EDGE_CURVE('',#7530,#7561,#7571,.T.);
#7573=ORIENTED_EDGE('',*,*,#7572,.F.);
#7574=ORIENTED_EDGE('',*,*,#7535,.T.);
#7575=EDGE_LOOP('',(#7559,#7567,#7573,#7574));
#7576=FACE_BOUND('',#7575,.T.);
#7577=ADVANCED_FACE('',(#7576),#7551,.F.);
#7578=CARTESIAN_POINT('',(-11.252724095,39.83808207,18.584147892));
#7579=DIRECTION('',(-1.,0.,0.));
#7580=DIRECTION('',(0.,0.,1.));
#7581=AXIS2_PLACEMENT_3D('',#7578,#7579,#7580);
#7582=PLANE('',#7581);
#7583=CARTESIAN_POINT('',(-11.252724095,38.75808207,19.584147892));
#7584=VERTEX_POINT('',#7583);
#7585=CARTESIAN_POINT('',(-11.252724095,39.83808207,19.584147892));
#7586=DIRECTION('',(0.,-1.,0.));
#7587=VECTOR('',#7586,1.08);
#7588=LINE('',#7585,#7587);
#7589=EDGE_CURVE('',#7553,#7584,#7588,.T.);
#7590=ORIENTED_EDGE('',*,*,#7589,.T.);
#7591=CARTESIAN_POINT('',(-11.252724095,38.75808207,18.584147892));
#7592=VERTEX_POINT('',#7591);
#7593=CARTESIAN_POINT('',(-11.252724095,38.75808207,18.584147892));
#7594=DIRECTION('',(0.,0.,1.));
#7595=VECTOR('',#7594,1.);
#7596=LINE('',#7593,#7595);
#7597=EDGE_CURVE('',#7592,#7584,#7596,.T.);
#7598=ORIENTED_EDGE('',*,*,#7597,.F.);
#7599=CARTESIAN_POINT('',(-11.252724095,39.83808207,18.584147892));
#7600=DIRECTION('',(0.,-1.,0.));
#7601=VECTOR('',#7600,1.08);
#7602=LINE('',#7599,#7601);
#7603=EDGE_CURVE('',#7561,#7592,#7602,.T.);
#7604=ORIENTED_EDGE('',*,*,#7603,.F.);
#7605=ORIENTED_EDGE('',*,*,#7566,.T.);
#7606=EDGE_LOOP('',(#7590,#7598,#7604,#7605));
#7607=FACE_BOUND('',#7606,.T.);
#7608=ADVANCED_FACE('',(#7607),#7582,.F.);
#7609=CARTESIAN_POINT('',(-11.252724095,38.75808207,18.584147892));
#7610=DIRECTION('',(0.,1.,0.));
#7611=DIRECTION('',(0.,0.,1.));
#7612=AXIS2_PLACEMENT_3D('',#7609,#7610,#7611);
#7613=PLANE('',#7612);
#7614=CARTESIAN_POINT('',(-14.432724095,38.75808207,19.584147892));
#7615=VERTEX_POINT('',#7614);
#7616=CARTESIAN_POINT('',(-11.252724095,38.75808207,19.584147892));
#7617=DIRECTION('',(-1.,0.,0.));
#7618=VECTOR('',#7617,3.18);
#7619=LINE('',#7616,#7618);
#7620=EDGE_CURVE('',#7584,#7615,#7619,.T.);
#7621=ORIENTED_EDGE('',*,*,#7620,.T.);
#7622=CARTESIAN_POINT('',(-14.432724095,38.75808207,18.584147892));
#7623=VERTEX_POINT('',#7622);
#7624=CARTESIAN_POINT('',(-14.432724095,38.75808207,18.584147892));
#7625=DIRECTION('',(0.,0.,1.));
#7626=VECTOR('',#7625,1.);
#7627=LINE('',#7624,#7626);
#7628=EDGE_CURVE('',#7623,#7615,#7627,.T.);
#7629=ORIENTED_EDGE('',*,*,#7628,.F.);
#7630=CARTESIAN_POINT('',(-11.252724095,38.75808207,18.584147892));
#7631=DIRECTION('',(-1.,0.,0.));
#7632=VECTOR('',#7631,3.18);
#7633=LINE('',#7630,#7632);
#7634=EDGE_CURVE('',#7592,#7623,#7633,.T.);
#7635=ORIENTED_EDGE('',*,*,#7634,.F.);
#7636=ORIENTED_EDGE('',*,*,#7597,.T.);
#7637=EDGE_LOOP('',(#7621,#7629,#7635,#7636));
#7638=FACE_BOUND('',#7637,.T.);
#7639=ADVANCED_FACE('',(#7638),#7613,.F.);
#7640=CARTESIAN_POINT('',(-14.432724095,38.75808207,18.584147892));
#7641=DIRECTION('',(-1.,0.,0.));
#7642=DIRECTION('',(0.,0.,1.));
#7643=AXIS2_PLACEMENT_3D('',#7640,#7641,#7642);
#7644=PLANE('',#7643);
#7645=CARTESIAN_POINT('',(-14.432724095,29.73808207,19.584147892));
#7646=VERTEX_POINT('',#7645);
#7647=CARTESIAN_POINT('',(-14.432724095,38.75808207,19.584147892));
#7648=DIRECTION('',(0.,-1.,0.));
#7649=VECTOR('',#7648,9.02);
#7650=LINE('',#7647,#7649);
#7651=EDGE_CURVE('',#7615,#7646,#7650,.T.);
#7652=ORIENTED_EDGE('',*,*,#7651,.T.);
#7653=CARTESIAN_POINT('',(-14.432724095,29.73808207,18.584147892));
#7654=VERTEX_POINT('',#7653);
#7655=CARTESIAN_POINT('',(-14.432724095,29.73808207,18.584147892));
#7656=DIRECTION('',(0.,0.,1.));
#7657=VECTOR('',#7656,1.);
#7658=LINE('',#7655,#7657);
#7659=EDGE_CURVE('',#7654,#7646,#7658,.T.);
#7660=ORIENTED_EDGE('',*,*,#7659,.F.);
#7661=CARTESIAN_POINT('',(-14.432724095,38.75808207,18.584147892));
#7662=DIRECTION('',(0.,-1.,0.));
#7663=VECTOR('',#7662,9.02);
#7664=LINE('',#7661,#7663);
#7665=EDGE_CURVE('',#7623,#7654,#7664,.T.);
#7666=ORIENTED_EDGE('',*,*,#7665,.F.);
#7667=ORIENTED_EDGE('',*,*,#7628,.T.);
#7668=EDGE_LOOP('',(#7652,#7660,#7666,#7667));
#7669=FACE_BOUND('',#7668,.T.);
#7670=ADVANCED_FACE('',(#7669),#7644,.F.);
#7671=CARTESIAN_POINT('',(-14.432724095,29.73808207,18.584147892));
#7672=DIRECTION('',(0.,1.,0.));
#7673=DIRECTION('',(0.,0.,1.));
#7674=AXIS2_PLACEMENT_3D('',#7671,#7672,#7673);
#7675=PLANE('',#7674);
#7676=CARTESIAN_POINT('',(-14.432724095,29.73808207,19.584147892));
#7677=DIRECTION('',(-1.,0.,0.));
#7678=VECTOR('',#7677,1.22);
#7679=LINE('',#7676,#7678);
#7680=EDGE_CURVE('',#7646,#7451,#7679,.T.);
#7681=ORIENTED_EDGE('',*,*,#7680,.T.);
#7682=ORIENTED_EDGE('',*,*,#7480,.F.);
#7683=CARTESIAN_POINT('',(-14.432724095,29.73808207,18.584147892));
#7684=DIRECTION('',(-1.,0.,0.));
#7685=VECTOR('',#7684,1.22);
#7686=LINE('',#7683,#7685);
#7687=EDGE_CURVE('',#7654,#7469,#7686,.T.);
#7688=ORIENTED_EDGE('',*,*,#7687,.F.);
#7689=ORIENTED_EDGE('',*,*,#7659,.T.);
#7690=EDGE_LOOP('',(#7681,#7682,#7688,#7689));
#7691=FACE_BOUND('',#7690,.T.);
#7692=ADVANCED_FACE('',(#7691),#7675,.F.);
#7693=CARTESIAN_POINT('',(-15.042724095,34.78808207,18.584147892));
#7694=DIRECTION('',(0.,0.,-1.));
#7695=DIRECTION('',(-1.,0.,0.));
#7696=AXIS2_PLACEMENT_3D('',#7693,#7694,#7695);
#7697=PLANE('',#7696);
#7698=ORIENTED_EDGE('',*,*,#7474,.T.);
#7699=ORIENTED_EDGE('',*,*,#7510,.T.);
#7700=ORIENTED_EDGE('',*,*,#7541,.T.);
#7701=ORIENTED_EDGE('',*,*,#7572,.T.);
#7702=ORIENTED_EDGE('',*,*,#7603,.T.);
#7703=ORIENTED_EDGE('',*,*,#7634,.T.);
#7704=ORIENTED_EDGE('',*,*,#7665,.T.);
#7705=ORIENTED_EDGE('',*,*,#7687,.T.);
#7706=EDGE_LOOP('',(#7698,#7699,#7700,#7701,#7702,#7703,#7704,#7705));
#7707=FACE_BOUND('',#7706,.T.);
#7708=ADVANCED_FACE('',(#7707),#7697,.T.);
#7709=CARTESIAN_POINT('',(-15.042724095,34.78808207,19.584147892));
#7710=DIRECTION('',(0.,0.,-1.));
#7711=DIRECTION('',(-1.,0.,0.));
#7712=AXIS2_PLACEMENT_3D('',#7709,#7710,#7711);
#7713=PLANE('',#7712);
#7714=ORIENTED_EDGE('',*,*,#7458,.F.);
#7715=ORIENTED_EDGE('',*,*,#7680,.F.);
#7716=ORIENTED_EDGE('',*,*,#7651,.F.);
#7717=ORIENTED_EDGE('',*,*,#7620,.F.);
#7718=ORIENTED_EDGE('',*,*,#7589,.F.);
#7719=ORIENTED_EDGE('',*,*,#7558,.F.);
#7720=ORIENTED_EDGE('',*,*,#7527,.F.);
#7721=ORIENTED_EDGE('',*,*,#7496,.F.);
#7722=EDGE_LOOP('',(#7714,#7715,#7716,#7717,#7718,#7719,#7720,#7721));
#7723=FACE_BOUND('',#7722,.T.);
#7724=ADVANCED_FACE('',(#7723),#7713,.F.);
#7725=CLOSED_SHELL('',(#7484,#7515,#7546,#7577,#7608,#7639,#7670,#7692,#7708,#7724));
#7726=MANIFOLD_SOLID_BREP('T',#7725);
#7444=STYLED_ITEM('',(),#7726);
#5006=SHAPE_REPRESENTATION('TIPTOE Front Text',(#5005),#5000);
#5007=ADVANCED_BREP_SHAPE_REPRESENTATION('TIPTOE Front Text',(#5731,#5882,#6165,#7028,#7443,#7726),#5000);
#7734=SHAPE_REPRESENTATION_RELATIONSHIP('','',#5006,#5007);
#5014=PRODUCT('0','0','',(#3457));
#7735=PRODUCT_RELATED_PRODUCT_CATEGORY('part','',(#5014));
#7736=PRODUCT_DEFINITION_FORMATION_WITH_SPECIFIED_SOURCE('','',#5014,.NOT_KNOWN.);
#5015=PRODUCT_DEFINITION('design','',#7736,#3458);
#5013=PRODUCT_DEFINITION_SHAPE('','',#5015);
#7737=SHAPE_DEFINITION_REPRESENTATION(#5013,#5006);
#5001=DRAUGHTING_MODEL('',(),#5000);
#7738=(NAMED_UNIT(*)PLANE_ANGLE_UNIT()SI_UNIT($,.RADIAN.));
#7739=PLANE_ANGLE_MEASURE_WITH_UNIT(PLANE_ANGLE_MEASURE(0.0174532925),#7738);
#7740=(CONVERSION_BASED_UNIT('DEGREE',#7739)NAMED_UNIT(#7741)PLANE_ANGLE_UNIT());
#7741=DIMENSIONAL_EXPONENTS(0.,0.,0.,0.,0.,0.,0.);
#7742=(NAMED_UNIT(*)SI_UNIT($,.STERADIAN.)SOLID_ANGLE_UNIT());
#7743=(LENGTH_UNIT()NAMED_UNIT(*)SI_UNIT(.MILLI.,.METRE.));
#7744=UNCERTAINTY_MEASURE_WITH_UNIT(LENGTH_MEASURE(1.000000E-05),#7743,'DISTANCE_ACCURACY_VALUE','Maximum Tolerance applied to model');
#7745=(GEOMETRIC_REPRESENTATION_CONTEXT(3)GLOBAL_UNCERTAINTY_ASSIGNED_CONTEXT((#7744))GLOBAL_UNIT_ASSIGNED_CONTEXT((#7743,#7740,#7742))REPRESENTATION_CONTEXT('','0'));
#7747=CARTESIAN_POINT('',(0.,0.,0.));
#7748=DIRECTION('',(0.,0.,1.));
#7749=DIRECTION('',(1.,0.,0.));
#7750=AXIS2_PLACEMENT_3D('',#7747,#7748,#7749);
#7761=CARTESIAN_POINT('',(0.,0.,0.));
#7762=DIRECTION('',(0.,0.,1.));
#7763=DIRECTION('',(1.,0.,-0.));
#7764=AXIS2_PLACEMENT_3D('',#7761,#7762,#7763);
#7765=ITEM_DEFINED_TRANSFORMATION('','',#7764,#7750);
#7766=(REPRESENTATION_RELATIONSHIP('','',#7751,#3486)REPRESENTATION_RELATIONSHIP_WITH_TRANSFORMATION(#7765)SHAPE_REPRESENTATION_RELATIONSHIP());
#7767=NEXT_ASSEMBLY_USAGE_OCCURRENCE('Top Texture_5','Top Texture','Top Texture',#3495,#7760,$);
#7768=PRODUCT_DEFINITION_SHAPE('','',#7767);
#7769=CONTEXT_DEPENDENT_SHAPE_REPRESENTATION(#7766,#7768);
#7771=CARTESIAN_POINT('',(-44.033274573,50.615673038,19.6000508));
#7772=DIRECTION('',(0.853327869,-0.521374672,0.));
#7773=DIRECTION('',(0.521374672,0.853327869,0.));
#7774=AXIS2_PLACEMENT_3D('',#7771,#7772,#7773);
#7775=PLANE('',#7774);
#7776=CARTESIAN_POINT('',(-44.531831278,49.799691071,18.6000508));
#7777=VERTEX_POINT('',#7776);
#7778=CARTESIAN_POINT('',(-44.531831278,49.799691071,19.6000508));
#7779=VERTEX_POINT('',#7778);
#7780=CARTESIAN_POINT('',(-44.531831278,49.799691071,18.6000508));
#7781=DIRECTION('',(0.,0.,1.));
#7782=VECTOR('',#7781,1.);
#7783=LINE('',#7780,#7782);
#7784=EDGE_CURVE('',#7777,#7779,#7783,.T.);
#7785=ORIENTED_EDGE('',*,*,#7784,.F.);
#7786=CARTESIAN_POINT('',(-45.75381099,47.799691071,18.6000508));
#7787=VERTEX_POINT('',#7786);
#7788=CARTESIAN_POINT('',(-44.531831278,49.799691071,18.6000508));
#7789=DIRECTION('',(-0.521374672,-0.853327869,0.));
#7790=VECTOR('',#7789,2.343765009);
#7791=LINE('',#7788,#7790);
#7792=EDGE_CURVE('',#7777,#7787,#7791,.T.);
#7793=ORIENTED_EDGE('',*,*,#7792,.T.);
#7794=CARTESIAN_POINT('',(-45.75381099,47.799691071,19.6000508));
#7795=VERTEX_POINT('',#7794);
#7796=CARTESIAN_POINT('',(-45.75381099,47.799691071,19.6000508));
#7797=DIRECTION('',(0.,0.,-1.));
#7798=VECTOR('',#7797,1.);
#7799=LINE('',#7796,#7798);
#7800=EDGE_CURVE('',#7795,#7787,#7799,.T.);
#7801=ORIENTED_EDGE('',*,*,#7800,.F.);
#7802=CARTESIAN_POINT('',(-44.531831278,49.799691071,19.6000508));
#7803=DIRECTION('',(-0.521374672,-0.853327869,0.));
#7804=VECTOR('',#7803,2.343765009);
#7805=LINE('',#7802,#7804);
#7806=EDGE_CURVE('',#7779,#7795,#7805,.T.);
#7807=ORIENTED_EDGE('',*,*,#7806,.F.);
#7808=EDGE_LOOP('',(#7785,#7793,#7801,#7807));
#7809=FACE_BOUND('',#7808,.T.);
#7810=ADVANCED_FACE('',(#7809),#7775,.F.);
#7811=CARTESIAN_POINT('',(-39.503858361,49.799691073,19.6000508));
#7812=CARTESIAN_POINT('',(-39.503858361,49.799691073,18.6000508));
#7813=CARTESIAN_POINT('',(-31.365268153,47.262387562,19.6000508));
#7814=CARTESIAN_POINT('',(-31.365268153,47.262387562,18.6000508));
#7815=CARTESIAN_POINT('',(-27.245865694,39.470924556,19.6000508));
#7816=CARTESIAN_POINT('',(-27.245865694,39.470924556,18.6000508));
#7817=CARTESIAN_POINT('',(-24.055136428,31.201552788,19.6000508));
#7818=CARTESIAN_POINT('',(-24.055136428,31.201552788,18.6000508));
#7819=B_SPLINE_SURFACE_WITH_KNOTS('',3,1,((#7811,#7812),(#7813,#7814),(#7815,#7816),(#7817,#7818)),.UNSPECIFIED.,.F.,.F.,.U.,(4,4),(2,2),(0.032264888,0.221475064),(0.,1.),.UNSPECIFIED.);
#7820=CARTESIAN_POINT('',(-39.503858323,49.799691061,18.6000508));
#7821=VERTEX_POINT('',#7820);
#7822=CARTESIAN_POINT('',(-37.372752925,48.976920171,18.6000508));
#7823=VERTEX_POINT('',#7822);
#7824=CARTESIAN_POINT('',(-39.50385833,49.799691063,18.6000508));
#7825=CARTESIAN_POINT('',(-38.760767941,49.568023684,18.6000508));
#7826=CARTESIAN_POINT('',(-38.051183602,49.292554886,18.6000508));
#7827=CARTESIAN_POINT('',(-37.372752928,48.976920173,18.6000508));
#7828=B_SPLINE_CURVE_WITH_KNOTS('',3,(#7824,#7825,#7826,#7827),.UNSPECIFIED.,.F.,.F.,(4,4),(0.032264888,0.04954064),.UNSPECIFIED.);
#7829=EDGE_CURVE('',#7821,#7823,#7828,.T.);
#7830=ORIENTED_EDGE('',*,*,#7829,.F.);
#7831=CARTESIAN_POINT('',(-39.503858354,49.799691071,19.6000508));
#7832=VERTEX_POINT('',#7831);
#7833=CARTESIAN_POINT('',(-39.503858354,49.799691071,18.6000508));
#7834=DIRECTION('',(-0.,-0.,1.));
#7835=VECTOR('',#7834,1.);
#7836=LINE('',#7833,#7835);
#7837=EDGE_CURVE('',#7821,#7832,#7836,.T.);
#7838=ORIENTED_EDGE('',*,*,#7837,.T.);
#7839=CARTESIAN_POINT('',(-24.055136428,31.201552788,19.6000508));
#7840=VERTEX_POINT('',#7839);
#7841=CARTESIAN_POINT('',(-39.503858361,49.799691073,19.6000508));
#7842=CARTESIAN_POINT('',(-31.365268153,47.262387562,19.6000508));
#7843=CARTESIAN_POINT('',(-27.245865693,39.470924555,19.6000508));
#7844=CARTESIAN_POINT('',(-24.055136427,31.201552787,19.6000508));
#7845=B_SPLINE_CURVE_WITH_KNOTS('',3,(#7841,#7842,#7843,#7844),.UNSPECIFIED.,.F.,.F.,(4,4),(0.032264888,0.221475064),.UNSPECIFIED.);
#7846=EDGE_CURVE('',#7832,#7840,#7845,.T.);
#7847=ORIENTED_EDGE('',*,*,#7846,.T.);
#7848=CARTESIAN_POINT('',(-24.055136428,31.201552788,18.6000508));
#7849=VERTEX_POINT('',#7848);
#7850=CARTESIAN_POINT('',(-24.055136428,31.201552788,19.6000508));
#7851=DIRECTION('',(0.,0.,-1.));
#7852=VECTOR('',#7851,1.);
#7853=LINE('',#7850,#7852);
#7854=EDGE_CURVE('',#7840,#7849,#7853,.T.);
#7855=ORIENTED_EDGE('',*,*,#7854,.T.);
#7856=CARTESIAN_POINT('',(-37.372752928,48.976920173,18.6000508));
#7857=CARTESIAN_POINT('',(-30.620769598,45.835611258,18.6000508));
#7858=CARTESIAN_POINT('',(-26.954537561,38.715893203,18.6000508));
#7859=CARTESIAN_POINT('',(-24.055136427,31.201552787,18.6000508));
#7860=B_SPLINE_CURVE_WITH_KNOTS('',3,(#7856,#7857,#7858,#7859),.UNSPECIFIED.,.F.,.F.,(4,4),(0.04954064,0.221475064),.UNSPECIFIED.);
#7861=EDGE_CURVE('',#7823,#7849,#7860,.T.);
#7862=ORIENTED_EDGE('',*,*,#7861,.F.);
#7863=EDGE_LOOP('',(#7830,#7838,#7847,#7855,#7862));
#7864=FACE_BOUND('',#7863,.T.);
#7865=ADVANCED_FACE('',(#7864),#7819,.T.);
#7866=CARTESIAN_POINT('',(23.113044952,-4.245477658,19.6000508));
#7867=DIRECTION('',(0.,0.,-1.));
#7868=DIRECTION('',(-1.,0.,0.));
#7869=AXIS2_PLACEMENT_3D('',#7866,#7867,#7868);
#7870=PLANE('',#7869);
#7871=CARTESIAN_POINT('',(-44.531831278,49.799691071,19.6000508));
#7872=DIRECTION('',(1.,0.,-0.));
#7873=VECTOR('',#7872,5.027972923);
#7874=LINE('',#7871,#7873);
#7875=EDGE_CURVE('',#7779,#7832,#7874,.T.);
#7876=ORIENTED_EDGE('',*,*,#7875,.F.);
#7877=ORIENTED_EDGE('',*,*,#7806,.T.);
#7878=CARTESIAN_POINT('',(-26.525496494,30.272529294,19.6000508));
#7879=VERTEX_POINT('',#7878);
#7880=CARTESIAN_POINT('',(-45.75381099,47.799691071,19.6000508));
#7881=CARTESIAN_POINT('',(-35.251931113,47.136161276,19.6000508));
#7882=CARTESIAN_POINT('',(-30.191475607,39.208982206,19.6000508));
#7883=CARTESIAN_POINT('',(-26.525496487,30.272529279,19.6000508));
#7884=B_SPLINE_CURVE_WITH_KNOTS('',3,(#7880,#7881,#7882,#7883),.UNSPECIFIED.,.F.,.F.,(4,4),(0.,0.207003061),.UNSPECIFIED.);
#7885=EDGE_CURVE('',#7795,#7879,#7884,.T.);
#7886=ORIENTED_EDGE('',*,*,#7885,.T.);
#7887=CARTESIAN_POINT('',(-24.055136428,31.201552788,19.6000508));
#7888=CARTESIAN_POINT('',(-24.915884654,30.904831808,19.6000508));
#7889=CARTESIAN_POINT('',(-25.739337993,30.595157317,19.6000508));
#7890=CARTESIAN_POINT('',(-26.525496445,30.272529314,19.6000508));
#7891=B_SPLINE_CURVE_WITH_KNOTS('',3,(#7887,#7888,#7889,#7890),.UNSPECIFIED.,.F.,.F.,(4,4),(0.,0.051345571),.UNSPECIFIED.);
#7892=EDGE_CURVE('',#7840,#7879,#7891,.T.);
#7893=ORIENTED_EDGE('',*,*,#7892,.F.);
#7894=ORIENTED_EDGE('',*,*,#7846,.F.);
#7895=EDGE_LOOP('',(#7876,#7877,#7886,#7893,#7894));
#7896=FACE_BOUND('',#7895,.T.);
#7897=ADVANCED_FACE('',(#7896),#7870,.F.);
#7898=CARTESIAN_POINT('',(23.113044952,-4.245477658,18.6000508));
#7899=DIRECTION('',(0.,0.,-1.));
#7900=DIRECTION('',(-1.,0.,0.));
#7901=AXIS2_PLACEMENT_3D('',#7898,#7899,#7900);
#7902=PLANE('',#7901);
#7903=ORIENTED_EDGE('',*,*,#7792,.F.);
#7904=CARTESIAN_POINT('',(-44.531831278,49.799691071,18.6000508));
#7905=DIRECTION('',(1.,0.,-0.));
#7906=VECTOR('',#7905,5.027972955);
#7907=LINE('',#7904,#7906);
#7908=EDGE_CURVE('',#7777,#7821,#7907,.T.);
#7909=ORIENTED_EDGE('',*,*,#7908,.T.);
#7910=ORIENTED_EDGE('',*,*,#7829,.T.);
#7911=CARTESIAN_POINT('',(-37.372752935,45.236671737,18.6000508));
#7912=VERTEX_POINT('',#7911);
#7913=CARTESIAN_POINT('',(-37.372752925,45.236671737,18.6000508));
#7914=DIRECTION('',(0.,1.,0.));
#7915=VECTOR('',#7914,3.740248434);
#7916=LINE('',#7913,#7915);
#7917=EDGE_CURVE('',#7912,#7823,#7916,.T.);
#7918=ORIENTED_EDGE('',*,*,#7917,.F.);
#7919=CARTESIAN_POINT('',(-45.75381099,47.799691071,18.6000508));
#7920=CARTESIAN_POINT('',(-42.469074058,47.592154816,18.6000508));
#7921=CARTESIAN_POINT('',(-39.716665593,46.674023866,18.6000508));
#7922=CARTESIAN_POINT('',(-37.372754914,45.236672951,18.6000508));
#7923=B_SPLINE_CURVE_WITH_KNOTS('',3,(#7919,#7920,#7921,#7922),.UNSPECIFIED.,.F.,.F.,(4,4),(0.,0.064745608),.UNSPECIFIED.);
#7924=EDGE_CURVE('',#7787,#7912,#7923,.T.);
#7925=ORIENTED_EDGE('',*,*,#7924,.F.);
#7926=EDGE_LOOP('',(#7903,#7909,#7910,#7918,#7925));
#7927=FACE_BOUND('',#7926,.T.);
#7928=ADVANCED_FACE('',(#7927),#7902,.T.);
#7929=CARTESIAN_POINT('',(23.113044952,-4.245477658,18.6000508));
#7930=DIRECTION('',(0.,0.,-1.));
#7931=DIRECTION('',(-1.,0.,0.));
#7932=AXIS2_PLACEMENT_3D('',#7929,#7930,#7931);
#7933=PLANE('',#7932);
#7934=CARTESIAN_POINT('',(-26.525496494,30.272529294,18.6000508));
#7935=VERTEX_POINT('',#7934);
#7936=CARTESIAN_POINT('',(-37.372754914,45.236672951,18.6000508));
#7937=CARTESIAN_POINT('',(-32.2227722,42.078560983,18.6000508));
#7938=CARTESIAN_POINT('',(-29.044844989,36.413873395,18.6000508));
#7939=CARTESIAN_POINT('',(-26.525496487,30.272529279,18.6000508));
#7940=B_SPLINE_CURVE_WITH_KNOTS('',3,(#7936,#7937,#7938,#7939),.UNSPECIFIED.,.F.,.F.,(4,4),(0.064745608,0.207003061),.UNSPECIFIED.);
#7941=EDGE_CURVE('',#7912,#7935,#7940,.T.);
#7942=ORIENTED_EDGE('',*,*,#7941,.F.);
#7943=ORIENTED_EDGE('',*,*,#7917,.T.);
#7944=ORIENTED_EDGE('',*,*,#7861,.T.);
#7945=CARTESIAN_POINT('',(-24.055136428,31.201552788,18.6000508));
#7946=CARTESIAN_POINT('',(-24.915884654,30.904831808,18.6000508));
#7947=CARTESIAN_POINT('',(-25.739337993,30.595157317,18.6000508));
#7948=CARTESIAN_POINT('',(-26.525496445,30.272529314,18.6000508));
#7949=B_SPLINE_CURVE_WITH_KNOTS('',3,(#7945,#7946,#7947,#7948),.UNSPECIFIED.,.F.,.F.,(4,4),(0.,0.051345571),.UNSPECIFIED.);
#7950=EDGE_CURVE('',#7849,#7935,#7949,.T.);
#7951=ORIENTED_EDGE('',*,*,#7950,.T.);
#7952=EDGE_LOOP('',(#7942,#7943,#7944,#7951));
#7953=FACE_BOUND('',#7952,.T.);
#7954=ADVANCED_FACE('',(#7953),#7933,.T.);
#7955=CARTESIAN_POINT('',(-45.75381099,47.799691071,19.6000508));
#7956=CARTESIAN_POINT('',(-45.75381099,47.799691071,18.6000508));
#7957=CARTESIAN_POINT('',(-35.251931113,47.136161276,19.6000508));
#7958=CARTESIAN_POINT('',(-35.251931113,47.136161276,18.6000508));
#7959=CARTESIAN_POINT('',(-30.191475607,39.208982206,19.6000508));
#7960=CARTESIAN_POINT('',(-30.191475607,39.208982206,18.6000508));
#7961=CARTESIAN_POINT('',(-26.525496487,30.272529279,19.6000508));
#7962=CARTESIAN_POINT('',(-26.525496487,30.272529279,18.6000508));
#7963=B_SPLINE_SURFACE_WITH_KNOTS('',3,1,((#7955,#7956),(#7957,#7958),(#7959,#7960),(#7961,#7962)),.UNSPECIFIED.,.F.,.F.,.U.,(4,4),(2,2),(0.,0.207003061),(0.,1.),.UNSPECIFIED.);
#7964=ORIENTED_EDGE('',*,*,#7924,.T.);
#7965=ORIENTED_EDGE('',*,*,#7941,.T.);
#7966=CARTESIAN_POINT('',(-26.525496494,30.272529294,19.6000508));
#7967=DIRECTION('',(0.,0.,-1.));
#7968=VECTOR('',#7967,1.);
#7969=LINE('',#7966,#7968);
#7970=EDGE_CURVE('',#7879,#7935,#7969,.T.);
#7971=ORIENTED_EDGE('',*,*,#7970,.F.);
#7972=ORIENTED_EDGE('',*,*,#7885,.F.);
#7973=ORIENTED_EDGE('',*,*,#7800,.T.);
#7974=EDGE_LOOP('',(#7964,#7965,#7971,#7972,#7973));
#7975=FACE_BOUND('',#7974,.T.);
#7976=ADVANCED_FACE('',(#7975),#7963,.F.);
#7977=CARTESIAN_POINT('',(-24.055136428,31.201552788,19.6000508));
#7978=CARTESIAN_POINT('',(-24.055136428,31.201552788,18.6000508));
#7979=CARTESIAN_POINT('',(-24.915884672,30.904831802,19.6000508));
#7980=CARTESIAN_POINT('',(-24.915884672,30.904831802,18.6000508));
#7981=CARTESIAN_POINT('',(-25.739338027,30.595157304,19.6000508));
#7982=CARTESIAN_POINT('',(-25.739338027,30.595157304,18.6000508));
#7983=CARTESIAN_POINT('',(-26.525496494,30.272529294,19.6000508));
#7984=CARTESIAN_POINT('',(-26.525496494,30.272529294,18.6000508));
#7985=B_SPLINE_SURFACE_WITH_KNOTS('',3,1,((#7977,#7978),(#7979,#7980),(#7981,#7982),(#7983,#7984)),.UNSPECIFIED.,.F.,.F.,.U.,(4,4),(2,2),(0.,0.051345572),(0.,1.),.UNSPECIFIED.);
#7986=ORIENTED_EDGE('',*,*,#7950,.F.);
#7987=ORIENTED_EDGE('',*,*,#7854,.F.);
#7988=ORIENTED_EDGE('',*,*,#7892,.T.);
#7989=ORIENTED_EDGE('',*,*,#7970,.T.);
#7990=EDGE_LOOP('',(#7986,#7987,#7988,#7989));
#7991=FACE_BOUND('',#7990,.T.);
#7992=ADVANCED_FACE('',(#7991),#7985,.T.);
#7993=CARTESIAN_POINT('',(-89.245040144,49.799691071,18.6000508));
#7994=DIRECTION('',(0.,1.,0.));
#7995=DIRECTION('',(0.,0.,1.));
#7996=AXIS2_PLACEMENT_3D('',#7993,#7994,#7995);
#7997=PLANE('',#7996);
#7998=ORIENTED_EDGE('',*,*,#7908,.F.);
#7999=ORIENTED_EDGE('',*,*,#7784,.T.);
#8000=ORIENTED_EDGE('',*,*,#7875,.T.);
#8001=ORIENTED_EDGE('',*,*,#7837,.F.);
#8002=EDGE_LOOP('',(#7998,#7999,#8000,#8001));
#8003=FACE_BOUND('',#8002,.T.);
#8004=ADVANCED_FACE('',(#8003),#7997,.T.);
#8005=CLOSED_SHELL('',(#7810,#7865,#7897,#7928,#7954,#7976,#7992,#8004));
#8006=MANIFOLD_SOLID_BREP('Solid 3606',#8005);
#7770=STYLED_ITEM('',(),#8006);
#8008=CARTESIAN_POINT('',(-26.525496493,30.272529294,19.6000508));
#8009=CARTESIAN_POINT('',(-26.525496493,30.272529294,18.6000508));
#8010=CARTESIAN_POINT('',(-22.272532598,19.905200297,19.6000508));
#8011=CARTESIAN_POINT('',(-22.272532598,19.905200297,18.6000508));
#8012=CARTESIAN_POINT('',(-19.335879155,5.413755104,19.6000508));
#8013=CARTESIAN_POINT('',(-19.335879155,5.413755104,18.6000508));
#8014=CARTESIAN_POINT('',(-9.614620697,3.763036775,19.6000508));
#8015=CARTESIAN_POINT('',(-9.614620697,3.763036775,18.6000508));
#8016=CARTESIAN_POINT('',(-7.563837352,3.800270651,19.6000508));
#8017=CARTESIAN_POINT('',(-7.563837352,3.800270651,18.6000508));
#8018=B_SPLINE_SURFACE_WITH_KNOTS('',3,1,((#8008,#8009),(#8010,#8011),(#8012,#8013),(#8014,#8015),(#8016,#8017)),.UNSPECIFIED.,.F.,.F.,.U.,(4,1,4),(2,2),(0.207003061,0.447150785,0.503794989),(0.,1.),.UNSPECIFIED.);
#8019=CARTESIAN_POINT('',(-26.525496494,30.272529294,18.6000508));
#8020=VERTEX_POINT('',#8019);
#8021=CARTESIAN_POINT('',(-7.563837352,3.800270654,18.6000508));
#8022=VERTEX_POINT('',#8021);
#8023=CARTESIAN_POINT('',(-26.525496487,30.272529279,18.6000508));
#8024=CARTESIAN_POINT('',(-22.272532596,19.905200286,18.6000508));
#8025=CARTESIAN_POINT('',(-19.335879141,5.413755051,18.6000508));
#8026=CARTESIAN_POINT('',(-9.614620627,3.763036763,18.6000508));
#8027=CARTESIAN_POINT('',(-7.563837236,3.800270653,18.6000508));
#8028=B_SPLINE_CURVE_WITH_KNOTS('',3,(#8023,#8024,#8025,#8026,#8027),.UNSPECIFIED.,.F.,.F.,(4,1,4),(0.207003061,0.447150785,0.50379499),.UNSPECIFIED.);
#8029=EDGE_CURVE('',#8020,#8022,#8028,.T.);
#8030=ORIENTED_EDGE('',*,*,#8029,.T.);
#8031=CARTESIAN_POINT('',(-7.563837352,3.800270654,19.6000508));
#8032=VERTEX_POINT('',#8031);
#8033=CARTESIAN_POINT('',(-7.563837352,3.800270654,19.6000508));
#8034=DIRECTION('',(0.,0.,-1.));
#8035=VECTOR('',#8034,1.);
#8036=LINE('',#8033,#8035);
#8037=EDGE_CURVE('',#8032,#8022,#8036,.T.);
#8038=ORIENTED_EDGE('',*,*,#8037,.F.);
#8039=CARTESIAN_POINT('',(-26.525496494,30.272529294,19.6000508));
#8040=VERTEX_POINT('',#8039);
#8041=CARTESIAN_POINT('',(-26.525496487,30.272529279,19.6000508));
#8042=CARTESIAN_POINT('',(-22.272532596,19.905200286,19.6000508));
#8043=CARTESIAN_POINT('',(-19.335879141,5.413755051,19.6000508));
#8044=CARTESIAN_POINT('',(-9.614620627,3.763036763,19.6000508));
#8045=CARTESIAN_POINT('',(-7.563837236,3.800270653,19.6000508));
#8046=B_SPLINE_CURVE_WITH_KNOTS('',3,(#8041,#8042,#8043,#8044,#8045),.UNSPECIFIED.,.F.,.F.,(4,1,4),(0.207003061,0.447150785,0.50379499),.UNSPECIFIED.);
#8047=EDGE_CURVE('',#8040,#8032,#8046,.T.);
#8048=ORIENTED_EDGE('',*,*,#8047,.F.);
#8049=CARTESIAN_POINT('',(-26.525496494,30.272529294,19.6000508));
#8050=DIRECTION('',(0.,0.,-1.));
#8051=VECTOR('',#8050,1.);
#8052=LINE('',#8049,#8051);
#8053=EDGE_CURVE('',#8040,#8020,#8052,.T.);
#8054=ORIENTED_EDGE('',*,*,#8053,.T.);
#8055=EDGE_LOOP('',(#8030,#8038,#8048,#8054));
#8056=FACE_BOUND('',#8055,.T.);
#8057=ADVANCED_FACE('',(#8056),#8018,.F.);
#8058=CARTESIAN_POINT('',(-24.055136428,31.201552788,19.6000508));
#8059=CARTESIAN_POINT('',(-24.055136428,31.201552788,18.6000508));
#8060=CARTESIAN_POINT('',(-24.915884672,30.904831802,19.6000508));
#8061=CARTESIAN_POINT('',(-24.915884672,30.904831802,18.6000508));
#8062=CARTESIAN_POINT('',(-25.739338027,30.595157304,19.6000508));
#8063=CARTESIAN_POINT('',(-25.739338027,30.595157304,18.6000508));
#8064=CARTESIAN_POINT('',(-26.525496494,30.272529294,19.6000508));
#8065=CARTESIAN_POINT('',(-26.525496494,30.272529294,18.6000508));
#8066=B_SPLINE_SURFACE_WITH_KNOTS('',3,1,((#8058,#8059),(#8060,#8061),(#8062,#8063),(#8064,#8065)),.UNSPECIFIED.,.F.,.F.,.U.,(4,4),(2,2),(0.,0.051345572),(0.,1.),.UNSPECIFIED.);
#8067=CARTESIAN_POINT('',(-24.055136428,31.201552788,18.6000508));
#8068=VERTEX_POINT('',#8067);
#8069=CARTESIAN_POINT('',(-24.055136428,31.201552788,18.6000508));
#8070=CARTESIAN_POINT('',(-24.915884654,30.904831808,18.6000508));
#8071=CARTESIAN_POINT('',(-25.739337993,30.595157317,18.6000508));
#8072=CARTESIAN_POINT('',(-26.525496445,30.272529314,18.6000508));
#8073=B_SPLINE_CURVE_WITH_KNOTS('',3,(#8069,#8070,#8071,#8072),.UNSPECIFIED.,.F.,.F.,(4,4),(0.,0.051345571),.UNSPECIFIED.);
#8074=EDGE_CURVE('',#8068,#8020,#8073,.T.);
#8075=ORIENTED_EDGE('',*,*,#8074,.T.);
#8076=ORIENTED_EDGE('',*,*,#8053,.F.);
#8077=CARTESIAN_POINT('',(-24.055136428,31.201552788,19.6000508));
#8078=VERTEX_POINT('',#8077);
#8079=CARTESIAN_POINT('',(-24.055136428,31.201552788,19.6000508));
#8080=CARTESIAN_POINT('',(-24.915884654,30.904831808,19.6000508));
#8081=CARTESIAN_POINT('',(-25.739337993,30.595157317,19.6000508));
#8082=CARTESIAN_POINT('',(-26.525496445,30.272529314,19.6000508));
#8083=B_SPLINE_CURVE_WITH_KNOTS('',3,(#8079,#8080,#8081,#8082),.UNSPECIFIED.,.F.,.F.,(4,4),(0.,0.051345571),.UNSPECIFIED.);
#8084=EDGE_CURVE('',#8078,#8040,#8083,.T.);
#8085=ORIENTED_EDGE('',*,*,#8084,.F.);
#8086=CARTESIAN_POINT('',(-24.055136428,31.201552788,19.6000508));
#8087=DIRECTION('',(0.,0.,-1.));
#8088=VECTOR('',#8087,1.);
#8089=LINE('',#8086,#8088);
#8090=EDGE_CURVE('',#8078,#8068,#8089,.T.);
#8091=ORIENTED_EDGE('',*,*,#8090,.T.);
#8092=EDGE_LOOP('',(#8075,#8076,#8085,#8091));
#8093=FACE_BOUND('',#8092,.T.);
#8094=ADVANCED_FACE('',(#8093),#8066,.F.);
#8095=CARTESIAN_POINT('',(-24.055136428,31.201552788,19.6000508));
#8096=CARTESIAN_POINT('',(-24.055136428,31.201552788,18.6000508));
#8097=CARTESIAN_POINT('',(-20.24947364,21.338465764,19.6000508));
#8098=CARTESIAN_POINT('',(-20.24947364,21.338465764,18.6000508));
#8099=CARTESIAN_POINT('',(-17.18310042,8.326537254,19.6000508));
#8100=CARTESIAN_POINT('',(-17.18310042,8.326537254,18.6000508));
#8101=CARTESIAN_POINT('',(-8.141580629,6.623332676,19.6000508));
#8102=CARTESIAN_POINT('',(-8.141580629,6.623332676,18.6000508));
#8103=CARTESIAN_POINT('',(-6.25284246,6.613547412,19.6000508));
#8104=CARTESIAN_POINT('',(-6.25284246,6.613547412,18.6000508));
#8105=B_SPLINE_SURFACE_WITH_KNOTS('',3,1,((#8095,#8096),(#8097,#8098),(#8099,#8100),(#8101,#8102),(#8103,#8104)),.UNSPECIFIED.,.F.,.F.,.U.,(4,1,4),(2,2),(0.221475064,0.447150785,0.5),(0.,1.),.UNSPECIFIED.);
#8106=CARTESIAN_POINT('',(-6.252842448,6.613547412,18.6000508));
#8107=VERTEX_POINT('',#8106);
#8108=CARTESIAN_POINT('',(-24.055136427,31.201552787,18.6000508));
#8109=CARTESIAN_POINT('',(-20.249473639,21.338465763,18.6000508));
#8110=CARTESIAN_POINT('',(-17.183100416,8.326537238,18.6000508));
#8111=CARTESIAN_POINT('',(-8.141580607,6.623332672,18.6000508));
#8112=CARTESIAN_POINT('',(-6.252842423,6.613547412,18.6000508));
#8113=B_SPLINE_CURVE_WITH_KNOTS('',3,(#8108,#8109,#8110,#8111,#8112),.UNSPECIFIED.,.F.,.F.,(4,1,4),(0.221475064,0.447150785,0.5),.UNSPECIFIED.);
#8114=EDGE_CURVE('',#8068,#8107,#8113,.T.);
#8115=ORIENTED_EDGE('',*,*,#8114,.F.);
#8116=ORIENTED_EDGE('',*,*,#8090,.F.);
#8117=CARTESIAN_POINT('',(-6.252842448,6.613547412,19.6000508));
#8118=VERTEX_POINT('',#8117);
#8119=CARTESIAN_POINT('',(-24.055136427,31.201552787,19.6000508));
#8120=CARTESIAN_POINT('',(-20.249473639,21.338465763,19.6000508));
#8121=CARTESIAN_POINT('',(-17.183100416,8.326537238,19.6000508));
#8122=CARTESIAN_POINT('',(-8.141580607,6.623332672,19.6000508));
#8123=CARTESIAN_POINT('',(-6.252842423,6.613547412,19.6000508));
#8124=B_SPLINE_CURVE_WITH_KNOTS('',3,(#8119,#8120,#8121,#8122,#8123),.UNSPECIFIED.,.F.,.F.,(4,1,4),(0.221475064,0.447150785,0.5),.UNSPECIFIED.);
#8125=EDGE_CURVE('',#8078,#8118,#8124,.T.);
#8126=ORIENTED_EDGE('',*,*,#8125,.T.);
#8127=CARTESIAN_POINT('',(-6.252842448,6.613547412,19.6000508));
#8128=DIRECTION('',(0.,0.,-1.));
#8129=VECTOR('',#8128,1.);
#8130=LINE('',#8127,#8129);
#8131=EDGE_CURVE('',#8118,#8107,#8130,.T.);
#8132=ORIENTED_EDGE('',*,*,#8131,.T.);
#8133=EDGE_LOOP('',(#8115,#8116,#8126,#8132));
#8134=FACE_BOUND('',#8133,.T.);
#8135=ADVANCED_FACE('',(#8134),#8105,.T.);
#8136=CARTESIAN_POINT('',(-6.252842448,6.613547412,19.6000508));
#8137=CARTESIAN_POINT('',(-6.252842448,6.613547412,18.6000508));
#8138=CARTESIAN_POINT('',(-6.740974278,5.661593029,19.6000508));
#8139=CARTESIAN_POINT('',(-6.740974278,5.661593029,18.6000508));
#8140=CARTESIAN_POINT('',(-7.177972579,4.72383411,19.6000508));
#8141=CARTESIAN_POINT('',(-7.177972579,4.72383411,18.6000508));
#8142=CARTESIAN_POINT('',(-7.563837352,3.800270654,19.6000508));
#8143=CARTESIAN_POINT('',(-7.563837352,3.800270654,18.6000508));
#8144=B_SPLINE_SURFACE_WITH_KNOTS('',3,1,((#8136,#8137),(#8138,#8139),(#8140,#8141),(#8142,#8143)),.UNSPECIFIED.,.F.,.F.,.U.,(4,4),(2,2),(0.,0.059984138),(0.,1.),.UNSPECIFIED.);
#8145=CARTESIAN_POINT('',(-6.252842448,6.613547412,18.6000508));
#8146=CARTESIAN_POINT('',(-6.74097425,5.661593084,18.6000508));
#8147=CARTESIAN_POINT('',(-7.177972529,4.723834217,18.6000508));
#8148=CARTESIAN_POINT('',(-7.563837286,3.800270812,18.6000508));
#8149=B_SPLINE_CURVE_WITH_KNOTS('',3,(#8145,#8146,#8147,#8148),.UNSPECIFIED.,.F.,.F.,(4,4),(0.,0.059984135),.UNSPECIFIED.);
#8150=EDGE_CURVE('',#8107,#8022,#8149,.T.);
#8151=ORIENTED_EDGE('',*,*,#8150,.F.);
#8152=ORIENTED_EDGE('',*,*,#8131,.F.);
#8153=CARTESIAN_POINT('',(-6.252842448,6.613547412,19.6000508));
#8154=CARTESIAN_POINT('',(-6.74097425,5.661593084,19.6000508));
#8155=CARTESIAN_POINT('',(-7.177972529,4.723834217,19.6000508));
#8156=CARTESIAN_POINT('',(-7.563837286,3.800270812,19.6000508));
#8157=B_SPLINE_CURVE_WITH_KNOTS('',3,(#8153,#8154,#8155,#8156),.UNSPECIFIED.,.F.,.F.,(4,4),(0.,0.059984135),.UNSPECIFIED.);
#8158=EDGE_CURVE('',#8118,#8032,#8157,.T.);
#8159=ORIENTED_EDGE('',*,*,#8158,.T.);
#8160=ORIENTED_EDGE('',*,*,#8037,.T.);
#8161=EDGE_LOOP('',(#8151,#8152,#8159,#8160));
#8162=FACE_BOUND('',#8161,.T.);
#8163=ADVANCED_FACE('',(#8162),#8144,.T.);
#8164=CARTESIAN_POINT('',(23.113044952,-4.245477658,19.6000508));
#8165=DIRECTION('',(0.,0.,-1.));
#8166=DIRECTION('',(-1.,0.,0.));
#8167=AXIS2_PLACEMENT_3D('',#8164,#8165,#8166);
#8168=PLANE('',#8167);
#8169=ORIENTED_EDGE('',*,*,#8047,.T.);
#8170=ORIENTED_EDGE('',*,*,#8158,.F.);
#8171=ORIENTED_EDGE('',*,*,#8125,.F.);
#8172=ORIENTED_EDGE('',*,*,#8084,.T.);
#8173=EDGE_LOOP('',(#8169,#8170,#8171,#8172));
#8174=FACE_BOUND('',#8173,.T.);
#8175=ADVANCED_FACE('',(#8174),#8168,.F.);
#8176=CARTESIAN_POINT('',(23.113044952,-4.245477658,18.6000508));
#8177=DIRECTION('',(0.,0.,-1.));
#8178=DIRECTION('',(-1.,0.,0.));
#8179=AXIS2_PLACEMENT_3D('',#8176,#8177,#8178);
#8180=PLANE('',#8179);
#8181=ORIENTED_EDGE('',*,*,#8029,.F.);
#8182=ORIENTED_EDGE('',*,*,#8074,.F.);
#8183=ORIENTED_EDGE('',*,*,#8114,.T.);
#8184=ORIENTED_EDGE('',*,*,#8150,.T.);
#8185=EDGE_LOOP('',(#8181,#8182,#8183,#8184));
#8186=FACE_BOUND('',#8185,.T.);
#8187=ADVANCED_FACE('',(#8186),#8180,.T.);
#8188=CLOSED_SHELL('',(#8057,#8094,#8135,#8163,#8175,#8187));
#8189=MANIFOLD_SOLID_BREP('Extruded.008',#8188);
#8007=STYLED_ITEM('',(),#8189);
#8191=CARTESIAN_POINT('',(-6.252842448,6.613547412,19.6000508));
#8192=CARTESIAN_POINT('',(-6.252842448,6.613547412,18.6000508));
#8193=CARTESIAN_POINT('',(-6.740974278,5.661593029,19.6000508));
#8194=CARTESIAN_POINT('',(-6.740974278,5.661593029,18.6000508));
#8195=CARTESIAN_POINT('',(-7.177972579,4.72383411,19.6000508));
#8196=CARTESIAN_POINT('',(-7.177972579,4.72383411,18.6000508));
#8197=CARTESIAN_POINT('',(-7.563837352,3.800270654,19.6000508));
#8198=CARTESIAN_POINT('',(-7.563837352,3.800270654,18.6000508));
#8199=B_SPLINE_SURFACE_WITH_KNOTS('',3,1,((#8191,#8192),(#8193,#8194),(#8195,#8196),(#8197,#8198)),.UNSPECIFIED.,.F.,.F.,.U.,(4,4),(2,2),(0.,0.059984138),(0.,1.),.UNSPECIFIED.);
#8200=CARTESIAN_POINT('',(-6.252842448,6.613547412,18.6000508));
#8201=VERTEX_POINT('',#8200);
#8202=CARTESIAN_POINT('',(-7.563837352,3.800270654,18.6000508));
#8203=VERTEX_POINT('',#8202);
#8204=CARTESIAN_POINT('',(-6.252842448,6.613547412,18.6000508));
#8205=CARTESIAN_POINT('',(-6.74097425,5.661593084,18.6000508));
#8206=CARTESIAN_POINT('',(-7.177972529,4.723834217,18.6000508));
#8207=CARTESIAN_POINT('',(-7.563837286,3.800270812,18.6000508));
#8208=B_SPLINE_CURVE_WITH_KNOTS('',3,(#8204,#8205,#8206,#8207),.UNSPECIFIED.,.F.,.F.,(4,4),(0.,0.059984135),.UNSPECIFIED.);
#8209=EDGE_CURVE('',#8201,#8203,#8208,.T.);
#8210=ORIENTED_EDGE('',*,*,#8209,.T.);
#8211=CARTESIAN_POINT('',(-7.563837352,3.800270654,19.6000508));
#8212=VERTEX_POINT('',#8211);
#8213=CARTESIAN_POINT('',(-7.563837352,3.800270654,19.6000508));
#8214=DIRECTION('',(0.,0.,-1.));
#8215=VECTOR('',#8214,1.);
#8216=LINE('',#8213,#8215);
#8217=EDGE_CURVE('',#8212,#8203,#8216,.T.);
#8218=ORIENTED_EDGE('',*,*,#8217,.F.);
#8219=CARTESIAN_POINT('',(-6.252842448,6.613547412,19.6000508));
#8220=VERTEX_POINT('',#8219);
#8221=CARTESIAN_POINT('',(-6.252842448,6.613547412,19.6000508));
#8222=CARTESIAN_POINT('',(-6.74097425,5.661593084,19.6000508));
#8223=CARTESIAN_POINT('',(-7.177972529,4.723834217,19.6000508));
#8224=CARTESIAN_POINT('',(-7.563837286,3.800270812,19.6000508));
#8225=B_SPLINE_CURVE_WITH_KNOTS('',3,(#8221,#8222,#8223,#8224),.UNSPECIFIED.,.F.,.F.,(4,4),(0.,0.059984135),.UNSPECIFIED.);
#8226=EDGE_CURVE('',#8220,#8212,#8225,.T.);
#8227=ORIENTED_EDGE('',*,*,#8226,.F.);
#8228=CARTESIAN_POINT('',(-6.252842448,6.613547412,19.6000508));
#8229=DIRECTION('',(0.,0.,-1.));
#8230=VECTOR('',#8229,1.);
#8231=LINE('',#8228,#8230);
#8232=EDGE_CURVE('',#8220,#8201,#8231,.T.);
#8233=ORIENTED_EDGE('',*,*,#8232,.T.);
#8234=EDGE_LOOP('',(#8210,#8218,#8227,#8233));
#8235=FACE_BOUND('',#8234,.T.);
#8236=ADVANCED_FACE('',(#8235),#8199,.F.);
#8237=CARTESIAN_POINT('',(-6.252842448,6.613547412,19.6000508));
#8238=CARTESIAN_POINT('',(-6.252842448,6.613547412,18.6000508));
#8239=CARTESIAN_POINT('',(11.616279835,6.520970234,19.6000508));
#8240=CARTESIAN_POINT('',(11.616279835,6.520970234,18.6000508));
#8241=CARTESIAN_POINT('',(44.982742107,34.479585107,19.6000508));
#8242=CARTESIAN_POINT('',(44.982742107,34.479585107,18.6000508));
#8243=CARTESIAN_POINT('',(58.28869794,11.086527023,19.6000508));
#8244=CARTESIAN_POINT('',(58.28869794,11.086527023,18.6000508));
#8245=B_SPLINE_SURFACE_WITH_KNOTS('',3,1,((#8237,#8238),(#8239,#8240),(#8241,#8242),(#8243,#8244)),.UNSPECIFIED.,.F.,.F.,.U.,(4,4),(2,2),(0.5,1.),(0.,1.),.UNSPECIFIED.);
#8246=CARTESIAN_POINT('',(58.28869794,11.086527023,18.6000508));
#8247=VERTEX_POINT('',#8246);
#8248=CARTESIAN_POINT('',(-6.252842423,6.613547412,18.6000508));
#8249=CARTESIAN_POINT('',(11.616279865,6.52097026,18.6000508));
#8250=CARTESIAN_POINT('',(44.982742113,34.479585096,18.6000508));
#8251=CARTESIAN_POINT('',(58.28869794,11.086527023,18.6000508));
#8252=B_SPLINE_CURVE_WITH_KNOTS('',3,(#8248,#8249,#8250,#8251),.UNSPECIFIED.,.F.,.F.,(4,4),(0.5,1.),.UNSPECIFIED.);
#8253=EDGE_CURVE('',#8201,#8247,#8252,.T.);
#8254=ORIENTED_EDGE('',*,*,#8253,.F.);
#8255=ORIENTED_EDGE('',*,*,#8232,.F.);
#8256=CARTESIAN_POINT('',(58.28869794,11.086527023,19.6000508));
#8257=VERTEX_POINT('',#8256);
#8258=CARTESIAN_POINT('',(-6.252842423,6.613547412,19.6000508));
#8259=CARTESIAN_POINT('',(11.616279865,6.52097026,19.6000508));
#8260=CARTESIAN_POINT('',(44.982742113,34.479585096,19.6000508));
#8261=CARTESIAN_POINT('',(58.28869794,11.086527023,19.6000508));
#8262=B_SPLINE_CURVE_WITH_KNOTS('',3,(#8258,#8259,#8260,#8261),.UNSPECIFIED.,.F.,.F.,(4,4),(0.5,1.),.UNSPECIFIED.);
#8263=EDGE_CURVE('',#8220,#8257,#8262,.T.);
#8264=ORIENTED_EDGE('',*,*,#8263,.T.);
#8265=CARTESIAN_POINT('',(58.28869794,11.086527023,19.6000508));
#8266=DIRECTION('',(0.,0.,-1.));
#8267=VECTOR('',#8266,1.);
#8268=LINE('',#8265,#8267);
#8269=EDGE_CURVE('',#8257,#8247,#8268,.T.);
#8270=ORIENTED_EDGE('',*,*,#8269,.T.);
#8271=EDGE_LOOP('',(#8254,#8255,#8264,#8270));
#8272=FACE_BOUND('',#8271,.T.);
#8273=ADVANCED_FACE('',(#8272),#8245,.T.);
#8274=CARTESIAN_POINT('',(57.428429731,9.678536039,19.6000508));
#8275=DIRECTION('',(-0.853327869,0.521374672,0.));
#8276=DIRECTION('',(-0.521374672,-0.853327869,0.));
#8277=AXIS2_PLACEMENT_3D('',#8274,#8275,#8276);
#8278=PLANE('',#8277);
#8279=CARTESIAN_POINT('',(56.568161523,8.270545056,18.6000508));
#8280=VERTEX_POINT('',#8279);
#8281=CARTESIAN_POINT('',(56.568161523,8.270545056,18.6000508));
#8282=DIRECTION('',(0.521374672,0.853327869,0.));
#8283=VECTOR('',#8282,3.3);
#8284=LINE('',#8281,#8283);
#8285=EDGE_CURVE('',#8280,#8247,#8284,.T.);
#8286=ORIENTED_EDGE('',*,*,#8285,.T.);
#8287=ORIENTED_EDGE('',*,*,#8269,.F.);
#8288=CARTESIAN_POINT('',(56.568161523,8.270545056,19.6000508));
#8289=VERTEX_POINT('',#8288);
#8290=CARTESIAN_POINT('',(56.568161523,8.270545056,19.6000508));
#8291=DIRECTION('',(0.521374672,0.853327869,0.));
#8292=VECTOR('',#8291,3.3);
#8293=LINE('',#8290,#8292);
#8294=EDGE_CURVE('',#8289,#8257,#8293,.T.);
#8295=ORIENTED_EDGE('',*,*,#8294,.F.);
#8296=CARTESIAN_POINT('',(56.568161523,8.270545056,19.6000508));
#8297=DIRECTION('',(0.,0.,-1.));
#8298=VECTOR('',#8297,1.);
#8299=LINE('',#8296,#8298);
#8300=EDGE_CURVE('',#8289,#8280,#8299,.T.);
#8301=ORIENTED_EDGE('',*,*,#8300,.T.);
#8302=EDGE_LOOP('',(#8286,#8287,#8295,#8301));
#8303=FACE_BOUND('',#8302,.T.);
#8304=ADVANCED_FACE('',(#8303),#8278,.F.);
#8305=CARTESIAN_POINT('',(-7.563837352,3.800270651,19.6000508));
#8306=CARTESIAN_POINT('',(-7.563837352,3.800270651,18.6000508));
#8307=CARTESIAN_POINT('',(10.401089235,4.12644058,19.6000508));
#8308=CARTESIAN_POINT('',(10.401089235,4.12644058,18.6000508));
#8309=CARTESIAN_POINT('',(43.363197608,31.486050334,19.6000508));
#8310=CARTESIAN_POINT('',(43.363197608,31.486050334,18.6000508));
#8311=CARTESIAN_POINT('',(56.568161523,8.270545056,19.6000508));
#8312=CARTESIAN_POINT('',(56.568161523,8.270545056,18.6000508));
#8313=B_SPLINE_SURFACE_WITH_KNOTS('',3,1,((#8305,#8306),(#8307,#8308),(#8309,#8310),(#8311,#8312)),.UNSPECIFIED.,.F.,.F.,.U.,(4,4),(2,2),(0.503794989,1.),(0.,1.),.UNSPECIFIED.);
#8314=CARTESIAN_POINT('',(-7.563837236,3.800270653,18.6000508));
#8315=CARTESIAN_POINT('',(10.401089377,4.126440697,18.6000508));
#8316=CARTESIAN_POINT('',(43.363197636,31.486050284,18.6000508));
#8317=CARTESIAN_POINT('',(56.568161523,8.270545056,18.6000508));
#8318=B_SPLINE_CURVE_WITH_KNOTS('',3,(#8314,#8315,#8316,#8317),.UNSPECIFIED.,.F.,.F.,(4,4),(0.50379499,1.),.UNSPECIFIED.);
#8319=EDGE_CURVE('',#8203,#8280,#8318,.T.);
#8320=ORIENTED_EDGE('',*,*,#8319,.T.);
#8321=ORIENTED_EDGE('',*,*,#8300,.F.);
#8322=CARTESIAN_POINT('',(-7.563837236,3.800270653,19.6000508));
#8323=CARTESIAN_POINT('',(10.401089377,4.126440697,19.6000508));
#8324=CARTESIAN_POINT('',(43.363197636,31.486050284,19.6000508));
#8325=CARTESIAN_POINT('',(56.568161523,8.270545056,19.6000508));
#8326=B_SPLINE_CURVE_WITH_KNOTS('',3,(#8322,#8323,#8324,#8325),.UNSPECIFIED.,.F.,.F.,(4,4),(0.50379499,1.),.UNSPECIFIED.);
#8327=EDGE_CURVE('',#8212,#8289,#8326,.T.);
#8328=ORIENTED_EDGE('',*,*,#8327,.F.);
#8329=ORIENTED_EDGE('',*,*,#8217,.T.);
#8330=EDGE_LOOP('',(#8320,#8321,#8328,#8329));
#8331=FACE_BOUND('',#8330,.T.);
#8332=ADVANCED_FACE('',(#8331),#8313,.F.);
#8333=CARTESIAN_POINT('',(23.113044952,-4.245477658,19.6000508));
#8334=DIRECTION('',(0.,0.,-1.));
#8335=DIRECTION('',(-1.,0.,0.));
#8336=AXIS2_PLACEMENT_3D('',#8333,#8334,#8335);
#8337=PLANE('',#8336);
#8338=ORIENTED_EDGE('',*,*,#8226,.T.);
#8339=ORIENTED_EDGE('',*,*,#8327,.T.);
#8340=ORIENTED_EDGE('',*,*,#8294,.T.);
#8341=ORIENTED_EDGE('',*,*,#8263,.F.);
#8342=EDGE_LOOP('',(#8338,#8339,#8340,#8341));
#8343=FACE_BOUND('',#8342,.T.);
#8344=ADVANCED_FACE('',(#8343),#8337,.F.);
#8345=CARTESIAN_POINT('',(23.113044952,-4.245477658,18.6000508));
#8346=DIRECTION('',(0.,0.,-1.));
#8347=DIRECTION('',(-1.,0.,0.));
#8348=AXIS2_PLACEMENT_3D('',#8345,#8346,#8347);
#8349=PLANE('',#8348);
#8350=ORIENTED_EDGE('',*,*,#8209,.F.);
#8351=ORIENTED_EDGE('',*,*,#8253,.T.);
#8352=ORIENTED_EDGE('',*,*,#8285,.F.);
#8353=ORIENTED_EDGE('',*,*,#8319,.F.);
#8354=EDGE_LOOP('',(#8350,#8351,#8352,#8353));
#8355=FACE_BOUND('',#8354,.T.);
#8356=ADVANCED_FACE('',(#8355),#8349,.T.);
#8357=CLOSED_SHELL('',(#8236,#8273,#8304,#8332,#8344,#8356));
#8358=MANIFOLD_SOLID_BREP('Extruded.009',#8357);
#8190=STYLED_ITEM('',(),#8358);
#8360=CARTESIAN_POINT('',(-37.899784936,20.874563648,19.6000508));
#8361=CARTESIAN_POINT('',(-37.899784936,20.874563648,18.6000508));
#8362=CARTESIAN_POINT('',(-41.882531628,15.871403218,19.6000508));
#8363=CARTESIAN_POINT('',(-41.882531628,15.871403218,18.6000508));
#8364=CARTESIAN_POINT('',(-41.578382089,9.379289117,19.6000508));
#8365=CARTESIAN_POINT('',(-41.578382089,9.379289117,18.6000508));
#8366=CARTESIAN_POINT('',(-36.987336321,1.398221346,19.6000508));
#8367=CARTESIAN_POINT('',(-36.987336321,1.398221346,18.6000508));
#8368=B_SPLINE_SURFACE_WITH_KNOTS('',3,1,((#8360,#8361),(#8362,#8363),(#8364,#8365),(#8366,#8367)),.UNSPECIFIED.,.F.,.F.,.U.,(4,4),(2,2),(0.336798692,0.887289188),(0.,1.),.UNSPECIFIED.);
#8369=CARTESIAN_POINT('',(-37.899784936,20.874563648,18.6000508));
#8370=VERTEX_POINT('',#8369);
#8371=CARTESIAN_POINT('',(-36.987336321,1.398221346,18.6000508));
#8372=VERTEX_POINT('',#8371);
#8373=CARTESIAN_POINT('',(-37.899784932,20.874563653,18.6000508));
#8374=CARTESIAN_POINT('',(-41.882531653,15.871403191,18.6000508));
#8375=CARTESIAN_POINT('',(-41.578382087,9.379289039,18.6000508));
#8376=CARTESIAN_POINT('',(-36.987336235,1.398221197,18.6000508));
#8377=B_SPLINE_CURVE_WITH_KNOTS('',3,(#8373,#8374,#8375,#8376),.UNSPECIFIED.,.F.,.F.,(4,4),(0.336798691,0.887289191),.UNSPECIFIED.);
#8378=EDGE_CURVE('',#8370,#8372,#8377,.T.);
#8379=ORIENTED_EDGE('',*,*,#8378,.T.);
#8380=CARTESIAN_POINT('',(-36.987336321,1.398221346,19.6000508));
#8381=VERTEX_POINT('',#8380);
#8382=CARTESIAN_POINT('',(-36.987336321,1.398221346,19.6000508));
#8383=DIRECTION('',(0.,0.,-1.));
#8384=VECTOR('',#8383,1.);
#8385=LINE('',#8382,#8384);
#8386=EDGE_CURVE('',#8381,#8372,#8385,.T.);
#8387=ORIENTED_EDGE('',*,*,#8386,.F.);
#8388=CARTESIAN_POINT('',(-37.899784936,20.874563648,19.6000508));
#8389=VERTEX_POINT('',#8388);
#8390=CARTESIAN_POINT('',(-37.899784932,20.874563653,19.6000508));
#8391=CARTESIAN_POINT('',(-41.882531653,15.871403191,19.6000508));
#8392=CARTESIAN_POINT('',(-41.578382087,9.379289039,19.6000508));
#8393=CARTESIAN_POINT('',(-36.987336235,1.398221197,19.6000508));
#8394=B_SPLINE_CURVE_WITH_KNOTS('',3,(#8390,#8391,#8392,#8393),.UNSPECIFIED.,.F.,.F.,(4,4),(0.336798691,0.887289191),.UNSPECIFIED.);
#8395=EDGE_CURVE('',#8389,#8381,#8394,.T.);
#8396=ORIENTED_EDGE('',*,*,#8395,.F.);
#8397=CARTESIAN_POINT('',(-37.899784936,20.874563648,19.6000508));
#8398=DIRECTION('',(0.,0.,-1.));
#8399=VECTOR('',#8398,1.);
#8400=LINE('',#8397,#8399);
#8401=EDGE_CURVE('',#8389,#8370,#8400,.T.);
#8402=ORIENTED_EDGE('',*,*,#8401,.T.);
#8403=EDGE_LOOP('',(#8379,#8387,#8396,#8402));
#8404=FACE_BOUND('',#8403,.T.);
#8405=ADVANCED_FACE('',(#8404),#8368,.F.);
#8406=CARTESIAN_POINT('',(-37.899788784,20.874554969,19.6000508));
#8407=CARTESIAN_POINT('',(-37.899788784,20.874554969,18.6000508));
#8408=CARTESIAN_POINT('',(-40.420223382,15.193748382,19.6000508));
#8409=CARTESIAN_POINT('',(-40.420223382,15.193748382,18.6000508));
#8410=CARTESIAN_POINT('',(-38.422850529,7.943786483,19.6000508));
#8411=CARTESIAN_POINT('',(-38.422850529,7.943786483,18.6000508));
#8412=CARTESIAN_POINT('',(-31.907670225,-0.875330727,19.6000508));
#8413=CARTESIAN_POINT('',(-31.907670225,-0.875330727,18.6000508));
#8414=B_SPLINE_SURFACE_WITH_KNOTS('',3,1,((#8406,#8407),(#8408,#8409),(#8410,#8411),(#8412,#8413)),.UNSPECIFIED.,.F.,.F.,.U.,(4,4),(2,2),(0.434878021,1.),(0.,1.),.UNSPECIFIED.);
#8415=CARTESIAN_POINT('',(-31.907670225,-0.875330727,18.6000508));
#8416=VERTEX_POINT('',#8415);
#8417=CARTESIAN_POINT('',(-37.899777234,20.874581002,18.6000508));
#8418=CARTESIAN_POINT('',(-40.420229484,15.193770531,18.6000508));
#8419=CARTESIAN_POINT('',(-38.422860481,7.943799954,18.6000508));
#8420=CARTESIAN_POINT('',(-31.907670225,-0.875330727,18.6000508));
#8421=B_SPLINE_CURVE_WITH_KNOTS('',3,(#8417,#8418,#8419,#8420),.UNSPECIFIED.,.F.,.F.,(4,4),(0.434877157,1.),.UNSPECIFIED.);
#8422=EDGE_CURVE('',#8370,#8416,#8421,.T.);
#8423=ORIENTED_EDGE('',*,*,#8422,.F.);
#8424=ORIENTED_EDGE('',*,*,#8401,.F.);
#8425=CARTESIAN_POINT('',(-31.907670225,-0.875330727,19.6000508));
#8426=VERTEX_POINT('',#8425);
#8427=CARTESIAN_POINT('',(-37.899777234,20.874581002,19.6000508));
#8428=CARTESIAN_POINT('',(-40.420229484,15.193770531,19.6000508));
#8429=CARTESIAN_POINT('',(-38.422860481,7.943799954,19.6000508));
#8430=CARTESIAN_POINT('',(-31.907670225,-0.875330727,19.6000508));
#8431=B_SPLINE_CURVE_WITH_KNOTS('',3,(#8427,#8428,#8429,#8430),.UNSPECIFIED.,.F.,.F.,(4,4),(0.434877157,1.),.UNSPECIFIED.);
#8432=EDGE_CURVE('',#8389,#8426,#8431,.T.);
#8433=ORIENTED_EDGE('',*,*,#8432,.T.);
#8434=CARTESIAN_POINT('',(-31.907670225,-0.875330727,19.6000508));
#8435=DIRECTION('',(0.,0.,-1.));
#8436=VECTOR('',#8435,1.);
#8437=LINE('',#8434,#8436);
#8438=EDGE_CURVE('',#8426,#8416,#8437,.T.);
#8439=ORIENTED_EDGE('',*,*,#8438,.T.);
#8440=EDGE_LOOP('',(#8423,#8424,#8433,#8439));
#8441=FACE_BOUND('',#8440,.T.);
#8442=ADVANCED_FACE('',(#8441),#8414,.T.);
#8443=CARTESIAN_POINT('',(-36.987336321,1.398221346,19.6000508));
#8444=CARTESIAN_POINT('',(-36.987336321,1.398221346,18.6000508));
#8445=CARTESIAN_POINT('',(-35.114277617,0.802508637,19.6000508));
#8446=CARTESIAN_POINT('',(-35.114277617,0.802508637,18.6000508));
#8447=CARTESIAN_POINT('',(-33.432722445,0.034482382,19.6000508));
#8448=CARTESIAN_POINT('',(-33.432722445,0.034482382,18.6000508));
#8449=CARTESIAN_POINT('',(-31.907670225,-0.875330727,19.6000508));
#8450=CARTESIAN_POINT('',(-31.907670225,-0.875330727,18.6000508));
#8451=B_SPLINE_SURFACE_WITH_KNOTS('',3,1,((#8443,#8444),(#8445,#8446),(#8447,#8448),(#8449,#8450)),.UNSPECIFIED.,.F.,.F.,.U.,(4,4),(2,2),(0.045763586,0.086714238),(0.,1.),.UNSPECIFIED.);
#8452=CARTESIAN_POINT('',(-36.987336342,1.398221353,18.6000508));
#8453=CARTESIAN_POINT('',(-35.114277657,0.802508651,18.6000508));
#8454=CARTESIAN_POINT('',(-33.432722499,0.034482407,18.6000508));
#8455=CARTESIAN_POINT('',(-31.90767029,-0.875330688,18.6000508));
#8456=B_SPLINE_CURVE_WITH_KNOTS('',3,(#8452,#8453,#8454,#8455),.UNSPECIFIED.,.F.,.F.,(4,4),(0.045763586,0.086714237),.UNSPECIFIED.);
#8457=EDGE_CURVE('',#8372,#8416,#8456,.T.);
#8458=ORIENTED_EDGE('',*,*,#8457,.T.);
#8459=ORIENTED_EDGE('',*,*,#8438,.F.);
#8460=CARTESIAN_POINT('',(-36.987336342,1.398221353,19.6000508));
#8461=CARTESIAN_POINT('',(-35.114277657,0.802508651,19.6000508));
#8462=CARTESIAN_POINT('',(-33.432722499,0.034482407,19.6000508));
#8463=CARTESIAN_POINT('',(-31.90767029,-0.875330688,19.6000508));
#8464=B_SPLINE_CURVE_WITH_KNOTS('',3,(#8460,#8461,#8462,#8463),.UNSPECIFIED.,.F.,.F.,(4,4),(0.045763586,0.086714237),.UNSPECIFIED.);
#8465=EDGE_CURVE('',#8381,#8426,#8464,.T.);
#8466=ORIENTED_EDGE('',*,*,#8465,.F.);
#8467=ORIENTED_EDGE('',*,*,#8386,.T.);
#8468=EDGE_LOOP('',(#8458,#8459,#8466,#8467));
#8469=FACE_BOUND('',#8468,.T.);
#8470=ADVANCED_FACE('',(#8469),#8451,.F.);
#8471=CARTESIAN_POINT('',(23.113044952,-4.245477658,19.6000508));
#8472=DIRECTION('',(0.,0.,-1.));
#8473=DIRECTION('',(-1.,0.,0.));
#8474=AXIS2_PLACEMENT_3D('',#8471,#8472,#8473);
#8475=PLANE('',#8474);
#8476=ORIENTED_EDGE('',*,*,#8395,.T.);
#8477=ORIENTED_EDGE('',*,*,#8465,.T.);
#8478=ORIENTED_EDGE('',*,*,#8432,.F.);
#8479=EDGE_LOOP('',(#8476,#8477,#8478));
#8480=FACE_BOUND('',#8479,.T.);
#8481=ADVANCED_FACE('',(#8480),#8475,.F.);
#8482=CARTESIAN_POINT('',(23.113044952,-4.245477658,18.6000508));
#8483=DIRECTION('',(0.,0.,-1.));
#8484=DIRECTION('',(-1.,0.,0.));
#8485=AXIS2_PLACEMENT_3D('',#8482,#8483,#8484);
#8486=PLANE('',#8485);
#8487=ORIENTED_EDGE('',*,*,#8378,.F.);
#8488=ORIENTED_EDGE('',*,*,#8422,.T.);
#8489=ORIENTED_EDGE('',*,*,#8457,.F.);
#8490=EDGE_LOOP('',(#8487,#8488,#8489));
#8491=FACE_BOUND('',#8490,.T.);
#8492=ADVANCED_FACE('',(#8491),#8486,.T.);
#8493=CLOSED_SHELL('',(#8405,#8442,#8470,#8481,#8492));
#8494=MANIFOLD_SOLID_BREP('Extruded.010',#8493);
#8359=STYLED_ITEM('',(),#8494);
#8496=CARTESIAN_POINT('',(-26.525496494,30.272529294,19.6000508));
#8497=CARTESIAN_POINT('',(-26.525496494,30.272529294,18.6000508));
#8498=CARTESIAN_POINT('',(-32.397805295,27.862619098,19.6000508));
#8499=CARTESIAN_POINT('',(-32.397805295,27.862619098,18.6000508));
#8500=CARTESIAN_POINT('',(-36.189234775,24.729963883,19.6000508));
#8501=CARTESIAN_POINT('',(-36.189234775,24.729963883,18.6000508));
#8502=CARTESIAN_POINT('',(-37.899784934,20.874563647,19.6000508));
#8503=CARTESIAN_POINT('',(-37.899784934,20.874563647,18.6000508));
#8504=B_SPLINE_SURFACE_WITH_KNOTS('',3,1,((#8496,#8497),(#8498,#8499),(#8500,#8501),(#8502,#8503)),.UNSPECIFIED.,.F.,.F.,.U.,(4,4),(2,2),(0.051345572,0.434877733),(0.,1.),.UNSPECIFIED.);
#8505=CARTESIAN_POINT('',(-26.525496494,30.272529294,18.6000508));
#8506=VERTEX_POINT('',#8505);
#8507=CARTESIAN_POINT('',(-37.899784936,20.874563648,18.6000508));
#8508=VERTEX_POINT('',#8507);
#8509=CARTESIAN_POINT('',(-26.525496445,30.272529314,18.6000508));
#8510=CARTESIAN_POINT('',(-32.397796462,27.862622732,18.6000508));
#8511=CARTESIAN_POINT('',(-36.189223392,24.729973295,18.6000508));
#8512=CARTESIAN_POINT('',(-37.899777234,20.874581002,18.6000508));
#8513=B_SPLINE_CURVE_WITH_KNOTS('',3,(#8509,#8510,#8511,#8512),.UNSPECIFIED.,.F.,.F.,(4,4),(0.051345571,0.434877157),.UNSPECIFIED.);
#8514=EDGE_CURVE('',#8506,#8508,#8513,.T.);
#8515=ORIENTED_EDGE('',*,*,#8514,.T.);
#8516=CARTESIAN_POINT('',(-37.899784936,20.874563648,19.6000508));
#8517=VERTEX_POINT('',#8516);
#8518=CARTESIAN_POINT('',(-37.899784936,20.874563648,19.6000508));
#8519=DIRECTION('',(0.,0.,-1.));
#8520=VECTOR('',#8519,1.);
#8521=LINE('',#8518,#8520);
#8522=EDGE_CURVE('',#8517,#8508,#8521,.T.);
#8523=ORIENTED_EDGE('',*,*,#8522,.F.);
#8524=CARTESIAN_POINT('',(-26.525496494,30.272529294,19.6000508));
#8525=VERTEX_POINT('',#8524);
#8526=CARTESIAN_POINT('',(-26.525496445,30.272529314,19.6000508));
#8527=CARTESIAN_POINT('',(-32.397796462,27.862622732,19.6000508));
#8528=CARTESIAN_POINT('',(-36.189223392,24.729973295,19.6000508));
#8529=CARTESIAN_POINT('',(-37.899777234,20.874581002,19.6000508));
#8530=B_SPLINE_CURVE_WITH_KNOTS('',3,(#8526,#8527,#8528,#8529),.UNSPECIFIED.,.F.,.F.,(4,4),(0.051345571,0.434877157),.UNSPECIFIED.);
#8531=EDGE_CURVE('',#8525,#8517,#8530,.T.);
#8532=ORIENTED_EDGE('',*,*,#8531,.F.);
#8533=CARTESIAN_POINT('',(-26.525496494,30.272529294,19.6000508));
#8534=DIRECTION('',(0.,0.,-1.));
#8535=VECTOR('',#8534,1.);
#8536=LINE('',#8533,#8535);
#8537=EDGE_CURVE('',#8525,#8506,#8536,.T.);
#8538=ORIENTED_EDGE('',*,*,#8537,.T.);
#8539=EDGE_LOOP('',(#8515,#8523,#8532,#8538));
#8540=FACE_BOUND('',#8539,.T.);
#8541=ADVANCED_FACE('',(#8540),#8504,.F.);
#8542=CARTESIAN_POINT('',(-26.525496493,30.272529294,19.6000508));
#8543=CARTESIAN_POINT('',(-26.525496493,30.272529294,18.6000508));
#8544=CARTESIAN_POINT('',(-26.269200466,29.647763765,19.6000508));
#8545=CARTESIAN_POINT('',(-26.269200466,29.647763765,18.6000508));
#8546=CARTESIAN_POINT('',(-26.019720208,29.018065216,19.6000508));
#8547=CARTESIAN_POINT('',(-26.019720208,29.018065216,18.6000508));
#8548=CARTESIAN_POINT('',(-25.775672845,28.385570821,19.6000508));
#8549=CARTESIAN_POINT('',(-25.775672845,28.385570821,18.6000508));
#8550=B_SPLINE_SURFACE_WITH_KNOTS('',3,1,((#8542,#8543),(#8544,#8545),(#8546,#8547),(#8548,#8549)),.UNSPECIFIED.,.F.,.F.,.U.,(4,4),(2,2),(0.207003061,0.221475064),(0.,1.),.UNSPECIFIED.);
#8551=CARTESIAN_POINT('',(-25.775672845,28.385570821,18.6000508));
#8552=VERTEX_POINT('',#8551);
#8553=CARTESIAN_POINT('',(-26.525496487,30.272529279,18.6000508));
#8554=CARTESIAN_POINT('',(-26.269200462,29.647763754,18.6000508));
#8555=CARTESIAN_POINT('',(-26.019720206,29.01806521,18.6000508));
#8556=CARTESIAN_POINT('',(-25.775672845,28.38557082,18.6000508));
#8557=B_SPLINE_CURVE_WITH_KNOTS('',3,(#8553,#8554,#8555,#8556),.UNSPECIFIED.,.F.,.F.,(4,4),(0.207003061,0.221475064),.UNSPECIFIED.);
#8558=EDGE_CURVE('',#8506,#8552,#8557,.T.);
#8559=ORIENTED_EDGE('',*,*,#8558,.F.);
#8560=ORIENTED_EDGE('',*,*,#8537,.F.);
#8561=CARTESIAN_POINT('',(-25.775672845,28.385570821,19.6000508));
#8562=VERTEX_POINT('',#8561);
#8563=CARTESIAN_POINT('',(-26.525496487,30.272529279,19.6000508));
#8564=CARTESIAN_POINT('',(-26.269200462,29.647763754,19.6000508));
#8565=CARTESIAN_POINT('',(-26.019720206,29.01806521,19.6000508));
#8566=CARTESIAN_POINT('',(-25.775672845,28.38557082,19.6000508));
#8567=B_SPLINE_CURVE_WITH_KNOTS('',3,(#8563,#8564,#8565,#8566),.UNSPECIFIED.,.F.,.F.,(4,4),(0.207003061,0.221475064),.UNSPECIFIED.);
#8568=EDGE_CURVE('',#8525,#8562,#8567,.T.);
#8569=ORIENTED_EDGE('',*,*,#8568,.T.);
#8570=CARTESIAN_POINT('',(-25.775672845,28.385570821,19.6000508));
#8571=DIRECTION('',(0.,0.,-1.));
#8572=VECTOR('',#8571,1.);
#8573=LINE('',#8570,#8572);
#8574=EDGE_CURVE('',#8562,#8552,#8573,.T.);
#8575=ORIENTED_EDGE('',*,*,#8574,.T.);
#8576=EDGE_LOOP('',(#8559,#8560,#8569,#8575));
#8577=FACE_BOUND('',#8576,.T.);
#8578=ADVANCED_FACE('',(#8577),#8550,.T.);
#8579=CARTESIAN_POINT('',(-25.775672845,28.385570821,19.6000508));
#8580=CARTESIAN_POINT('',(-25.775672845,28.385570821,18.6000508));
#8581=CARTESIAN_POINT('',(-31.421707549,26.439244474,19.6000508));
#8582=CARTESIAN_POINT('',(-31.421707549,26.439244474,18.6000508));
#8583=CARTESIAN_POINT('',(-35.463078246,23.935575416,19.6000508));
#8584=CARTESIAN_POINT('',(-35.463078246,23.935575416,18.6000508));
#8585=CARTESIAN_POINT('',(-37.899784936,20.874563648,19.6000508));
#8586=CARTESIAN_POINT('',(-37.899784936,20.874563648,18.6000508));
#8587=B_SPLINE_SURFACE_WITH_KNOTS('',3,1,((#8579,#8580),(#8581,#8582),(#8583,#8584),(#8585,#8586)),.UNSPECIFIED.,.F.,.F.,.U.,(4,4),(2,2),(0.,0.336798692),(0.,1.),.UNSPECIFIED.);
#8588=CARTESIAN_POINT('',(-25.775672845,28.385570821,18.6000508));
#8589=CARTESIAN_POINT('',(-31.421707546,26.439244475,18.6000508));
#8590=CARTESIAN_POINT('',(-35.463078241,23.935575418,18.6000508));
#8591=CARTESIAN_POINT('',(-37.899784932,20.874563653,18.6000508));
#8592=B_SPLINE_CURVE_WITH_KNOTS('',3,(#8588,#8589,#8590,#8591),.UNSPECIFIED.,.F.,.F.,(4,4),(0.,0.336798691),.UNSPECIFIED.);
#8593=EDGE_CURVE('',#8552,#8508,#8592,.T.);
#8594=ORIENTED_EDGE('',*,*,#8593,.F.);
#8595=ORIENTED_EDGE('',*,*,#8574,.F.);
#8596=CARTESIAN_POINT('',(-25.775672845,28.385570821,19.6000508));
#8597=CARTESIAN_POINT('',(-31.421707546,26.439244475,19.6000508));
#8598=CARTESIAN_POINT('',(-35.463078241,23.935575418,19.6000508));
#8599=CARTESIAN_POINT('',(-37.899784932,20.874563653,19.6000508));
#8600=B_SPLINE_CURVE_WITH_KNOTS('',3,(#8596,#8597,#8598,#8599),.UNSPECIFIED.,.F.,.F.,(4,4),(0.,0.336798691),.UNSPECIFIED.);
#8601=EDGE_CURVE('',#8562,#8517,#8600,.T.);
#8602=ORIENTED_EDGE('',*,*,#8601,.T.);
#8603=ORIENTED_EDGE('',*,*,#8522,.T.);
#8604=EDGE_LOOP('',(#8594,#8595,#8602,#8603));
#8605=FACE_BOUND('',#8604,.T.);
#8606=ADVANCED_FACE('',(#8605),#8587,.T.);
#8607=CARTESIAN_POINT('',(23.113044952,-4.245477658,19.6000508));
#8608=DIRECTION('',(0.,0.,-1.));
#8609=DIRECTION('',(-1.,0.,0.));
#8610=AXIS2_PLACEMENT_3D('',#8607,#8608,#8609);
#8611=PLANE('',#8610);
#8612=ORIENTED_EDGE('',*,*,#8531,.T.);
#8613=ORIENTED_EDGE('',*,*,#8601,.F.);
#8614=ORIENTED_EDGE('',*,*,#8568,.F.);
#8615=EDGE_LOOP('',(#8612,#8613,#8614));
#8616=FACE_BOUND('',#8615,.T.);
#8617=ADVANCED_FACE('',(#8616),#8611,.F.);
#8618=CARTESIAN_POINT('',(23.113044952,-4.245477658,18.6000508));
#8619=DIRECTION('',(0.,0.,-1.));
#8620=DIRECTION('',(-1.,0.,0.));
#8621=AXIS2_PLACEMENT_3D('',#8618,#8619,#8620);
#8622=PLANE('',#8621);
#8623=ORIENTED_EDGE('',*,*,#8514,.F.);
#8624=ORIENTED_EDGE('',*,*,#8558,.T.);
#8625=ORIENTED_EDGE('',*,*,#8593,.T.);
#8626=EDGE_LOOP('',(#8623,#8624,#8625));
#8627=FACE_BOUND('',#8626,.T.);
#8628=ADVANCED_FACE('',(#8627),#8622,.T.);
#8629=CLOSED_SHELL('',(#8541,#8578,#8606,#8617,#8628));
#8630=MANIFOLD_SOLID_BREP('Extruded.011',#8629);
#8495=STYLED_ITEM('',(),#8630);
#8632=CARTESIAN_POINT('',(-44.033274573,2.707203836,19.6000508));
#8633=CARTESIAN_POINT('',(-44.033274573,2.707203836,18.6000508));
#8634=CARTESIAN_POINT('',(-41.412899001,2.514477295,19.6000508));
#8635=CARTESIAN_POINT('',(-41.412899001,2.514477295,18.6000508));
#8636=CARTESIAN_POINT('',(-39.080535814,2.063948234,19.6000508));
#8637=CARTESIAN_POINT('',(-39.080535814,2.063948234,18.6000508));
#8638=CARTESIAN_POINT('',(-36.987336321,1.398221346,19.6000508));
#8639=CARTESIAN_POINT('',(-36.987336321,1.398221346,18.6000508));
#8640=B_SPLINE_SURFACE_WITH_KNOTS('',3,1,((#8632,#8633),(#8634,#8635),(#8636,#8637),(#8638,#8639)),.UNSPECIFIED.,.F.,.F.,.U.,(4,4),(2,2),(0.,0.045763586),(0.,1.),.UNSPECIFIED.);
#8641=CARTESIAN_POINT('',(-44.033274573,2.707203836,18.6000508));
#8642=VERTEX_POINT('',#8641);
#8643=CARTESIAN_POINT('',(-36.987336321,1.398221346,18.6000508));
#8644=VERTEX_POINT('',#8643);
#8645=CARTESIAN_POINT('',(-44.033274573,2.707203836,18.6000508));
#8646=CARTESIAN_POINT('',(-41.41289901,2.514477296,18.6000508));
#8647=CARTESIAN_POINT('',(-39.08053583,2.063948237,18.6000508));
#8648=CARTESIAN_POINT('',(-36.987336342,1.398221353,18.6000508));
#8649=B_SPLINE_CURVE_WITH_KNOTS('',3,(#8645,#8646,#8647,#8648),.UNSPECIFIED.,.F.,.F.,(4,4),(0.,0.045763586),.UNSPECIFIED.);
#8650=EDGE_CURVE('',#8642,#8644,#8649,.T.);
#8651=ORIENTED_EDGE('',*,*,#8650,.F.);
#8652=CARTESIAN_POINT('',(-44.033274573,2.707203836,19.6000508));
#8653=VERTEX_POINT('',#8652);
#8654=CARTESIAN_POINT('',(-44.033274573,2.707203836,19.6000508));
#8655=DIRECTION('',(0.,0.,-1.));
#8656=VECTOR('',#8655,1.);
#8657=LINE('',#8654,#8656);
#8658=EDGE_CURVE('',#8653,#8642,#8657,.T.);
#8659=ORIENTED_EDGE('',*,*,#8658,.F.);
#8660=CARTESIAN_POINT('',(-36.987336321,1.398221346,19.6000508));
#8661=VERTEX_POINT('',#8660);
#8662=CARTESIAN_POINT('',(-44.033274573,2.707203836,19.6000508));
#8663=CARTESIAN_POINT('',(-41.41289901,2.514477296,19.6000508));
#8664=CARTESIAN_POINT('',(-39.08053583,2.063948237,19.6000508));
#8665=CARTESIAN_POINT('',(-36.987336342,1.398221353,19.6000508));
#8666=B_SPLINE_CURVE_WITH_KNOTS('',3,(#8662,#8663,#8664,#8665),.UNSPECIFIED.,.F.,.F.,(4,4),(0.,0.045763586),.UNSPECIFIED.);
#8667=EDGE_CURVE('',#8653,#8661,#8666,.T.);
#8668=ORIENTED_EDGE('',*,*,#8667,.T.);
#8669=CARTESIAN_POINT('',(-36.987336321,1.398221346,19.6000508));
#8670=DIRECTION('',(0.,0.,-1.));
#8671=VECTOR('',#8670,1.);
#8672=LINE('',#8669,#8671);
#8673=EDGE_CURVE('',#8661,#8644,#8672,.T.);
#8674=ORIENTED_EDGE('',*,*,#8673,.T.);
#8675=EDGE_LOOP('',(#8651,#8659,#8668,#8674));
#8676=FACE_BOUND('',#8675,.T.);
#8677=ADVANCED_FACE('',(#8676),#8640,.T.);
#8678=CARTESIAN_POINT('',(-36.987336321,1.398221346,19.6000508));
#8679=CARTESIAN_POINT('',(-36.987336321,1.398221346,18.6000508));
#8680=CARTESIAN_POINT('',(-36.047337353,-0.235871592,19.6000508));
#8681=CARTESIAN_POINT('',(-36.047337353,-0.235871592,18.6000508));
#8682=CARTESIAN_POINT('',(-34.92762746,-1.932382938,19.6000508));
#8683=CARTESIAN_POINT('',(-34.92762746,-1.932382938,18.6000508));
#8684=CARTESIAN_POINT('',(-33.628206642,-3.691312694,19.6000508));
#8685=CARTESIAN_POINT('',(-33.628206642,-3.691312694,18.6000508));
#8686=B_SPLINE_SURFACE_WITH_KNOTS('',3,1,((#8678,#8679),(#8680,#8681),(#8682,#8683),(#8684,#8685)),.UNSPECIFIED.,.F.,.F.,.U.,(4,4),(2,2),(0.887289188,1.),(0.,1.),.UNSPECIFIED.);
#8687=CARTESIAN_POINT('',(-33.628206642,-3.691312694,18.6000508));
#8688=VERTEX_POINT('',#8687);
#8689=CARTESIAN_POINT('',(-36.987336235,1.398221197,18.6000508));
#8690=CARTESIAN_POINT('',(-36.047337285,-0.235871695,18.6000508));
#8691=CARTESIAN_POINT('',(-34.927627421,-1.932382992,18.6000508));
#8692=CARTESIAN_POINT('',(-33.628206642,-3.691312694,18.6000508));
#8693=B_SPLINE_CURVE_WITH_KNOTS('',3,(#8689,#8690,#8691,#8692),.UNSPECIFIED.,.F.,.F.,(4,4),(0.887289191,1.),.UNSPECIFIED.);
#8694=EDGE_CURVE('',#8644,#8688,#8693,.T.);
#8695=ORIENTED_EDGE('',*,*,#8694,.F.);
#8696=ORIENTED_EDGE('',*,*,#8673,.F.);
#8697=CARTESIAN_POINT('',(-33.628206642,-3.691312694,19.6000508));
#8698=VERTEX_POINT('',#8697);
#8699=CARTESIAN_POINT('',(-36.987336235,1.398221197,19.6000508));
#8700=CARTESIAN_POINT('',(-36.047337285,-0.235871695,19.6000508));
#8701=CARTESIAN_POINT('',(-34.927627421,-1.932382992,19.6000508));
#8702=CARTESIAN_POINT('',(-33.628206642,-3.691312694,19.6000508));
#8703=B_SPLINE_CURVE_WITH_KNOTS('',3,(#8699,#8700,#8701,#8702),.UNSPECIFIED.,.F.,.F.,(4,4),(0.887289191,1.),.UNSPECIFIED.);
#8704=EDGE_CURVE('',#8661,#8698,#8703,.T.);
#8705=ORIENTED_EDGE('',*,*,#8704,.T.);
#8706=CARTESIAN_POINT('',(-33.628206642,-3.691312694,19.6000508));
#8707=DIRECTION('',(0.,0.,-1.));
#8708=VECTOR('',#8707,1.);
#8709=LINE('',#8706,#8708);
#8710=EDGE_CURVE('',#8698,#8688,#8709,.T.);
#8711=ORIENTED_EDGE('',*,*,#8710,.T.);
#8712=EDGE_LOOP('',(#8695,#8696,#8705,#8711));
#8713=FACE_BOUND('',#8712,.T.);
#8714=ADVANCED_FACE('',(#8713),#8686,.T.);
#8715=CARTESIAN_POINT('',(-45.75381099,-0.108778131,19.6000508));
#8716=CARTESIAN_POINT('',(-45.75381099,-0.108778131,18.6000508));
#8717=CARTESIAN_POINT('',(-40.788643492,-0.473962255,19.6000508));
#8718=CARTESIAN_POINT('',(-40.788643492,-0.473962255,18.6000508));
#8719=CARTESIAN_POINT('',(-36.857550634,-1.764756044,19.6000508));
#8720=CARTESIAN_POINT('',(-36.857550634,-1.764756044,18.6000508));
#8721=CARTESIAN_POINT('',(-33.628206642,-3.691312694,19.6000508));
#8722=CARTESIAN_POINT('',(-33.628206642,-3.691312694,18.6000508));
#8723=B_SPLINE_SURFACE_WITH_KNOTS('',3,1,((#8715,#8716),(#8717,#8718),(#8719,#8720),(#8721,#8722)),.UNSPECIFIED.,.F.,.F.,.U.,(4,4),(2,2),(0.,0.086714238),(0.,1.),.UNSPECIFIED.);
#8724=CARTESIAN_POINT('',(-45.75381099,-0.108778131,18.6000508));
#8725=VERTEX_POINT('',#8724);
#8726=CARTESIAN_POINT('',(-45.75381099,-0.108778131,18.6000508));
#8727=CARTESIAN_POINT('',(-40.788643525,-0.473962252,18.6000508));
#8728=CARTESIAN_POINT('',(-36.857550686,-1.764756027,18.6000508));
#8729=CARTESIAN_POINT('',(-33.628206707,-3.691312655,18.6000508));
#8730=B_SPLINE_CURVE_WITH_KNOTS('',3,(#8726,#8727,#8728,#8729),.UNSPECIFIED.,.F.,.F.,(4,4),(0.,0.086714237),.UNSPECIFIED.);
#8731=EDGE_CURVE('',#8725,#8688,#8730,.T.);
#8732=ORIENTED_EDGE('',*,*,#8731,.T.);
#8733=ORIENTED_EDGE('',*,*,#8710,.F.);
#8734=CARTESIAN_POINT('',(-45.75381099,-0.108778131,19.6000508));
#8735=VERTEX_POINT('',#8734);
#8736=CARTESIAN_POINT('',(-45.75381099,-0.108778131,19.6000508));
#8737=CARTESIAN_POINT('',(-40.788643525,-0.473962252,19.6000508));
#8738=CARTESIAN_POINT('',(-36.857550686,-1.764756027,19.6000508));
#8739=CARTESIAN_POINT('',(-33.628206707,-3.691312655,19.6000508));
#8740=B_SPLINE_CURVE_WITH_KNOTS('',3,(#8736,#8737,#8738,#8739),.UNSPECIFIED.,.F.,.F.,(4,4),(0.,0.086714237),.UNSPECIFIED.);
#8741=EDGE_CURVE('',#8735,#8698,#8740,.T.);
#8742=ORIENTED_EDGE('',*,*,#8741,.F.);
#8743=CARTESIAN_POINT('',(-45.75381099,-0.108778131,19.6000508));
#8744=DIRECTION('',(0.,0.,-1.));
#8745=VECTOR('',#8744,1.);
#8746=LINE('',#8743,#8745);
#8747=EDGE_CURVE('',#8735,#8725,#8746,.T.);
#8748=ORIENTED_EDGE('',*,*,#8747,.T.);
#8749=EDGE_LOOP('',(#8732,#8733,#8742,#8748));
#8750=FACE_BOUND('',#8749,.T.);
#8751=ADVANCED_FACE('',(#8750),#8723,.F.);
#8752=CARTESIAN_POINT('',(-45.75381099,-0.108778131,19.6000508));
#8753=DIRECTION('',(-0.853327869,0.521374672,0.));
#8754=DIRECTION('',(-0.521374672,-0.853327869,0.));
#8755=AXIS2_PLACEMENT_3D('',#8752,#8753,#8754);
#8756=PLANE('',#8755);
#8757=CARTESIAN_POINT('',(-45.75381099,-0.108778131,18.6000508));
#8758=DIRECTION('',(0.521374672,0.853327869,0.));
#8759=VECTOR('',#8758,3.3);
#8760=LINE('',#8757,#8759);
#8761=EDGE_CURVE('',#8725,#8642,#8760,.T.);
#8762=ORIENTED_EDGE('',*,*,#8761,.F.);
#8763=ORIENTED_EDGE('',*,*,#8747,.F.);
#8764=CARTESIAN_POINT('',(-45.75381099,-0.108778131,19.6000508));
#8765=DIRECTION('',(0.521374672,0.853327869,0.));
#8766=VECTOR('',#8765,3.3);
#8767=LINE('',#8764,#8766);
#8768=EDGE_CURVE('',#8735,#8653,#8767,.T.);
#8769=ORIENTED_EDGE('',*,*,#8768,.T.);
#8770=ORIENTED_EDGE('',*,*,#8658,.T.);
#8771=EDGE_LOOP('',(#8762,#8763,#8769,#8770));
#8772=FACE_BOUND('',#8771,.T.);
#8773=ADVANCED_FACE('',(#8772),#8756,.T.);
#8774=CARTESIAN_POINT('',(23.113044952,-4.245477658,19.6000508));
#8775=DIRECTION('',(0.,0.,-1.));
#8776=DIRECTION('',(-1.,0.,0.));
#8777=AXIS2_PLACEMENT_3D('',#8774,#8775,#8776);
#8778=PLANE('',#8777);
#8779=ORIENTED_EDGE('',*,*,#8667,.F.);
#8780=ORIENTED_EDGE('',*,*,#8768,.F.);
#8781=ORIENTED_EDGE('',*,*,#8741,.T.);
#8782=ORIENTED_EDGE('',*,*,#8704,.F.);
#8783=EDGE_LOOP('',(#8779,#8780,#8781,#8782));
#8784=FACE_BOUND('',#8783,.T.);
#8785=ADVANCED_FACE('',(#8784),#8778,.F.);
#8786=CARTESIAN_POINT('',(23.113044952,-4.245477658,18.6000508));
#8787=DIRECTION('',(0.,0.,-1.));
#8788=DIRECTION('',(-1.,0.,0.));
#8789=AXIS2_PLACEMENT_3D('',#8786,#8787,#8788);
#8790=PLANE('',#8789);
#8791=ORIENTED_EDGE('',*,*,#8650,.T.);
#8792=ORIENTED_EDGE('',*,*,#8694,.T.);
#8793=ORIENTED_EDGE('',*,*,#8731,.F.);
#8794=ORIENTED_EDGE('',*,*,#8761,.T.);
#8795=EDGE_LOOP('',(#8791,#8792,#8793,#8794));
#8796=FACE_BOUND('',#8795,.T.);
#8797=ADVANCED_FACE('',(#8796),#8790,.T.);
#8798=CLOSED_SHELL('',(#8677,#8714,#8751,#8773,#8785,#8797));
#8799=MANIFOLD_SOLID_BREP('Extruded.012',#8798);
#8631=STYLED_ITEM('',(),#8799);
#8801=CARTESIAN_POINT('',(-36.987336321,1.398221346,19.6000508));
#8802=CARTESIAN_POINT('',(-36.987336321,1.398221346,18.6000508));
#8803=CARTESIAN_POINT('',(-36.047337353,-0.235871592,19.6000508));
#8804=CARTESIAN_POINT('',(-36.047337353,-0.235871592,18.6000508));
#8805=CARTESIAN_POINT('',(-34.92762746,-1.932382938,19.6000508));
#8806=CARTESIAN_POINT('',(-34.92762746,-1.932382938,18.6000508));
#8807=CARTESIAN_POINT('',(-33.628206642,-3.691312694,19.6000508));
#8808=CARTESIAN_POINT('',(-33.628206642,-3.691312694,18.6000508));
#8809=B_SPLINE_SURFACE_WITH_KNOTS('',3,1,((#8801,#8802),(#8803,#8804),(#8805,#8806),(#8807,#8808)),.UNSPECIFIED.,.F.,.F.,.U.,(4,4),(2,2),(0.887289188,1.),(0.,1.),.UNSPECIFIED.);
#8810=CARTESIAN_POINT('',(-36.987336321,1.398221346,18.6000508));
#8811=VERTEX_POINT('',#8810);
#8812=CARTESIAN_POINT('',(-33.628206642,-3.691312694,18.6000508));
#8813=VERTEX_POINT('',#8812);
#8814=CARTESIAN_POINT('',(-36.987336235,1.398221197,18.6000508));
#8815=CARTESIAN_POINT('',(-36.047337285,-0.235871695,18.6000508));
#8816=CARTESIAN_POINT('',(-34.927627421,-1.932382992,18.6000508));
#8817=CARTESIAN_POINT('',(-33.628206642,-3.691312694,18.6000508));
#8818=B_SPLINE_CURVE_WITH_KNOTS('',3,(#8814,#8815,#8816,#8817),.UNSPECIFIED.,.F.,.F.,(4,4),(0.887289191,1.),.UNSPECIFIED.);
#8819=EDGE_CURVE('',#8811,#8813,#8818,.T.);
#8820=ORIENTED_EDGE('',*,*,#8819,.T.);
#8821=CARTESIAN_POINT('',(-33.628206642,-3.691312694,19.6000508));
#8822=VERTEX_POINT('',#8821);
#8823=CARTESIAN_POINT('',(-33.628206642,-3.691312694,19.6000508));
#8824=DIRECTION('',(0.,0.,-1.));
#8825=VECTOR('',#8824,1.);
#8826=LINE('',#8823,#8825);
#8827=EDGE_CURVE('',#8822,#8813,#8826,.T.);
#8828=ORIENTED_EDGE('',*,*,#8827,.F.);
#8829=CARTESIAN_POINT('',(-36.987336321,1.398221346,19.6000508));
#8830=VERTEX_POINT('',#8829);
#8831=CARTESIAN_POINT('',(-36.987336235,1.398221197,19.6000508));
#8832=CARTESIAN_POINT('',(-36.047337285,-0.235871695,19.6000508));
#8833=CARTESIAN_POINT('',(-34.927627421,-1.932382992,19.6000508));
#8834=CARTESIAN_POINT('',(-33.628206642,-3.691312694,19.6000508));
#8835=B_SPLINE_CURVE_WITH_KNOTS('',3,(#8831,#8832,#8833,#8834),.UNSPECIFIED.,.F.,.F.,(4,4),(0.887289191,1.),.UNSPECIFIED.);
#8836=EDGE_CURVE('',#8830,#8822,#8835,.T.);
#8837=ORIENTED_EDGE('',*,*,#8836,.F.);
#8838=CARTESIAN_POINT('',(-36.987336321,1.398221346,19.6000508));
#8839=DIRECTION('',(0.,0.,-1.));
#8840=VECTOR('',#8839,1.);
#8841=LINE('',#8838,#8840);
#8842=EDGE_CURVE('',#8830,#8811,#8841,.T.);
#8843=ORIENTED_EDGE('',*,*,#8842,.T.);
#8844=EDGE_LOOP('',(#8820,#8828,#8837,#8843));
#8845=FACE_BOUND('',#8844,.T.);
#8846=ADVANCED_FACE('',(#8845),#8809,.F.);
#8847=CARTESIAN_POINT('',(-36.987336321,1.398221346,19.6000508));
#8848=CARTESIAN_POINT('',(-36.987336321,1.398221346,18.6000508));
#8849=CARTESIAN_POINT('',(-20.796958133,-3.751010785,19.6000508));
#8850=CARTESIAN_POINT('',(-20.796958133,-3.751010785,18.6000508));
#8851=CARTESIAN_POINT('',(-18.709319075,-23.743291854,19.6000508));
#8852=CARTESIAN_POINT('',(-18.709319075,-23.743291854,18.6000508));
#8853=CARTESIAN_POINT('',(-6.414485241,-35.319265567,19.6000508));
#8854=CARTESIAN_POINT('',(-6.414485241,-35.319265567,18.6000508));
#8855=CARTESIAN_POINT('',(-5.119959421,-36.374205775,19.6000508));
#8856=CARTESIAN_POINT('',(-5.119959421,-36.374205775,18.6000508));
#8857=B_SPLINE_SURFACE_WITH_KNOTS('',3,1,((#8847,#8848),(#8849,#8850),(#8851,#8852),(#8853,#8854),(#8855,#8856)),.UNSPECIFIED.,.F.,.F.,.U.,(4,1,4),(2,2),(0.045763586,0.399733559,0.438393934),(0.,1.),.UNSPECIFIED.);
#8858=CARTESIAN_POINT('',(-5.119959423,-36.374205773,18.6000508));
#8859=VERTEX_POINT('',#8858);
#8860=CARTESIAN_POINT('',(-36.987336342,1.398221353,18.6000508));
#8861=CARTESIAN_POINT('',(-20.796958134,-3.751010769,18.6000508));
#8862=CARTESIAN_POINT('',(-18.70931908,-23.743291849,18.6000508));
#8863=CARTESIAN_POINT('',(-6.414485241,-35.319265567,18.6000508));
#8864=CARTESIAN_POINT('',(-5.119959421,-36.374205775,18.6000508));
#8865=B_SPLINE_CURVE_WITH_KNOTS('',3,(#8860,#8861,#8862,#8863,#8864),.UNSPECIFIED.,.F.,.F.,(4,1,4),(0.045763586,0.399733559,0.438393934),.UNSPECIFIED.);
#8866=EDGE_CURVE('',#8811,#8859,#8865,.T.);
#8867=ORIENTED_EDGE('',*,*,#8866,.F.);
#8868=ORIENTED_EDGE('',*,*,#8842,.F.);
#8869=CARTESIAN_POINT('',(-5.119959423,-36.374205773,19.6000508));
#8870=VERTEX_POINT('',#8869);
#8871=CARTESIAN_POINT('',(-36.987336342,1.398221353,19.6000508));
#8872=CARTESIAN_POINT('',(-20.796958134,-3.751010769,19.6000508));
#8873=CARTESIAN_POINT('',(-18.70931908,-23.743291849,19.6000508));
#8874=CARTESIAN_POINT('',(-6.414485241,-35.319265567,19.6000508));
#8875=CARTESIAN_POINT('',(-5.119959421,-36.374205775,19.6000508));
#8876=B_SPLINE_CURVE_WITH_KNOTS('',3,(#8871,#8872,#8873,#8874,#8875),.UNSPECIFIED.,.F.,.F.,(4,1,4),(0.045763586,0.399733559,0.438393934),.UNSPECIFIED.);
#8877=EDGE_CURVE('',#8830,#8870,#8876,.T.);
#8878=ORIENTED_EDGE('',*,*,#8877,.T.);
#8879=CARTESIAN_POINT('',(-5.119959423,-36.374205773,19.6000508));
#8880=DIRECTION('',(0.,0.,-1.));
#8881=VECTOR('',#8880,1.);
#8882=LINE('',#8879,#8881);
#8883=EDGE_CURVE('',#8870,#8859,#8882,.T.);
#8884=ORIENTED_EDGE('',*,*,#8883,.T.);
#8885=EDGE_LOOP('',(#8867,#8868,#8878,#8884));
#8886=FACE_BOUND('',#8885,.T.);
#8887=ADVANCED_FACE('',(#8886),#8857,.T.);
#8888=CARTESIAN_POINT('',(-5.119959423,-36.374205773,19.6000508));
#8889=CARTESIAN_POINT('',(-5.119959423,-36.374205773,18.6000508));
#8890=CARTESIAN_POINT('',(-6.103955909,-36.903976929,19.6000508));
#8891=CARTESIAN_POINT('',(-6.103955909,-36.903976929,18.6000508));
#8892=CARTESIAN_POINT('',(-7.099449412,-37.481615236,19.6000508));
#8893=CARTESIAN_POINT('',(-7.099449412,-37.481615236,18.6000508));
#8894=CARTESIAN_POINT('',(-8.106439934,-38.107120695,19.6000508));
#8895=CARTESIAN_POINT('',(-8.106439934,-38.107120695,18.6000508));
#8896=B_SPLINE_SURFACE_WITH_KNOTS('',3,1,((#8888,#8889),(#8890,#8891),(#8892,#8893),(#8894,#8895)),.UNSPECIFIED.,.F.,.F.,.U.,(4,4),(2,2),(0.939788183,1.),(0.,1.),.UNSPECIFIED.);
#8897=CARTESIAN_POINT('',(-8.106439934,-38.107120695,18.6000508));
#8898=VERTEX_POINT('',#8897);
#8899=CARTESIAN_POINT('',(-5.119964093,-36.374208287,18.6000508));
#8900=CARTESIAN_POINT('',(-6.103959058,-36.903978756,18.6000508));
#8901=CARTESIAN_POINT('',(-7.099451005,-37.481616226,18.6000508));
#8902=CARTESIAN_POINT('',(-8.106439934,-38.107120695,18.6000508));
#8903=B_SPLINE_CURVE_WITH_KNOTS('',3,(#8899,#8900,#8901,#8902),.UNSPECIFIED.,.F.,.F.,(4,4),(0.939788278,1.),.UNSPECIFIED.);
#8904=EDGE_CURVE('',#8859,#8898,#8903,.T.);
#8905=ORIENTED_EDGE('',*,*,#8904,.F.);
#8906=ORIENTED_EDGE('',*,*,#8883,.F.);
#8907=CARTESIAN_POINT('',(-8.106439934,-38.107120695,19.6000508));
#8908=VERTEX_POINT('',#8907);
#8909=CARTESIAN_POINT('',(-5.119964093,-36.374208287,19.6000508));
#8910=CARTESIAN_POINT('',(-6.103959058,-36.903978756,19.6000508));
#8911=CARTESIAN_POINT('',(-7.099451005,-37.481616226,19.6000508));
#8912=CARTESIAN_POINT('',(-8.106439934,-38.107120695,19.6000508));
#8913=B_SPLINE_CURVE_WITH_KNOTS('',3,(#8909,#8910,#8911,#8912),.UNSPECIFIED.,.F.,.F.,(4,4),(0.939788278,1.),.UNSPECIFIED.);
#8914=EDGE_CURVE('',#8870,#8908,#8913,.T.);
#8915=ORIENTED_EDGE('',*,*,#8914,.T.);
#8916=CARTESIAN_POINT('',(-8.106439934,-38.107120695,19.6000508));
#8917=DIRECTION('',(0.,0.,-1.));
#8918=VECTOR('',#8917,1.);
#8919=LINE('',#8916,#8918);
#8920=EDGE_CURVE('',#8908,#8898,#8919,.T.);
#8921=ORIENTED_EDGE('',*,*,#8920,.T.);
#8922=EDGE_LOOP('',(#8905,#8906,#8915,#8921));
#8923=FACE_BOUND('',#8922,.T.);
#8924=ADVANCED_FACE('',(#8923),#8896,.T.);
#8925=CARTESIAN_POINT('',(-33.628206642,-3.691312694,19.6000508));
#8926=CARTESIAN_POINT('',(-33.628206642,-3.691312694,18.6000508));
#8927=CARTESIAN_POINT('',(-21.970985312,-10.64575834,19.6000508));
#8928=CARTESIAN_POINT('',(-21.970985312,-10.64575834,18.6000508));
#8929=CARTESIAN_POINT('',(-19.250983171,-27.139284934,19.6000508));
#8930=CARTESIAN_POINT('',(-19.250983171,-27.139284934,18.6000508));
#8931=CARTESIAN_POINT('',(-8.931066636,-37.366328245,19.6000508));
#8932=CARTESIAN_POINT('',(-8.931066636,-37.366328245,18.6000508));
#8933=CARTESIAN_POINT('',(-8.106439934,-38.107120695,19.6000508));
#8934=CARTESIAN_POINT('',(-8.106439934,-38.107120695,18.6000508));
#8935=B_SPLINE_SURFACE_WITH_KNOTS('',3,1,((#8925,#8926),(#8927,#8928),(#8929,#8930),(#8931,#8932),(#8933,#8934)),.UNSPECIFIED.,.F.,.F.,.U.,(4,1,4),(2,2),(0.086714238,0.399733559,0.425507694),(0.,1.),.UNSPECIFIED.);
#8936=CARTESIAN_POINT('',(-33.628206707,-3.691312655,18.6000508));
#8937=CARTESIAN_POINT('',(-21.970985321,-10.645758284,18.6000508));
#8938=CARTESIAN_POINT('',(-19.250983188,-27.139284925,18.6000508));
#8939=CARTESIAN_POINT('',(-8.931066626,-37.366328255,18.6000508));
#8940=CARTESIAN_POINT('',(-8.106439918,-38.107120709,18.6000508));
#8941=B_SPLINE_CURVE_WITH_KNOTS('',3,(#8936,#8937,#8938,#8939,#8940),.UNSPECIFIED.,.F.,.F.,(4,1,4),(0.086714237,0.399733559,0.425507695),.UNSPECIFIED.);
#8942=EDGE_CURVE('',#8813,#8898,#8941,.T.);
#8943=ORIENTED_EDGE('',*,*,#8942,.T.);
#8944=ORIENTED_EDGE('',*,*,#8920,.F.);
#8945=CARTESIAN_POINT('',(-33.628206707,-3.691312655,19.6000508));
#8946=CARTESIAN_POINT('',(-21.970985321,-10.645758284,19.6000508));
#8947=CARTESIAN_POINT('',(-19.250983188,-27.139284925,19.6000508));
#8948=CARTESIAN_POINT('',(-8.931066626,-37.366328255,19.6000508));
#8949=CARTESIAN_POINT('',(-8.106439918,-38.107120709,19.6000508));
#8950=B_SPLINE_CURVE_WITH_KNOTS('',3,(#8945,#8946,#8947,#8948,#8949),.UNSPECIFIED.,.F.,.F.,(4,1,4),(0.086714237,0.399733559,0.425507695),.UNSPECIFIED.);
#8951=EDGE_CURVE('',#8822,#8908,#8950,.T.);
#8952=ORIENTED_EDGE('',*,*,#8951,.F.);
#8953=ORIENTED_EDGE('',*,*,#8827,.T.);
#8954=EDGE_LOOP('',(#8943,#8944,#8952,#8953));
#8955=FACE_BOUND('',#8954,.T.);
#8956=ADVANCED_FACE('',(#8955),#8935,.F.);
#8957=CARTESIAN_POINT('',(23.113044952,-4.245477658,19.6000508));
#8958=DIRECTION('',(0.,0.,-1.));
#8959=DIRECTION('',(-1.,0.,0.));
#8960=AXIS2_PLACEMENT_3D('',#8957,#8958,#8959);
#8961=PLANE('',#8960);
#8962=ORIENTED_EDGE('',*,*,#8836,.T.);
#8963=ORIENTED_EDGE('',*,*,#8951,.T.);
#8964=ORIENTED_EDGE('',*,*,#8914,.F.);
#8965=ORIENTED_EDGE('',*,*,#8877,.F.);
#8966=EDGE_LOOP('',(#8962,#8963,#8964,#8965));
#8967=FACE_BOUND('',#8966,.T.);
#8968=ADVANCED_FACE('',(#8967),#8961,.F.);
#8969=CARTESIAN_POINT('',(23.113044952,-4.245477658,18.6000508));
#8970=DIRECTION('',(0.,0.,-1.));
#8971=DIRECTION('',(-1.,0.,0.));
#8972=AXIS2_PLACEMENT_3D('',#8969,#8970,#8971);
#8973=PLANE('',#8972);
#8974=ORIENTED_EDGE('',*,*,#8819,.F.);
#8975=ORIENTED_EDGE('',*,*,#8866,.T.);
#8976=ORIENTED_EDGE('',*,*,#8904,.T.);
#8977=ORIENTED_EDGE('',*,*,#8942,.F.);
#8978=EDGE_LOOP('',(#8974,#8975,#8976,#8977));
#8979=FACE_BOUND('',#8978,.T.);
#8980=ADVANCED_FACE('',(#8979),#8973,.T.);
#8981=CLOSED_SHELL('',(#8846,#8887,#8924,#8956,#8968,#8980));
#8982=MANIFOLD_SOLID_BREP('Extruded.013',#8981);
#8800=STYLED_ITEM('',(),#8982);
#8984=CARTESIAN_POINT('',(32.552404622,-46.5510059,19.6000508));
#8985=CARTESIAN_POINT('',(32.552404622,-46.5510059,18.6000508));
#8986=CARTESIAN_POINT('',(32.102325163,-45.856593346,19.6000508));
#8987=CARTESIAN_POINT('',(32.102325163,-45.856593346,18.6000508));
#8988=CARTESIAN_POINT('',(31.646285544,-45.186995567,19.6000508));
#8989=CARTESIAN_POINT('',(31.646285544,-45.186995567,18.6000508));
#8990=CARTESIAN_POINT('',(31.184285763,-44.542212565,19.6000508));
#8991=CARTESIAN_POINT('',(31.184285763,-44.542212565,18.6000508));
#8992=B_SPLINE_SURFACE_WITH_KNOTS('',3,1,((#8984,#8985),(#8986,#8987),(#8988,#8989),(#8990,#8991)),.UNSPECIFIED.,.F.,.F.,.U.,(4,4),(2,2),(0.,0.043352897),(0.,1.),.UNSPECIFIED.);
#8993=CARTESIAN_POINT('',(32.552404621,-46.5510059,18.6000508));
#8994=VERTEX_POINT('',#8993);
#8995=CARTESIAN_POINT('',(31.184285763,-44.542212565,18.6000508));
#8996=VERTEX_POINT('',#8995);
#8997=CARTESIAN_POINT('',(32.552404622,-46.5510059,18.6000508));
#8998=CARTESIAN_POINT('',(32.102325174,-45.856593362,18.6000508));
#8999=CARTESIAN_POINT('',(31.646285566,-45.186995599,18.6000508));
#9000=CARTESIAN_POINT('',(31.184285796,-44.542212611,18.6000508));
#9001=B_SPLINE_CURVE_WITH_KNOTS('',3,(#8997,#8998,#8999,#9000),.UNSPECIFIED.,.F.,.F.,(4,4),(0.,0.043352896),.UNSPECIFIED.);
#9002=EDGE_CURVE('',#8994,#8996,#9001,.T.);
#9003=ORIENTED_EDGE('',*,*,#9002,.T.);
#9004=CARTESIAN_POINT('',(31.184285763,-44.542212565,19.6000508));
#9005=VERTEX_POINT('',#9004);
#9006=CARTESIAN_POINT('',(31.184285763,-44.542212565,19.6000508));
#9007=DIRECTION('',(0.,0.,-1.));
#9008=VECTOR('',#9007,1.);
#9009=LINE('',#9006,#9008);
#9010=EDGE_CURVE('',#9005,#8996,#9009,.T.);
#9011=ORIENTED_EDGE('',*,*,#9010,.F.);
#9012=CARTESIAN_POINT('',(32.552404621,-46.5510059,19.6000508));
#9013=VERTEX_POINT('',#9012);
#9014=CARTESIAN_POINT('',(32.552404622,-46.5510059,19.6000508));
#9015=CARTESIAN_POINT('',(32.102325174,-45.856593362,19.6000508));
#9016=CARTESIAN_POINT('',(31.646285566,-45.186995599,19.6000508));
#9017=CARTESIAN_POINT('',(31.184285796,-44.542212611,19.6000508));
#9018=B_SPLINE_CURVE_WITH_KNOTS('',3,(#9014,#9015,#9016,#9017),.UNSPECIFIED.,.F.,.F.,(4,4),(0.,0.043352896),.UNSPECIFIED.);
#9019=EDGE_CURVE('',#9013,#9005,#9018,.T.);
#9020=ORIENTED_EDGE('',*,*,#9019,.F.);
#9021=CARTESIAN_POINT('',(32.552404621,-46.5510059,19.6000508));
#9022=DIRECTION('',(0.,0.,-1.));
#9023=VECTOR('',#9022,1.);
#9024=LINE('',#9021,#9023);
#9025=EDGE_CURVE('',#9013,#8994,#9024,.T.);
#9026=ORIENTED_EDGE('',*,*,#9025,.T.);
#9027=EDGE_LOOP('',(#9003,#9011,#9020,#9026));
#9028=FACE_BOUND('',#9027,.T.);
#9029=ADVANCED_FACE('',(#9028),#8992,.F.);
#9030=CARTESIAN_POINT('',(-8.106439934,-38.107120695,19.6000508));
#9031=CARTESIAN_POINT('',(-8.106439934,-38.107120695,18.6000508));
#9032=CARTESIAN_POINT('',(2.180853388,-47.348574066,19.6000508));
#9033=CARTESIAN_POINT('',(2.180853388,-47.348574066,18.6000508));
#9034=CARTESIAN_POINT('',(18.619520538,-50.794033109,19.6000508));
#9035=CARTESIAN_POINT('',(18.619520538,-50.794033109,18.6000508));
#9036=CARTESIAN_POINT('',(32.552404621,-46.5510059,19.6000508));
#9037=CARTESIAN_POINT('',(32.552404621,-46.5510059,18.6000508));
#9038=B_SPLINE_SURFACE_WITH_KNOTS('',3,1,((#9030,#9031),(#9032,#9033),(#9034,#9035),(#9036,#9037)),.UNSPECIFIED.,.F.,.F.,.U.,(4,4),(2,2),(0.425507694,0.747042383),(0.,1.),.UNSPECIFIED.);
#9039=CARTESIAN_POINT('',(-8.106439934,-38.107120695,18.6000508));
#9040=VERTEX_POINT('',#9039);
#9041=CARTESIAN_POINT('',(-8.106439918,-38.107120709,18.6000508));
#9042=CARTESIAN_POINT('',(2.180853405,-47.34857407,18.6000508));
#9043=CARTESIAN_POINT('',(18.619520545,-50.794033107,18.6000508));
#9044=CARTESIAN_POINT('',(32.552404621,-46.5510059,18.6000508));
#9045=B_SPLINE_CURVE_WITH_KNOTS('',3,(#9041,#9042,#9043,#9044),.UNSPECIFIED.,.F.,.F.,(4,4),(0.425507695,0.747042383),.UNSPECIFIED.);
#9046=EDGE_CURVE('',#9040,#8994,#9045,.T.);
#9047=ORIENTED_EDGE('',*,*,#9046,.T.);
#9048=ORIENTED_EDGE('',*,*,#9025,.F.);
#9049=CARTESIAN_POINT('',(-8.106439934,-38.107120695,19.6000508));
#9050=VERTEX_POINT('',#9049);
#9051=CARTESIAN_POINT('',(-8.106439918,-38.107120709,19.6000508));
#9052=CARTESIAN_POINT('',(2.180853405,-47.34857407,19.6000508));
#9053=CARTESIAN_POINT('',(18.619520545,-50.794033107,19.6000508));
#9054=CARTESIAN_POINT('',(32.552404621,-46.5510059,19.6000508));
#9055=B_SPLINE_CURVE_WITH_KNOTS('',3,(#9051,#9052,#9053,#9054),.UNSPECIFIED.,.F.,.F.,(4,4),(0.425507695,0.747042383),.UNSPECIFIED.);
#9056=EDGE_CURVE('',#9050,#9013,#9055,.T.);
#9057=ORIENTED_EDGE('',*,*,#9056,.F.);
#9058=CARTESIAN_POINT('',(-8.106439934,-38.107120695,19.6000508));
#9059=DIRECTION('',(0.,0.,-1.));
#9060=VECTOR('',#9059,1.);
#9061=LINE('',#9058,#9060);
#9062=EDGE_CURVE('',#9050,#9040,#9061,.T.);
#9063=ORIENTED_EDGE('',*,*,#9062,.T.);
#9064=EDGE_LOOP('',(#9047,#9048,#9057,#9063));
#9065=FACE_BOUND('',#9064,.T.);
#9066=ADVANCED_FACE('',(#9065),#9038,.F.);
#9067=CARTESIAN_POINT('',(-5.119959423,-36.374205773,19.6000508));
#9068=CARTESIAN_POINT('',(-5.119959423,-36.374205773,18.6000508));
#9069=CARTESIAN_POINT('',(-6.103955909,-36.903976929,19.6000508));
#9070=CARTESIAN_POINT('',(-6.103955909,-36.903976929,18.6000508));
#9071=CARTESIAN_POINT('',(-7.099449412,-37.481615236,19.6000508));
#9072=CARTESIAN_POINT('',(-7.099449412,-37.481615236,18.6000508));
#9073=CARTESIAN_POINT('',(-8.106439934,-38.107120695,19.6000508));
#9074=CARTESIAN_POINT('',(-8.106439934,-38.107120695,18.6000508));
#9075=B_SPLINE_SURFACE_WITH_KNOTS('',3,1,((#9067,#9068),(#9069,#9070),(#9071,#9072),(#9073,#9074)),.UNSPECIFIED.,.F.,.F.,.U.,(4,4),(2,2),(0.939788183,1.),(0.,1.),.UNSPECIFIED.);
#9076=CARTESIAN_POINT('',(-5.119959423,-36.374205773,18.6000508));
#9077=VERTEX_POINT('',#9076);
#9078=CARTESIAN_POINT('',(-5.119964093,-36.374208287,18.6000508));
#9079=CARTESIAN_POINT('',(-6.103959058,-36.903978756,18.6000508));
#9080=CARTESIAN_POINT('',(-7.099451005,-37.481616226,18.6000508));
#9081=CARTESIAN_POINT('',(-8.106439934,-38.107120695,18.6000508));
#9082=B_SPLINE_CURVE_WITH_KNOTS('',3,(#9078,#9079,#9080,#9081),.UNSPECIFIED.,.F.,.F.,(4,4),(0.939788278,1.),.UNSPECIFIED.);
#9083=EDGE_CURVE('',#9077,#9040,#9082,.T.);
#9084=ORIENTED_EDGE('',*,*,#9083,.T.);
#9085=ORIENTED_EDGE('',*,*,#9062,.F.);
#9086=CARTESIAN_POINT('',(-5.119959423,-36.374205773,19.6000508));
#9087=VERTEX_POINT('',#9086);
#9088=CARTESIAN_POINT('',(-5.119964093,-36.374208287,19.6000508));
#9089=CARTESIAN_POINT('',(-6.103959058,-36.903978756,19.6000508));
#9090=CARTESIAN_POINT('',(-7.099451005,-37.481616226,19.6000508));
#9091=CARTESIAN_POINT('',(-8.106439934,-38.107120695,19.6000508));
#9092=B_SPLINE_CURVE_WITH_KNOTS('',3,(#9088,#9089,#9090,#9091),.UNSPECIFIED.,.F.,.F.,(4,4),(0.939788278,1.),.UNSPECIFIED.);
#9093=EDGE_CURVE('',#9087,#9050,#9092,.T.);
#9094=ORIENTED_EDGE('',*,*,#9093,.F.);
#9095=CARTESIAN_POINT('',(-5.119959423,-36.374205773,19.6000508));
#9096=DIRECTION('',(0.,0.,-1.));
#9097=VECTOR('',#9096,1.);
#9098=LINE('',#9095,#9097);
#9099=EDGE_CURVE('',#9087,#9077,#9098,.T.);
#9100=ORIENTED_EDGE('',*,*,#9099,.T.);
#9101=EDGE_LOOP('',(#9084,#9085,#9094,#9100));
#9102=FACE_BOUND('',#9101,.T.);
#9103=ADVANCED_FACE('',(#9102),#9075,.F.);
#9104=CARTESIAN_POINT('',(-5.119959423,-36.374205773,19.6000508));
#9105=CARTESIAN_POINT('',(-5.119959423,-36.374205773,18.6000508));
#9106=CARTESIAN_POINT('',(4.428882204,-44.155786345,19.6000508));
#9107=CARTESIAN_POINT('',(4.428882204,-44.155786345,18.6000508));
#9108=CARTESIAN_POINT('',(18.543505191,-47.318551232,19.6000508));
#9109=CARTESIAN_POINT('',(18.543505191,-47.318551232,18.6000508));
#9110=CARTESIAN_POINT('',(31.184285763,-44.542212565,19.6000508));
#9111=CARTESIAN_POINT('',(31.184285763,-44.542212565,18.6000508));
#9112=B_SPLINE_SURFACE_WITH_KNOTS('',3,1,((#9104,#9105),(#9106,#9107),(#9108,#9109),(#9110,#9111)),.UNSPECIFIED.,.F.,.F.,.U.,(4,4),(2,2),(0.438393934,0.723565377),(0.,1.),.UNSPECIFIED.);
#9113=CARTESIAN_POINT('',(-5.119959421,-36.374205775,18.6000508));
#9114=CARTESIAN_POINT('',(4.428881925,-44.155786117,18.6000508));
#9115=CARTESIAN_POINT('',(18.54350436,-47.318551045,18.6000508));
#9116=CARTESIAN_POINT('',(31.184284646,-44.54221281,18.6000508));
#9117=B_SPLINE_CURVE_WITH_KNOTS('',3,(#9113,#9114,#9115,#9116),.UNSPECIFIED.,.F.,.F.,(4,4),(0.438393934,0.723565368),.UNSPECIFIED.);
#9118=EDGE_CURVE('',#9077,#8996,#9117,.T.);
#9119=ORIENTED_EDGE('',*,*,#9118,.F.);
#9120=ORIENTED_EDGE('',*,*,#9099,.F.);
#9121=CARTESIAN_POINT('',(-5.119959421,-36.374205775,19.6000508));
#9122=CARTESIAN_POINT('',(4.428881925,-44.155786117,19.6000508));
#9123=CARTESIAN_POINT('',(18.54350436,-47.318551045,19.6000508));
#9124=CARTESIAN_POINT('',(31.184284646,-44.54221281,19.6000508));
#9125=B_SPLINE_CURVE_WITH_KNOTS('',3,(#9121,#9122,#9123,#9124),.UNSPECIFIED.,.F.,.F.,(4,4),(0.438393934,0.723565368),.UNSPECIFIED.);
#9126=EDGE_CURVE('',#9087,#9005,#9125,.T.);
#9127=ORIENTED_EDGE('',*,*,#9126,.T.);
#9128=ORIENTED_EDGE('',*,*,#9010,.T.);
#9129=EDGE_LOOP('',(#9119,#9120,#9127,#9128));
#9130=FACE_BOUND('',#9129,.T.);
#9131=ADVANCED_FACE('',(#9130),#9112,.T.);
#9132=CARTESIAN_POINT('',(23.113044952,-4.245477658,19.6000508));
#9133=DIRECTION('',(0.,0.,-1.));
#9134=DIRECTION('',(-1.,0.,0.));
#9135=AXIS2_PLACEMENT_3D('',#9132,#9133,#9134);
#9136=PLANE('',#9135);
#9137=ORIENTED_EDGE('',*,*,#9019,.T.);
#9138=ORIENTED_EDGE('',*,*,#9126,.F.);
#9139=ORIENTED_EDGE('',*,*,#9093,.T.);
#9140=ORIENTED_EDGE('',*,*,#9056,.T.);
#9141=EDGE_LOOP('',(#9137,#9138,#9139,#9140));
#9142=FACE_BOUND('',#9141,.T.);
#9143=ADVANCED_FACE('',(#9142),#9136,.F.);
#9144=CARTESIAN_POINT('',(23.113044952,-4.245477658,18.6000508));
#9145=DIRECTION('',(0.,0.,-1.));
#9146=DIRECTION('',(-1.,0.,0.));
#9147=AXIS2_PLACEMENT_3D('',#9144,#9145,#9146);
#9148=PLANE('',#9147);
#9149=ORIENTED_EDGE('',*,*,#9002,.F.);
#9150=ORIENTED_EDGE('',*,*,#9046,.F.);
#9151=ORIENTED_EDGE('',*,*,#9083,.F.);
#9152=ORIENTED_EDGE('',*,*,#9118,.T.);
#9153=EDGE_LOOP('',(#9149,#9150,#9151,#9152));
#9154=FACE_BOUND('',#9153,.T.);
#9155=ADVANCED_FACE('',(#9154),#9148,.T.);
#9156=CLOSED_SHELL('',(#9029,#9066,#9103,#9131,#9143,#9155));
#9157=MANIFOLD_SOLID_BREP('Extruded.014',#9156);
#8983=STYLED_ITEM('',(),#9157);
#9159=CARTESIAN_POINT('',(5.606611977,-29.96442244,19.6000508));
#9160=CARTESIAN_POINT('',(5.606611977,-29.96442244,18.6000508));
#9161=CARTESIAN_POINT('',(1.808845832,-30.908392986,19.6000508));
#9162=CARTESIAN_POINT('',(1.808845832,-30.908392986,18.6000508));
#9163=CARTESIAN_POINT('',(-2.188659333,-32.683965082,19.6000508));
#9164=CARTESIAN_POINT('',(-2.188659333,-32.683965082,18.6000508));
#9165=CARTESIAN_POINT('',(-6.385903517,-35.291138728,19.6000508));
#9166=CARTESIAN_POINT('',(-6.385903517,-35.291138728,18.6000508));
#9167=B_SPLINE_SURFACE_WITH_KNOTS('',3,1,((#9159,#9160),(#9161,#9162),(#9163,#9164),(#9165,#9166)),.UNSPECIFIED.,.F.,.F.,.U.,(4,4),(2,2),(0.749030706,1.),(0.,1.),.UNSPECIFIED.);
#9168=CARTESIAN_POINT('',(5.606611977,-29.96442244,18.6000508));
#9169=VERTEX_POINT('',#9168);
#9170=CARTESIAN_POINT('',(-6.385903517,-35.291138728,18.6000508));
#9171=VERTEX_POINT('',#9170);
#9172=CARTESIAN_POINT('',(5.606611803,-29.964422483,18.6000508));
#9173=CARTESIAN_POINT('',(1.80884571,-30.90839304,18.6000508));
#9174=CARTESIAN_POINT('',(-2.188659397,-32.683965122,18.6000508));
#9175=CARTESIAN_POINT('',(-6.385903517,-35.291138728,18.6000508));
#9176=B_SPLINE_CURVE_WITH_KNOTS('',3,(#9172,#9173,#9174,#9175),.UNSPECIFIED.,.F.,.F.,(4,4),(0.74903071,1.),.UNSPECIFIED.);
#9177=EDGE_CURVE('',#9169,#9171,#9176,.T.);
#9178=ORIENTED_EDGE('',*,*,#9177,.T.);
#9179=CARTESIAN_POINT('',(-6.385903517,-35.291138728,19.6000508));
#9180=VERTEX_POINT('',#9179);
#9181=CARTESIAN_POINT('',(-6.385903517,-35.291138728,19.6000508));
#9182=DIRECTION('',(0.,0.,-1.));
#9183=VECTOR('',#9182,1.);
#9184=LINE('',#9181,#9183);
#9185=EDGE_CURVE('',#9180,#9171,#9184,.T.);
#9186=ORIENTED_EDGE('',*,*,#9185,.F.);
#9187=CARTESIAN_POINT('',(5.606611977,-29.96442244,19.6000508));
#9188=VERTEX_POINT('',#9187);
#9189=CARTESIAN_POINT('',(5.606611803,-29.964422483,19.6000508));
#9190=CARTESIAN_POINT('',(1.80884571,-30.90839304,19.6000508));
#9191=CARTESIAN_POINT('',(-2.188659397,-32.683965122,19.6000508));
#9192=CARTESIAN_POINT('',(-6.385903517,-35.291138728,19.6000508));
#9193=B_SPLINE_CURVE_WITH_KNOTS('',3,(#9189,#9190,#9191,#9192),.UNSPECIFIED.,.F.,.F.,(4,4),(0.74903071,1.),.UNSPECIFIED.);
#9194=EDGE_CURVE('',#9188,#9180,#9193,.T.);
#9195=ORIENTED_EDGE('',*,*,#9194,.F.);
#9196=CARTESIAN_POINT('',(5.606611977,-29.96442244,19.6000508));
#9197=DIRECTION('',(0.,0.,-1.));
#9198=VECTOR('',#9197,1.);
#9199=LINE('',#9196,#9198);
#9200=EDGE_CURVE('',#9188,#9169,#9199,.T.);
#9201=ORIENTED_EDGE('',*,*,#9200,.T.);
#9202=EDGE_LOOP('',(#9178,#9186,#9195,#9201));
#9203=FACE_BOUND('',#9202,.T.);
#9204=ADVANCED_FACE('',(#9203),#9167,.F.);
#9205=CARTESIAN_POINT('',(5.606611977,-29.96442244,19.6000508));
#9206=CARTESIAN_POINT('',(5.606611977,-29.96442244,18.6000508));
#9207=CARTESIAN_POINT('',(7.060669127,-30.661040038,19.6000508));
#9208=CARTESIAN_POINT('',(7.060669127,-30.661040038,18.6000508));
#9209=CARTESIAN_POINT('',(8.607594535,-31.331875962,19.6000508));
#9210=CARTESIAN_POINT('',(8.607594535,-31.331875962,18.6000508));
#9211=CARTESIAN_POINT('',(10.247388202,-31.976930212,19.6000508));
#9212=CARTESIAN_POINT('',(10.247388202,-31.976930212,18.6000508));
#9213=B_SPLINE_SURFACE_WITH_KNOTS('',3,1,((#9205,#9206),(#9207,#9208),(#9209,#9210),(#9211,#9212)),.UNSPECIFIED.,.F.,.F.,.U.,(4,4),(2,2),(0.919161696,1.),(0.,1.),.UNSPECIFIED.);
#9214=CARTESIAN_POINT('',(10.247388202,-31.976930212,18.6000508));
#9215=VERTEX_POINT('',#9214);
#9216=CARTESIAN_POINT('',(5.606611991,-29.964422446,18.6000508));
#9217=CARTESIAN_POINT('',(7.060669136,-30.661040042,18.6000508));
#9218=CARTESIAN_POINT('',(8.60759454,-31.331875964,18.6000508));
#9219=CARTESIAN_POINT('',(10.247388202,-31.976930212,18.6000508));
#9220=B_SPLINE_CURVE_WITH_KNOTS('',3,(#9216,#9217,#9218,#9219),.UNSPECIFIED.,.F.,.F.,(4,4),(0.919161696,1.),.UNSPECIFIED.);
#9221=EDGE_CURVE('',#9169,#9215,#9220,.T.);
#9222=ORIENTED_EDGE('',*,*,#9221,.F.);
#9223=ORIENTED_EDGE('',*,*,#9200,.F.);
#9224=CARTESIAN_POINT('',(10.247388202,-31.976930212,19.6000508));
#9225=VERTEX_POINT('',#9224);
#9226=CARTESIAN_POINT('',(5.606611991,-29.964422446,19.6000508));
#9227=CARTESIAN_POINT('',(7.060669136,-30.661040042,19.6000508));
#9228=CARTESIAN_POINT('',(8.60759454,-31.331875964,19.6000508));
#9229=CARTESIAN_POINT('',(10.247388202,-31.976930212,19.6000508));
#9230=B_SPLINE_CURVE_WITH_KNOTS('',3,(#9226,#9227,#9228,#9229),.UNSPECIFIED.,.F.,.F.,(4,4),(0.919161696,1.),.UNSPECIFIED.);
#9231=EDGE_CURVE('',#9188,#9225,#9230,.T.);
#9232=ORIENTED_EDGE('',*,*,#9231,.T.);
#9233=CARTESIAN_POINT('',(10.247388202,-31.976930212,19.6000508));
#9234=DIRECTION('',(0.,0.,-1.));
#9235=VECTOR('',#9234,1.);
#9236=LINE('',#9233,#9235);
#9237=EDGE_CURVE('',#9225,#9215,#9236,.T.);
#9238=ORIENTED_EDGE('',*,*,#9237,.T.);
#9239=EDGE_LOOP('',(#9222,#9223,#9232,#9238));
#9240=FACE_BOUND('',#9239,.T.);
#9241=ADVANCED_FACE('',(#9240),#9213,.T.);
#9242=CARTESIAN_POINT('',(10.247388202,-31.976930212,19.6000508));
#9243=CARTESIAN_POINT('',(10.247388202,-31.976930212,18.6000508));
#9244=CARTESIAN_POINT('',(5.481375892,-31.958684861,19.6000508));
#9245=CARTESIAN_POINT('',(5.481375892,-31.958684861,18.6000508));
#9246=CARTESIAN_POINT('',(0.358926684,-33.424443382,19.6000508));
#9247=CARTESIAN_POINT('',(0.358926684,-33.424443382,18.6000508));
#9248=CARTESIAN_POINT('',(-5.119959423,-36.374205773,19.6000508));
#9249=CARTESIAN_POINT('',(-5.119959423,-36.374205773,18.6000508));
#9250=B_SPLINE_SURFACE_WITH_KNOTS('',3,1,((#9242,#9243),(#9244,#9245),(#9246,#9247),(#9248,#9249)),.UNSPECIFIED.,.F.,.F.,.U.,(4,4),(2,2),(0.604529171,0.939788183),(0.,1.),.UNSPECIFIED.);
#9251=CARTESIAN_POINT('',(-5.119959423,-36.374205773,18.6000508));
#9252=VERTEX_POINT('',#9251);
#9253=CARTESIAN_POINT('',(10.247388201,-31.976930212,18.6000508));
#9254=CARTESIAN_POINT('',(5.481374538,-31.958684856,18.6000508));
#9255=CARTESIAN_POINT('',(0.358923773,-33.424444215,18.6000508));
#9256=CARTESIAN_POINT('',(-5.119964093,-36.374208287,18.6000508));
#9257=B_SPLINE_CURVE_WITH_KNOTS('',3,(#9253,#9254,#9255,#9256),.UNSPECIFIED.,.F.,.F.,(4,4),(0.604529171,0.939788278),.UNSPECIFIED.);
#9258=EDGE_CURVE('',#9215,#9252,#9257,.T.);
#9259=ORIENTED_EDGE('',*,*,#9258,.F.);
#9260=ORIENTED_EDGE('',*,*,#9237,.F.);
#9261=CARTESIAN_POINT('',(-5.119959423,-36.374205773,19.6000508));
#9262=VERTEX_POINT('',#9261);
#9263=CARTESIAN_POINT('',(10.247388201,-31.976930212,19.6000508));
#9264=CARTESIAN_POINT('',(5.481374538,-31.958684856,19.6000508));
#9265=CARTESIAN_POINT('',(0.358923773,-33.424444215,19.6000508));
#9266=CARTESIAN_POINT('',(-5.119964093,-36.374208287,19.6000508));
#9267=B_SPLINE_CURVE_WITH_KNOTS('',3,(#9263,#9264,#9265,#9266),.UNSPECIFIED.,.F.,.F.,(4,4),(0.604529171,0.939788278),.UNSPECIFIED.);
#9268=EDGE_CURVE('',#9225,#9262,#9267,.T.);
#9269=ORIENTED_EDGE('',*,*,#9268,.T.);
#9270=CARTESIAN_POINT('',(-5.119959423,-36.374205773,19.6000508));
#9271=DIRECTION('',(0.,0.,-1.));
#9272=VECTOR('',#9271,1.);
#9273=LINE('',#9270,#9272);
#9274=EDGE_CURVE('',#9262,#9252,#9273,.T.);
#9275=ORIENTED_EDGE('',*,*,#9274,.T.);
#9276=EDGE_LOOP('',(#9259,#9260,#9269,#9275));
#9277=FACE_BOUND('',#9276,.T.);
#9278=ADVANCED_FACE('',(#9277),#9250,.T.);
#9279=CARTESIAN_POINT('',(-6.385903517,-35.291138728,19.6000508));
#9280=CARTESIAN_POINT('',(-6.385903517,-35.291138728,18.6000508));
#9281=CARTESIAN_POINT('',(-5.973616664,-35.661511148,19.6000508));
#9282=CARTESIAN_POINT('',(-5.973616664,-35.661511148,18.6000508));
#9283=CARTESIAN_POINT('',(-5.551449541,-36.022574104,19.6000508));
#9284=CARTESIAN_POINT('',(-5.551449541,-36.022574104,18.6000508));
#9285=CARTESIAN_POINT('',(-5.119959423,-36.374205773,19.6000508));
#9286=CARTESIAN_POINT('',(-5.119959423,-36.374205773,18.6000508));
#9287=B_SPLINE_SURFACE_WITH_KNOTS('',3,1,((#9279,#9280),(#9281,#9282),(#9283,#9284),(#9285,#9286)),.UNSPECIFIED.,.F.,.F.,.U.,(4,4),(2,2),(0.425507694,0.438393934),(0.,1.),.UNSPECIFIED.);
#9288=CARTESIAN_POINT('',(-6.385903501,-35.291138742,18.6000508));
#9289=CARTESIAN_POINT('',(-5.973616653,-35.661511158,18.6000508));
#9290=CARTESIAN_POINT('',(-5.551449534,-36.02257411,18.6000508));
#9291=CARTESIAN_POINT('',(-5.119959421,-36.374205775,18.6000508));
#9292=B_SPLINE_CURVE_WITH_KNOTS('',3,(#9288,#9289,#9290,#9291),.UNSPECIFIED.,.F.,.F.,(4,4),(0.425507695,0.438393934),.UNSPECIFIED.);
#9293=EDGE_CURVE('',#9171,#9252,#9292,.T.);
#9294=ORIENTED_EDGE('',*,*,#9293,.T.);
#9295=ORIENTED_EDGE('',*,*,#9274,.F.);
#9296=CARTESIAN_POINT('',(-6.385903501,-35.291138742,19.6000508));
#9297=CARTESIAN_POINT('',(-5.973616653,-35.661511158,19.6000508));
#9298=CARTESIAN_POINT('',(-5.551449534,-36.02257411,19.6000508));
#9299=CARTESIAN_POINT('',(-5.119959421,-36.374205775,19.6000508));
#9300=B_SPLINE_CURVE_WITH_KNOTS('',3,(#9296,#9297,#9298,#9299),.UNSPECIFIED.,.F.,.F.,(4,4),(0.425507695,0.438393934),.UNSPECIFIED.);
#9301=EDGE_CURVE('',#9180,#9262,#9300,.T.);
#9302=ORIENTED_EDGE('',*,*,#9301,.F.);
#9303=ORIENTED_EDGE('',*,*,#9185,.T.);
#9304=EDGE_LOOP('',(#9294,#9295,#9302,#9303));
#9305=FACE_BOUND('',#9304,.T.);
#9306=ADVANCED_FACE('',(#9305),#9287,.F.);
#9307=CARTESIAN_POINT('',(23.113044952,-4.245477658,19.6000508));
#9308=DIRECTION('',(0.,0.,-1.));
#9309=DIRECTION('',(-1.,0.,0.));
#9310=AXIS2_PLACEMENT_3D('',#9307,#9308,#9309);
#9311=PLANE('',#9310);
#9312=ORIENTED_EDGE('',*,*,#9194,.T.);
#9313=ORIENTED_EDGE('',*,*,#9301,.T.);
#9314=ORIENTED_EDGE('',*,*,#9268,.F.);
#9315=ORIENTED_EDGE('',*,*,#9231,.F.);
#9316=EDGE_LOOP('',(#9312,#9313,#9314,#9315));
#9317=FACE_BOUND('',#9316,.T.);
#9318=ADVANCED_FACE('',(#9317),#9311,.F.);
#9319=CARTESIAN_POINT('',(23.113044952,-4.245477658,18.6000508));
#9320=DIRECTION('',(0.,0.,-1.));
#9321=DIRECTION('',(-1.,0.,0.));
#9322=AXIS2_PLACEMENT_3D('',#9319,#9320,#9321);
#9323=PLANE('',#9322);
#9324=ORIENTED_EDGE('',*,*,#9177,.F.);
#9325=ORIENTED_EDGE('',*,*,#9221,.T.);
#9326=ORIENTED_EDGE('',*,*,#9258,.T.);
#9327=ORIENTED_EDGE('',*,*,#9293,.F.);
#9328=EDGE_LOOP('',(#9324,#9325,#9326,#9327));
#9329=FACE_BOUND('',#9328,.T.);
#9330=ADVANCED_FACE('',(#9329),#9323,.T.);
#9331=CLOSED_SHELL('',(#9204,#9241,#9278,#9306,#9318,#9330));
#9332=MANIFOLD_SOLID_BREP('Extruded.015',#9331);
#9158=STYLED_ITEM('',(),#9332);
#9334=CARTESIAN_POINT('',(5.606611977,-29.96442244,19.6000508));
#9335=CARTESIAN_POINT('',(5.606611977,-29.96442244,18.6000508));
#9336=CARTESIAN_POINT('',(7.060669127,-30.661040038,19.6000508));
#9337=CARTESIAN_POINT('',(7.060669127,-30.661040038,18.6000508));
#9338=CARTESIAN_POINT('',(8.607594535,-31.331875962,19.6000508));
#9339=CARTESIAN_POINT('',(8.607594535,-31.331875962,18.6000508));
#9340=CARTESIAN_POINT('',(10.247388202,-31.976930212,19.6000508));
#9341=CARTESIAN_POINT('',(10.247388202,-31.976930212,18.6000508));
#9342=B_SPLINE_SURFACE_WITH_KNOTS('',3,1,((#9334,#9335),(#9336,#9337),(#9338,#9339),(#9340,#9341)),.UNSPECIFIED.,.F.,.F.,.U.,(4,4),(2,2),(0.919161696,1.),(0.,1.),.UNSPECIFIED.);
#9343=CARTESIAN_POINT('',(5.606611977,-29.96442244,18.6000508));
#9344=VERTEX_POINT('',#9343);
#9345=CARTESIAN_POINT('',(10.247388202,-31.976930212,18.6000508));
#9346=VERTEX_POINT('',#9345);
#9347=CARTESIAN_POINT('',(5.606611991,-29.964422446,18.6000508));
#9348=CARTESIAN_POINT('',(7.060669136,-30.661040042,18.6000508));
#9349=CARTESIAN_POINT('',(8.60759454,-31.331875964,18.6000508));
#9350=CARTESIAN_POINT('',(10.247388202,-31.976930212,18.6000508));
#9351=B_SPLINE_CURVE_WITH_KNOTS('',3,(#9347,#9348,#9349,#9350),.UNSPECIFIED.,.F.,.F.,(4,4),(0.919161696,1.),.UNSPECIFIED.);
#9352=EDGE_CURVE('',#9344,#9346,#9351,.T.);
#9353=ORIENTED_EDGE('',*,*,#9352,.T.);
#9354=CARTESIAN_POINT('',(10.247388202,-31.976930212,19.6000508));
#9355=VERTEX_POINT('',#9354);
#9356=CARTESIAN_POINT('',(10.247388202,-31.976930212,19.6000508));
#9357=DIRECTION('',(0.,0.,-1.));
#9358=VECTOR('',#9357,1.);
#9359=LINE('',#9356,#9358);
#9360=EDGE_CURVE('',#9355,#9346,#9359,.T.);
#9361=ORIENTED_EDGE('',*,*,#9360,.F.);
#9362=CARTESIAN_POINT('',(5.606611977,-29.96442244,19.6000508));
#9363=VERTEX_POINT('',#9362);
#9364=CARTESIAN_POINT('',(5.606611991,-29.964422446,19.6000508));
#9365=CARTESIAN_POINT('',(7.060669136,-30.661040042,19.6000508));
#9366=CARTESIAN_POINT('',(8.60759454,-31.331875964,19.6000508));
#9367=CARTESIAN_POINT('',(10.247388202,-31.976930212,19.6000508));
#9368=B_SPLINE_CURVE_WITH_KNOTS('',3,(#9364,#9365,#9366,#9367),.UNSPECIFIED.,.F.,.F.,(4,4),(0.919161696,1.),.UNSPECIFIED.);
#9369=EDGE_CURVE('',#9363,#9355,#9368,.T.);
#9370=ORIENTED_EDGE('',*,*,#9369,.F.);
#9371=CARTESIAN_POINT('',(5.606611977,-29.96442244,19.6000508));
#9372=DIRECTION('',(0.,0.,-1.));
#9373=VECTOR('',#9372,1.);
#9374=LINE('',#9371,#9373);
#9375=EDGE_CURVE('',#9363,#9344,#9374,.T.);
#9376=ORIENTED_EDGE('',*,*,#9375,.T.);
#9377=EDGE_LOOP('',(#9353,#9361,#9370,#9376));
#9378=FACE_BOUND('',#9377,.T.);
#9379=ADVANCED_FACE('',(#9378),#9342,.F.);
#9380=CARTESIAN_POINT('',(34.27294104,-43.735023933,19.6000508));
#9381=CARTESIAN_POINT('',(34.27294104,-43.735023933,18.6000508));
#9382=CARTESIAN_POINT('',(26.496682506,-31.737294545,19.6000508));
#9383=CARTESIAN_POINT('',(26.496682506,-31.737294545,18.6000508));
#9384=CARTESIAN_POINT('',(16.941239514,-27.14709404,19.6000508));
#9385=CARTESIAN_POINT('',(16.941239514,-27.14709404,18.6000508));
#9386=CARTESIAN_POINT('',(5.606612064,-29.964422418,19.6000508));
#9387=CARTESIAN_POINT('',(5.606612064,-29.964422418,18.6000508));
#9388=B_SPLINE_SURFACE_WITH_KNOTS('',3,1,((#9380,#9381),(#9382,#9383),(#9384,#9385),(#9386,#9387)),.UNSPECIFIED.,.F.,.F.,.U.,(4,4),(2,2),(0.,0.749030704),(0.,1.),.UNSPECIFIED.);
#9389=CARTESIAN_POINT('',(34.27294104,-43.735023933,18.6000508));
#9390=VERTEX_POINT('',#9389);
#9391=CARTESIAN_POINT('',(34.27294104,-43.735023933,18.6000508));
#9392=CARTESIAN_POINT('',(26.496682447,-31.737294453,18.6000508));
#9393=CARTESIAN_POINT('',(16.941239368,-27.14709397,18.6000508));
#9394=CARTESIAN_POINT('',(5.606611803,-29.964422483,18.6000508));
#9395=B_SPLINE_CURVE_WITH_KNOTS('',3,(#9391,#9392,#9393,#9394),.UNSPECIFIED.,.F.,.F.,(4,4),(0.,0.74903071),.UNSPECIFIED.);
#9396=EDGE_CURVE('',#9390,#9344,#9395,.T.);
#9397=ORIENTED_EDGE('',*,*,#9396,.T.);
#9398=ORIENTED_EDGE('',*,*,#9375,.F.);
#9399=CARTESIAN_POINT('',(34.27294104,-43.735023933,19.6000508));
#9400=VERTEX_POINT('',#9399);
#9401=CARTESIAN_POINT('',(34.27294104,-43.735023933,19.6000508));
#9402=CARTESIAN_POINT('',(26.496682447,-31.737294453,19.6000508));
#9403=CARTESIAN_POINT('',(16.941239368,-27.14709397,19.6000508));
#9404=CARTESIAN_POINT('',(5.606611803,-29.964422483,19.6000508));
#9405=B_SPLINE_CURVE_WITH_KNOTS('',3,(#9401,#9402,#9403,#9404),.UNSPECIFIED.,.F.,.F.,(4,4),(0.,0.74903071),.UNSPECIFIED.);
#9406=EDGE_CURVE('',#9400,#9363,#9405,.T.);
#9407=ORIENTED_EDGE('',*,*,#9406,.F.);
#9408=CARTESIAN_POINT('',(34.27294104,-43.735023933,19.6000508));
#9409=DIRECTION('',(0.,0.,-1.));
#9410=VECTOR('',#9409,1.);
#9411=LINE('',#9408,#9410);
#9412=EDGE_CURVE('',#9400,#9390,#9411,.T.);
#9413=ORIENTED_EDGE('',*,*,#9412,.T.);
#9414=EDGE_LOOP('',(#9397,#9398,#9407,#9413));
#9415=FACE_BOUND('',#9414,.T.);
#9416=ADVANCED_FACE('',(#9415),#9388,.F.);
#9417=CARTESIAN_POINT('',(31.184285763,-44.542212565,19.6000508));
#9418=CARTESIAN_POINT('',(31.184285763,-44.542212565,18.6000508));
#9419=CARTESIAN_POINT('',(32.224949885,-44.313647879,19.6000508));
#9420=CARTESIAN_POINT('',(32.224949885,-44.313647879,18.6000508));
#9421=CARTESIAN_POINT('',(33.255624952,-44.044830562,19.6000508));
#9422=CARTESIAN_POINT('',(33.255624952,-44.044830562,18.6000508));
#9423=CARTESIAN_POINT('',(34.272941039,-43.735023933,19.6000508));
#9424=CARTESIAN_POINT('',(34.272941039,-43.735023933,18.6000508));
#9425=B_SPLINE_SURFACE_WITH_KNOTS('',3,1,((#9417,#9418),(#9419,#9420),(#9421,#9422),(#9423,#9424)),.UNSPECIFIED.,.F.,.F.,.U.,(4,4),(2,2),(0.723565377,0.747042383),(0.,1.),.UNSPECIFIED.);
#9426=CARTESIAN_POINT('',(31.184285763,-44.542212565,18.6000508));
#9427=VERTEX_POINT('',#9426);
#9428=CARTESIAN_POINT('',(31.184284646,-44.54221281,18.6000508));
#9429=CARTESIAN_POINT('',(32.224949147,-44.313648071,18.6000508));
#9430=CARTESIAN_POINT('',(33.255624587,-44.044830673,18.6000508));
#9431=CARTESIAN_POINT('',(34.272941039,-43.735023933,18.6000508));
#9432=B_SPLINE_CURVE_WITH_KNOTS('',3,(#9428,#9429,#9430,#9431),.UNSPECIFIED.,.F.,.F.,(4,4),(0.723565368,0.747042383),.UNSPECIFIED.);
#9433=EDGE_CURVE('',#9427,#9390,#9432,.T.);
#9434=ORIENTED_EDGE('',*,*,#9433,.T.);
#9435=ORIENTED_EDGE('',*,*,#9412,.F.);
#9436=CARTESIAN_POINT('',(31.184285763,-44.542212565,19.6000508));
#9437=VERTEX_POINT('',#9436);
#9438=CARTESIAN_POINT('',(31.184284646,-44.54221281,19.6000508));
#9439=CARTESIAN_POINT('',(32.224949147,-44.313648071,19.6000508));
#9440=CARTESIAN_POINT('',(33.255624587,-44.044830673,19.6000508));
#9441=CARTESIAN_POINT('',(34.272941039,-43.735023933,19.6000508));
#9442=B_SPLINE_CURVE_WITH_KNOTS('',3,(#9438,#9439,#9440,#9441),.UNSPECIFIED.,.F.,.F.,(4,4),(0.723565368,0.747042383),.UNSPECIFIED.);
#9443=EDGE_CURVE('',#9437,#9400,#9442,.T.);
#9444=ORIENTED_EDGE('',*,*,#9443,.F.);
#9445=CARTESIAN_POINT('',(31.184285763,-44.542212565,19.6000508));
#9446=DIRECTION('',(0.,0.,-1.));
#9447=VECTOR('',#9446,1.);
#9448=LINE('',#9445,#9447);
#9449=EDGE_CURVE('',#9437,#9427,#9448,.T.);
#9450=ORIENTED_EDGE('',*,*,#9449,.T.);
#9451=EDGE_LOOP('',(#9434,#9435,#9444,#9450));
#9452=FACE_BOUND('',#9451,.T.);
#9453=ADVANCED_FACE('',(#9452),#9425,.F.);
#9454=CARTESIAN_POINT('',(31.184285763,-44.542212565,19.6000508));
#9455=CARTESIAN_POINT('',(31.184285763,-44.542212565,18.6000508));
#9456=CARTESIAN_POINT('',(25.203986077,-36.195897805,19.6000508));
#9457=CARTESIAN_POINT('',(25.203986077,-36.195897805,18.6000508));
#9458=CARTESIAN_POINT('',(18.225020223,-32.007470353,19.6000508));
#9459=CARTESIAN_POINT('',(18.225020223,-32.007470353,18.6000508));
#9460=CARTESIAN_POINT('',(10.247388201,-31.976930212,19.6000508));
#9461=CARTESIAN_POINT('',(10.247388201,-31.976930212,18.6000508));
#9462=B_SPLINE_SURFACE_WITH_KNOTS('',3,1,((#9454,#9455),(#9456,#9457),(#9458,#9459),(#9460,#9461)),.UNSPECIFIED.,.F.,.F.,.U.,(4,4),(2,2),(0.043352897,0.604529171),(0.,1.),.UNSPECIFIED.);
#9463=CARTESIAN_POINT('',(31.184285796,-44.542212611,18.6000508));
#9464=CARTESIAN_POINT('',(25.203986102,-36.19589782,18.6000508));
#9465=CARTESIAN_POINT('',(18.225020237,-32.007470354,18.6000508));
#9466=CARTESIAN_POINT('',(10.247388201,-31.976930212,18.6000508));
#9467=B_SPLINE_CURVE_WITH_KNOTS('',3,(#9463,#9464,#9465,#9466),.UNSPECIFIED.,.F.,.F.,(4,4),(0.043352896,0.604529171),.UNSPECIFIED.);
#9468=EDGE_CURVE('',#9427,#9346,#9467,.T.);
#9469=ORIENTED_EDGE('',*,*,#9468,.F.);
#9470=ORIENTED_EDGE('',*,*,#9449,.F.);
#9471=CARTESIAN_POINT('',(31.184285796,-44.542212611,19.6000508));
#9472=CARTESIAN_POINT('',(25.203986102,-36.19589782,19.6000508));
#9473=CARTESIAN_POINT('',(18.225020237,-32.007470354,19.6000508));
#9474=CARTESIAN_POINT('',(10.247388201,-31.976930212,19.6000508));
#9475=B_SPLINE_CURVE_WITH_KNOTS('',3,(#9471,#9472,#9473,#9474),.UNSPECIFIED.,.F.,.F.,(4,4),(0.043352896,0.604529171),.UNSPECIFIED.);
#9476=EDGE_CURVE('',#9437,#9355,#9475,.T.);
#9477=ORIENTED_EDGE('',*,*,#9476,.T.);
#9478=ORIENTED_EDGE('',*,*,#9360,.T.);
#9479=EDGE_LOOP('',(#9469,#9470,#9477,#9478));
#9480=FACE_BOUND('',#9479,.T.);
#9481=ADVANCED_FACE('',(#9480),#9462,.T.);
#9482=CARTESIAN_POINT('',(23.113044952,-4.245477658,19.6000508));
#9483=DIRECTION('',(0.,0.,-1.));
#9484=DIRECTION('',(-1.,0.,0.));
#9485=AXIS2_PLACEMENT_3D('',#9482,#9483,#9484);
#9486=PLANE('',#9485);
#9487=ORIENTED_EDGE('',*,*,#9369,.T.);
#9488=ORIENTED_EDGE('',*,*,#9476,.F.);
#9489=ORIENTED_EDGE('',*,*,#9443,.T.);
#9490=ORIENTED_EDGE('',*,*,#9406,.T.);
#9491=EDGE_LOOP('',(#9487,#9488,#9489,#9490));
#9492=FACE_BOUND('',#9491,.T.);
#9493=ADVANCED_FACE('',(#9492),#9486,.F.);
#9494=CARTESIAN_POINT('',(23.113044952,-4.245477658,18.6000508));
#9495=DIRECTION('',(0.,0.,-1.));
#9496=DIRECTION('',(-1.,0.,0.));
#9497=AXIS2_PLACEMENT_3D('',#9494,#9495,#9496);
#9498=PLANE('',#9497);
#9499=ORIENTED_EDGE('',*,*,#9352,.F.);
#9500=ORIENTED_EDGE('',*,*,#9396,.F.);
#9501=ORIENTED_EDGE('',*,*,#9433,.F.);
#9502=ORIENTED_EDGE('',*,*,#9468,.T.);
#9503=EDGE_LOOP('',(#9499,#9500,#9501,#9502));
#9504=FACE_BOUND('',#9503,.T.);
#9505=ADVANCED_FACE('',(#9504),#9498,.T.);
#9506=CLOSED_SHELL('',(#9379,#9416,#9453,#9481,#9493,#9505));
#9507=MANIFOLD_SOLID_BREP('Extruded.016',#9506);
#9333=STYLED_ITEM('',(),#9507);
#9509=CARTESIAN_POINT('',(-7.973378865,3.797565446,19.6000508));
#9510=CARTESIAN_POINT('',(-7.973378865,3.797565446,18.6000508));
#9511=CARTESIAN_POINT('',(-7.837752612,3.796862787,19.6000508));
#9512=CARTESIAN_POINT('',(-7.837752612,3.796862787,18.6000508));
#9513=CARTESIAN_POINT('',(-7.701233592,3.797776095,19.6000508));
#9514=CARTESIAN_POINT('',(-7.701233592,3.797776095,18.6000508));
#9515=CARTESIAN_POINT('',(-7.563837352,3.800270651,19.6000508));
#9516=CARTESIAN_POINT('',(-7.563837352,3.800270651,18.6000508));
#9517=B_SPLINE_SURFACE_WITH_KNOTS('',3,1,((#9509,#9510),(#9511,#9512),(#9513,#9514),(#9515,#9516)),.UNSPECIFIED.,.F.,.F.,.U.,(4,4),(2,2),(0.5,0.503794989),(0.,1.),.UNSPECIFIED.);
#9518=CARTESIAN_POINT('',(-7.973378865,3.797565446,18.6000508));
#9519=VERTEX_POINT('',#9518);
#9520=CARTESIAN_POINT('',(-7.563837352,3.800270654,18.6000508));
#9521=VERTEX_POINT('',#9520);
#9522=CARTESIAN_POINT('',(-7.97337884,3.797565445,18.6000508));
#9523=CARTESIAN_POINT('',(-7.837752557,3.796862787,18.6000508));
#9524=CARTESIAN_POINT('',(-7.701233507,3.797776095,18.6000508));
#9525=CARTESIAN_POINT('',(-7.563837236,3.800270653,18.6000508));
#9526=B_SPLINE_CURVE_WITH_KNOTS('',3,(#9522,#9523,#9524,#9525),.UNSPECIFIED.,.F.,.F.,(4,4),(0.5,0.50379499),.UNSPECIFIED.);
#9527=EDGE_CURVE('',#9519,#9521,#9526,.T.);
#9528=ORIENTED_EDGE('',*,*,#9527,.F.);
#9529=CARTESIAN_POINT('',(-7.973378865,3.797565446,19.6000508));
#9530=VERTEX_POINT('',#9529);
#9531=CARTESIAN_POINT('',(-7.973378865,3.797565446,19.6000508));
#9532=DIRECTION('',(0.,0.,-1.));
#9533=VECTOR('',#9532,1.);
#9534=LINE('',#9531,#9533);
#9535=EDGE_CURVE('',#9530,#9519,#9534,.T.);
#9536=ORIENTED_EDGE('',*,*,#9535,.F.);
#9537=CARTESIAN_POINT('',(-7.563837352,3.800270654,19.6000508));
#9538=VERTEX_POINT('',#9537);
#9539=CARTESIAN_POINT('',(-7.97337884,3.797565445,19.6000508));
#9540=CARTESIAN_POINT('',(-7.837752557,3.796862787,19.6000508));
#9541=CARTESIAN_POINT('',(-7.701233507,3.797776095,19.6000508));
#9542=CARTESIAN_POINT('',(-7.563837236,3.800270653,19.6000508));
#9543=B_SPLINE_CURVE_WITH_KNOTS('',3,(#9539,#9540,#9541,#9542),.UNSPECIFIED.,.F.,.F.,(4,4),(0.5,0.50379499),.UNSPECIFIED.);
#9544=EDGE_CURVE('',#9530,#9538,#9543,.T.);
#9545=ORIENTED_EDGE('',*,*,#9544,.T.);
#9546=CARTESIAN_POINT('',(-7.563837352,3.800270654,19.6000508));
#9547=DIRECTION('',(0.,0.,-1.));
#9548=VECTOR('',#9547,1.);
#9549=LINE('',#9546,#9548);
#9550=EDGE_CURVE('',#9538,#9521,#9549,.T.);
#9551=ORIENTED_EDGE('',*,*,#9550,.T.);
#9552=EDGE_LOOP('',(#9528,#9536,#9545,#9551));
#9553=FACE_BOUND('',#9552,.T.);
#9554=ADVANCED_FACE('',(#9553),#9517,.T.);
#9555=CARTESIAN_POINT('',(-7.563837351,3.800270655,19.6000508));
#9556=CARTESIAN_POINT('',(-7.563837351,3.800270655,18.6000508));
#9557=CARTESIAN_POINT('',(-13.610752728,-10.672960527,19.6000508));
#9558=CARTESIAN_POINT('',(-13.610752728,-10.672960527,18.6000508));
#9559=CARTESIAN_POINT('',(-7.100165405,-21.660033494,19.6000508));
#9560=CARTESIAN_POINT('',(-7.100165405,-21.660033494,18.6000508));
#9561=CARTESIAN_POINT('',(11.967924619,-29.160948245,19.6000508));
#9562=CARTESIAN_POINT('',(11.967924619,-29.160948245,18.6000508));
#9563=B_SPLINE_SURFACE_WITH_KNOTS('',3,1,((#9555,#9556),(#9557,#9558),(#9559,#9560),(#9561,#9562)),.UNSPECIFIED.,.F.,.F.,.U.,(4,4),(2,2),(0.059984138,1.),(0.,1.),.UNSPECIFIED.);
#9564=CARTESIAN_POINT('',(11.967924619,-29.160948245,18.6000508));
#9565=VERTEX_POINT('',#9564);
#9566=CARTESIAN_POINT('',(-7.563837286,3.800270812,18.6000508));
#9567=CARTESIAN_POINT('',(-13.610752775,-10.672960448,18.6000508));
#9568=CARTESIAN_POINT('',(-7.100165474,-21.660033467,18.6000508));
#9569=CARTESIAN_POINT('',(11.967924619,-29.160948245,18.6000508));
#9570=B_SPLINE_CURVE_WITH_KNOTS('',3,(#9566,#9567,#9568,#9569),.UNSPECIFIED.,.F.,.F.,(4,4),(0.059984135,1.),.UNSPECIFIED.);
#9571=EDGE_CURVE('',#9521,#9565,#9570,.T.);
#9572=ORIENTED_EDGE('',*,*,#9571,.F.);
#9573=ORIENTED_EDGE('',*,*,#9550,.F.);
#9574=CARTESIAN_POINT('',(11.967924619,-29.160948245,19.6000508));
#9575=VERTEX_POINT('',#9574);
#9576=CARTESIAN_POINT('',(-7.563837286,3.800270812,19.6000508));
#9577=CARTESIAN_POINT('',(-13.610752775,-10.672960448,19.6000508));
#9578=CARTESIAN_POINT('',(-7.100165474,-21.660033467,19.6000508));
#9579=CARTESIAN_POINT('',(11.967924619,-29.160948245,19.6000508));
#9580=B_SPLINE_CURVE_WITH_KNOTS('',3,(#9576,#9577,#9578,#9579),.UNSPECIFIED.,.F.,.F.,(4,4),(0.059984135,1.),.UNSPECIFIED.);
#9581=EDGE_CURVE('',#9538,#9575,#9580,.T.);
#9582=ORIENTED_EDGE('',*,*,#9581,.T.);
#9583=CARTESIAN_POINT('',(11.967924619,-29.160948245,19.6000508));
#9584=DIRECTION('',(0.,0.,-1.));
#9585=VECTOR('',#9584,1.);
#9586=LINE('',#9583,#9585);
#9587=EDGE_CURVE('',#9575,#9565,#9586,.T.);
#9588=ORIENTED_EDGE('',*,*,#9587,.T.);
#9589=EDGE_LOOP('',(#9572,#9573,#9582,#9588));
#9590=FACE_BOUND('',#9589,.T.);
#9591=ADVANCED_FACE('',(#9590),#9563,.T.);
#9592=CARTESIAN_POINT('',(11.967924619,-29.160948245,19.6000508));
#9593=CARTESIAN_POINT('',(11.967924619,-29.160948245,18.6000508));
#9594=CARTESIAN_POINT('',(9.913703638,-29.153084232,19.6000508));
#9595=CARTESIAN_POINT('',(9.913703638,-29.153084232,18.6000508));
#9596=CARTESIAN_POINT('',(7.793266091,-29.420908964,19.6000508));
#9597=CARTESIAN_POINT('',(7.793266091,-29.420908964,18.6000508));
#9598=CARTESIAN_POINT('',(5.606611977,-29.96442244,19.6000508));
#9599=CARTESIAN_POINT('',(5.606611977,-29.96442244,18.6000508));
#9600=B_SPLINE_SURFACE_WITH_KNOTS('',3,1,((#9592,#9593),(#9594,#9595),(#9596,#9597),(#9598,#9599)),.UNSPECIFIED.,.F.,.F.,.U.,(4,4),(2,2),(0.604529171,0.749030706),(0.,1.),.UNSPECIFIED.);
#9601=CARTESIAN_POINT('',(5.606611977,-29.96442244,18.6000508));
#9602=VERTEX_POINT('',#9601);
#9603=CARTESIAN_POINT('',(11.967924618,-29.160948245,18.6000508));
#9604=CARTESIAN_POINT('',(9.913703583,-29.153084232,18.6000508));
#9605=CARTESIAN_POINT('',(7.793265978,-29.420908978,18.6000508));
#9606=CARTESIAN_POINT('',(5.606611803,-29.964422483,18.6000508));
#9607=B_SPLINE_CURVE_WITH_KNOTS('',3,(#9603,#9604,#9605,#9606),.UNSPECIFIED.,.F.,.F.,(4,4),(0.604529171,0.74903071),.UNSPECIFIED.);
#9608=EDGE_CURVE('',#9565,#9602,#9607,.T.);
#9609=ORIENTED_EDGE('',*,*,#9608,.F.);
#9610=ORIENTED_EDGE('',*,*,#9587,.F.);
#9611=CARTESIAN_POINT('',(5.606611977,-29.96442244,19.6000508));
#9612=VERTEX_POINT('',#9611);
#9613=CARTESIAN_POINT('',(11.967924618,-29.160948245,19.6000508));
#9614=CARTESIAN_POINT('',(9.913703583,-29.153084232,19.6000508));
#9615=CARTESIAN_POINT('',(7.793265978,-29.420908978,19.6000508));
#9616=CARTESIAN_POINT('',(5.606611803,-29.964422483,19.6000508));
#9617=B_SPLINE_CURVE_WITH_KNOTS('',3,(#9613,#9614,#9615,#9616),.UNSPECIFIED.,.F.,.F.,(4,4),(0.604529171,0.74903071),.UNSPECIFIED.);
#9618=EDGE_CURVE('',#9575,#9612,#9617,.T.);
#9619=ORIENTED_EDGE('',*,*,#9618,.T.);
#9620=CARTESIAN_POINT('',(5.606611977,-29.96442244,19.6000508));
#9621=DIRECTION('',(0.,0.,-1.));
#9622=VECTOR('',#9621,1.);
#9623=LINE('',#9620,#9622);
#9624=EDGE_CURVE('',#9612,#9602,#9623,.T.);
#9625=ORIENTED_EDGE('',*,*,#9624,.T.);
#9626=EDGE_LOOP('',(#9609,#9610,#9619,#9625));
#9627=FACE_BOUND('',#9626,.T.);
#9628=ADVANCED_FACE('',(#9627),#9600,.T.);
#9629=CARTESIAN_POINT('',(-7.973378865,3.797565446,19.6000508));
#9630=CARTESIAN_POINT('',(-7.973378865,3.797565446,18.6000508));
#9631=CARTESIAN_POINT('',(-15.453224282,-10.789624311,19.6000508));
#9632=CARTESIAN_POINT('',(-15.453224282,-10.789624311,18.6000508));
#9633=CARTESIAN_POINT('',(-10.92656067,-22.043620272,19.6000508));
#9634=CARTESIAN_POINT('',(-10.92656067,-22.043620272,18.6000508));
#9635=CARTESIAN_POINT('',(5.60661197,-29.964422437,19.6000508));
#9636=CARTESIAN_POINT('',(5.60661197,-29.964422437,18.6000508));
#9637=B_SPLINE_SURFACE_WITH_KNOTS('',3,1,((#9629,#9630),(#9631,#9632),(#9633,#9634),(#9635,#9636)),.UNSPECIFIED.,.F.,.F.,.U.,(4,4),(2,2),(0.,0.919161696),(0.,1.),.UNSPECIFIED.);
#9638=CARTESIAN_POINT('',(-7.973378865,3.797565446,18.6000508));
#9639=CARTESIAN_POINT('',(-15.453224285,-10.789624317,18.6000508));
#9640=CARTESIAN_POINT('',(-10.926560667,-22.043620281,18.6000508));
#9641=CARTESIAN_POINT('',(5.606611991,-29.964422446,18.6000508));
#9642=B_SPLINE_CURVE_WITH_KNOTS('',3,(#9638,#9639,#9640,#9641),.UNSPECIFIED.,.F.,.F.,(4,4),(0.,0.919161696),.UNSPECIFIED.);
#9643=EDGE_CURVE('',#9519,#9602,#9642,.T.);
#9644=ORIENTED_EDGE('',*,*,#9643,.T.);
#9645=ORIENTED_EDGE('',*,*,#9624,.F.);
#9646=CARTESIAN_POINT('',(-7.973378865,3.797565446,19.6000508));
#9647=CARTESIAN_POINT('',(-15.453224285,-10.789624317,19.6000508));
#9648=CARTESIAN_POINT('',(-10.926560667,-22.043620281,19.6000508));
#9649=CARTESIAN_POINT('',(5.606611991,-29.964422446,19.6000508));
#9650=B_SPLINE_CURVE_WITH_KNOTS('',3,(#9646,#9647,#9648,#9649),.UNSPECIFIED.,.F.,.F.,(4,4),(0.,0.919161696),.UNSPECIFIED.);
#9651=EDGE_CURVE('',#9530,#9612,#9650,.T.);
#9652=ORIENTED_EDGE('',*,*,#9651,.F.);
#9653=ORIENTED_EDGE('',*,*,#9535,.T.);
#9654=EDGE_LOOP('',(#9644,#9645,#9652,#9653));
#9655=FACE_BOUND('',#9654,.T.);
#9656=ADVANCED_FACE('',(#9655),#9637,.F.);
#9657=CARTESIAN_POINT('',(23.113044952,-4.245477658,19.6000508));
#9658=DIRECTION('',(0.,0.,-1.));
#9659=DIRECTION('',(-1.,0.,0.));
#9660=AXIS2_PLACEMENT_3D('',#9657,#9658,#9659);
#9661=PLANE('',#9660);
#9662=ORIENTED_EDGE('',*,*,#9544,.F.);
#9663=ORIENTED_EDGE('',*,*,#9651,.T.);
#9664=ORIENTED_EDGE('',*,*,#9618,.F.);
#9665=ORIENTED_EDGE('',*,*,#9581,.F.);
#9666=EDGE_LOOP('',(#9662,#9663,#9664,#9665));
#9667=FACE_BOUND('',#9666,.T.);
#9668=ADVANCED_FACE('',(#9667),#9661,.F.);
#9669=CARTESIAN_POINT('',(23.113044952,-4.245477658,18.6000508));
#9670=DIRECTION('',(0.,0.,-1.));
#9671=DIRECTION('',(-1.,0.,0.));
#9672=AXIS2_PLACEMENT_3D('',#9669,#9670,#9671);
#9673=PLANE('',#9672);
#9674=ORIENTED_EDGE('',*,*,#9527,.T.);
#9675=ORIENTED_EDGE('',*,*,#9571,.T.);
#9676=ORIENTED_EDGE('',*,*,#9608,.T.);
#9677=ORIENTED_EDGE('',*,*,#9643,.F.);
#9678=EDGE_LOOP('',(#9674,#9675,#9676,#9677));
#9679=FACE_BOUND('',#9678,.T.);
#9680=ADVANCED_FACE('',(#9679),#9673,.T.);
#9681=CLOSED_SHELL('',(#9554,#9591,#9628,#9656,#9668,#9680));
#9682=MANIFOLD_SOLID_BREP('Extruded.017',#9681);
#9508=STYLED_ITEM('',(),#9682);
#9684=CARTESIAN_POINT('',(32.552404621,-46.5510059,19.6000508));
#9685=CARTESIAN_POINT('',(32.552404621,-46.5510059,18.6000508));
#9686=CARTESIAN_POINT('',(40.940968844,-43.996408731,19.6000508));
#9687=CARTESIAN_POINT('',(40.940968844,-43.996408731,18.6000508));
#9688=CARTESIAN_POINT('',(48.421217641,-38.654830215,19.6000508));
#9689=CARTESIAN_POINT('',(48.421217641,-38.654830215,18.6000508));
#9690=CARTESIAN_POINT('',(53.103789265,-30.113247707,19.6000508));
#9691=CARTESIAN_POINT('',(53.103789265,-30.113247707,18.6000508));
#9692=B_SPLINE_SURFACE_WITH_KNOTS('',3,1,((#9684,#9685),(#9686,#9687),(#9688,#9689),(#9690,#9691)),.UNSPECIFIED.,.F.,.F.,.U.,(4,4),(2,2),(0.747042383,0.940628605),(0.,1.),.UNSPECIFIED.);
#9693=CARTESIAN_POINT('',(32.552404621,-46.5510059,18.6000508));
#9694=VERTEX_POINT('',#9693);
#9695=CARTESIAN_POINT('',(53.103789264,-30.113247708,18.6000508));
#9696=VERTEX_POINT('',#9695);
#9697=CARTESIAN_POINT('',(32.552404621,-46.5510059,18.6000508));
#9698=CARTESIAN_POINT('',(40.940968844,-43.996408731,18.6000508));
#9699=CARTESIAN_POINT('',(48.421217641,-38.654830215,18.6000508));
#9700=CARTESIAN_POINT('',(53.103789265,-30.113247707,18.6000508));
#9701=B_SPLINE_CURVE_WITH_KNOTS('',3,(#9697,#9698,#9699,#9700),.UNSPECIFIED.,.F.,.F.,(4,4),(0.747042383,0.940628605),.UNSPECIFIED.);
#9702=EDGE_CURVE('',#9694,#9696,#9701,.T.);
#9703=ORIENTED_EDGE('',*,*,#9702,.T.);
#9704=CARTESIAN_POINT('',(53.103789264,-30.113247708,19.6000508));
#9705=VERTEX_POINT('',#9704);
#9706=CARTESIAN_POINT('',(53.103789264,-30.113247708,19.6000508));
#9707=DIRECTION('',(0.,0.,-1.));
#9708=VECTOR('',#9707,1.);
#9709=LINE('',#9706,#9708);
#9710=EDGE_CURVE('',#9705,#9696,#9709,.T.);
#9711=ORIENTED_EDGE('',*,*,#9710,.F.);
#9712=CARTESIAN_POINT('',(32.552404621,-46.5510059,19.6000508));
#9713=VERTEX_POINT('',#9712);
#9714=CARTESIAN_POINT('',(32.552404621,-46.5510059,19.6000508));
#9715=CARTESIAN_POINT('',(40.940968844,-43.996408731,19.6000508));
#9716=CARTESIAN_POINT('',(48.421217641,-38.654830215,19.6000508));
#9717=CARTESIAN_POINT('',(53.103789265,-30.113247707,19.6000508));
#9718=B_SPLINE_CURVE_WITH_KNOTS('',3,(#9714,#9715,#9716,#9717),.UNSPECIFIED.,.F.,.F.,(4,4),(0.747042383,0.940628605),.UNSPECIFIED.);
#9719=EDGE_CURVE('',#9713,#9705,#9718,.T.);
#9720=ORIENTED_EDGE('',*,*,#9719,.F.);
#9721=CARTESIAN_POINT('',(32.552404621,-46.5510059,19.6000508));
#9722=DIRECTION('',(0.,0.,-1.));
#9723=VECTOR('',#9722,1.);
#9724=LINE('',#9721,#9723);
#9725=EDGE_CURVE('',#9713,#9694,#9724,.T.);
#9726=ORIENTED_EDGE('',*,*,#9725,.T.);
#9727=EDGE_LOOP('',(#9703,#9711,#9720,#9726));
#9728=FACE_BOUND('',#9727,.T.);
#9729=ADVANCED_FACE('',(#9728),#9692,.F.);
#9730=CARTESIAN_POINT('',(32.552404622,-46.5510059,19.6000508));
#9731=CARTESIAN_POINT('',(32.552404622,-46.5510059,18.6000508));
#9732=CARTESIAN_POINT('',(32.102325163,-45.856593346,19.6000508));
#9733=CARTESIAN_POINT('',(32.102325163,-45.856593346,18.6000508));
#9734=CARTESIAN_POINT('',(31.646285544,-45.186995567,19.6000508));
#9735=CARTESIAN_POINT('',(31.646285544,-45.186995567,18.6000508));
#9736=CARTESIAN_POINT('',(31.184285763,-44.542212565,19.6000508));
#9737=CARTESIAN_POINT('',(31.184285763,-44.542212565,18.6000508));
#9738=B_SPLINE_SURFACE_WITH_KNOTS('',3,1,((#9730,#9731),(#9732,#9733),(#9734,#9735),(#9736,#9737)),.UNSPECIFIED.,.F.,.F.,.U.,(4,4),(2,2),(0.,0.043352897),(0.,1.),.UNSPECIFIED.);
#9739=CARTESIAN_POINT('',(31.184285763,-44.542212565,18.6000508));
#9740=VERTEX_POINT('',#9739);
#9741=CARTESIAN_POINT('',(32.552404622,-46.5510059,18.6000508));
#9742=CARTESIAN_POINT('',(32.102325174,-45.856593362,18.6000508));
#9743=CARTESIAN_POINT('',(31.646285566,-45.186995599,18.6000508));
#9744=CARTESIAN_POINT('',(31.184285796,-44.542212611,18.6000508));
#9745=B_SPLINE_CURVE_WITH_KNOTS('',3,(#9741,#9742,#9743,#9744),.UNSPECIFIED.,.F.,.F.,(4,4),(0.,0.043352896),.UNSPECIFIED.);
#9746=EDGE_CURVE('',#9694,#9740,#9745,.T.);
#9747=ORIENTED_EDGE('',*,*,#9746,.F.);
#9748=ORIENTED_EDGE('',*,*,#9725,.F.);
#9749=CARTESIAN_POINT('',(31.184285763,-44.542212565,19.6000508));
#9750=VERTEX_POINT('',#9749);
#9751=CARTESIAN_POINT('',(32.552404622,-46.5510059,19.6000508));
#9752=CARTESIAN_POINT('',(32.102325174,-45.856593362,19.6000508));
#9753=CARTESIAN_POINT('',(31.646285566,-45.186995599,19.6000508));
#9754=CARTESIAN_POINT('',(31.184285796,-44.542212611,19.6000508));
#9755=B_SPLINE_CURVE_WITH_KNOTS('',3,(#9751,#9752,#9753,#9754),.UNSPECIFIED.,.F.,.F.,(4,4),(0.,0.043352896),.UNSPECIFIED.);
#9756=EDGE_CURVE('',#9713,#9750,#9755,.T.);
#9757=ORIENTED_EDGE('',*,*,#9756,.T.);
#9758=CARTESIAN_POINT('',(31.184285763,-44.542212565,19.6000508));
#9759=DIRECTION('',(0.,0.,-1.));
#9760=VECTOR('',#9759,1.);
#9761=LINE('',#9758,#9760);
#9762=EDGE_CURVE('',#9750,#9740,#9761,.T.);
#9763=ORIENTED_EDGE('',*,*,#9762,.T.);
#9764=EDGE_LOOP('',(#9747,#9748,#9757,#9763));
#9765=FACE_BOUND('',#9764,.T.);
#9766=ADVANCED_FACE('',(#9765),#9738,.T.);
#9767=CARTESIAN_POINT('',(31.184285763,-44.542212565,19.6000508));
#9768=CARTESIAN_POINT('',(31.184285763,-44.542212565,18.6000508));
#9769=CARTESIAN_POINT('',(39.82087131,-42.645329199,19.6000508));
#9770=CARTESIAN_POINT('',(39.82087131,-42.645329199,18.6000508));
#9771=CARTESIAN_POINT('',(47.769458464,-37.97603702,19.6000508));
#9772=CARTESIAN_POINT('',(47.769458464,-37.97603702,18.6000508));
#9773=CARTESIAN_POINT('',(53.103789269,-30.113247711,19.6000508));
#9774=CARTESIAN_POINT('',(53.103789269,-30.113247711,18.6000508));
#9775=B_SPLINE_SURFACE_WITH_KNOTS('',3,1,((#9767,#9768),(#9769,#9770),(#9771,#9772),(#9773,#9774)),.UNSPECIFIED.,.F.,.F.,.U.,(4,4),(2,2),(0.723565377,0.918403626),(0.,1.),.UNSPECIFIED.);
#9776=CARTESIAN_POINT('',(31.184284646,-44.54221281,18.6000508));
#9777=CARTESIAN_POINT('',(39.820870624,-42.645329601,18.6000508));
#9778=CARTESIAN_POINT('',(47.769458234,-37.976037359,18.6000508));
#9779=CARTESIAN_POINT('',(53.103789269,-30.113247711,18.6000508));
#9780=B_SPLINE_CURVE_WITH_KNOTS('',3,(#9776,#9777,#9778,#9779),.UNSPECIFIED.,.F.,.F.,(4,4),(0.723565368,0.918403626),.UNSPECIFIED.);
#9781=EDGE_CURVE('',#9740,#9696,#9780,.T.);
#9782=ORIENTED_EDGE('',*,*,#9781,.F.);
#9783=ORIENTED_EDGE('',*,*,#9762,.F.);
#9784=CARTESIAN_POINT('',(31.184284646,-44.54221281,19.6000508));
#9785=CARTESIAN_POINT('',(39.820870624,-42.645329601,19.6000508));
#9786=CARTESIAN_POINT('',(47.769458234,-37.976037359,19.6000508));
#9787=CARTESIAN_POINT('',(53.103789269,-30.113247711,19.6000508));
#9788=B_SPLINE_CURVE_WITH_KNOTS('',3,(#9784,#9785,#9786,#9787),.UNSPECIFIED.,.F.,.F.,(4,4),(0.723565368,0.918403626),.UNSPECIFIED.);
#9789=EDGE_CURVE('',#9750,#9705,#9788,.T.);
#9790=ORIENTED_EDGE('',*,*,#9789,.T.);
#9791=ORIENTED_EDGE('',*,*,#9710,.T.);
#9792=EDGE_LOOP('',(#9782,#9783,#9790,#9791));
#9793=FACE_BOUND('',#9792,.T.);
#9794=ADVANCED_FACE('',(#9793),#9775,.T.);
#9795=CARTESIAN_POINT('',(23.113044952,-4.245477658,19.6000508));
#9796=DIRECTION('',(0.,0.,-1.));
#9797=DIRECTION('',(-1.,0.,0.));
#9798=AXIS2_PLACEMENT_3D('',#9795,#9796,#9797);
#9799=PLANE('',#9798);
#9800=ORIENTED_EDGE('',*,*,#9719,.T.);
#9801=ORIENTED_EDGE('',*,*,#9789,.F.);
#9802=ORIENTED_EDGE('',*,*,#9756,.F.);
#9803=EDGE_LOOP('',(#9800,#9801,#9802));
#9804=FACE_BOUND('',#9803,.T.);
#9805=ADVANCED_FACE('',(#9804),#9799,.F.);
#9806=CARTESIAN_POINT('',(23.113044952,-4.245477658,18.6000508));
#9807=DIRECTION('',(0.,0.,-1.));
#9808=DIRECTION('',(-1.,0.,0.));
#9809=AXIS2_PLACEMENT_3D('',#9806,#9807,#9808);
#9810=PLANE('',#9809);
#9811=ORIENTED_EDGE('',*,*,#9702,.F.);
#9812=ORIENTED_EDGE('',*,*,#9746,.T.);
#9813=ORIENTED_EDGE('',*,*,#9781,.T.);
#9814=EDGE_LOOP('',(#9811,#9812,#9813));
#9815=FACE_BOUND('',#9814,.T.);
#9816=ADVANCED_FACE('',(#9815),#9810,.T.);
#9817=CLOSED_SHELL('',(#9729,#9766,#9794,#9805,#9816));
#9818=MANIFOLD_SOLID_BREP('Extruded.018',#9817);
#9683=STYLED_ITEM('',(),#9818);
#9820=CARTESIAN_POINT('',(53.103789269,-30.113247711,19.6000508));
#9821=CARTESIAN_POINT('',(53.103789269,-30.113247711,18.6000508));
#9822=CARTESIAN_POINT('',(55.337755399,-26.820387624,19.6000508));
#9823=CARTESIAN_POINT('',(55.337755399,-26.820387624,18.6000508));
#9824=CARTESIAN_POINT('',(57.113219301,-22.967434969,19.6000508));
#9825=CARTESIAN_POINT('',(57.113219301,-22.967434969,18.6000508));
#9826=CARTESIAN_POINT('',(58.28869794,-18.523460945,19.6000508));
#9827=CARTESIAN_POINT('',(58.28869794,-18.523460945,18.6000508));
#9828=B_SPLINE_SURFACE_WITH_KNOTS('',3,1,((#9820,#9821),(#9822,#9823),(#9824,#9825),(#9826,#9827)),.UNSPECIFIED.,.F.,.F.,.U.,(4,4),(2,2),(0.918403626,1.),(0.,1.),.UNSPECIFIED.);
#9829=CARTESIAN_POINT('',(53.103789264,-30.113247708,18.6000508));
#9830=VERTEX_POINT('',#9829);
#9831=CARTESIAN_POINT('',(58.28869794,-18.523460945,18.6000508));
#9832=VERTEX_POINT('',#9831);
#9833=CARTESIAN_POINT('',(53.103789269,-30.113247711,18.6000508));
#9834=CARTESIAN_POINT('',(55.337755399,-26.820387624,18.6000508));
#9835=CARTESIAN_POINT('',(57.113219301,-22.967434969,18.6000508));
#9836=CARTESIAN_POINT('',(58.28869794,-18.523460945,18.6000508));
#9837=B_SPLINE_CURVE_WITH_KNOTS('',3,(#9833,#9834,#9835,#9836),.UNSPECIFIED.,.F.,.F.,(4,4),(0.918403626,1.),.UNSPECIFIED.);
#9838=EDGE_CURVE('',#9830,#9832,#9837,.T.);
#9839=ORIENTED_EDGE('',*,*,#9838,.T.);
#9840=CARTESIAN_POINT('',(58.28869794,-18.523460945,19.6000508));
#9841=VERTEX_POINT('',#9840);
#9842=CARTESIAN_POINT('',(58.28869794,-18.523460945,19.6000508));
#9843=DIRECTION('',(0.,0.,-1.));
#9844=VECTOR('',#9843,1.);
#9845=LINE('',#9842,#9844);
#9846=EDGE_CURVE('',#9841,#9832,#9845,.T.);
#9847=ORIENTED_EDGE('',*,*,#9846,.F.);
#9848=CARTESIAN_POINT('',(53.103789264,-30.113247708,19.6000508));
#9849=VERTEX_POINT('',#9848);
#9850=CARTESIAN_POINT('',(53.103789269,-30.113247711,19.6000508));
#9851=CARTESIAN_POINT('',(55.337755399,-26.820387624,19.6000508));
#9852=CARTESIAN_POINT('',(57.113219301,-22.967434969,19.6000508));
#9853=CARTESIAN_POINT('',(58.28869794,-18.523460945,19.6000508));
#9854=B_SPLINE_CURVE_WITH_KNOTS('',3,(#9850,#9851,#9852,#9853),.UNSPECIFIED.,.F.,.F.,(4,4),(0.918403626,1.),.UNSPECIFIED.);
#9855=EDGE_CURVE('',#9849,#9841,#9854,.T.);
#9856=ORIENTED_EDGE('',*,*,#9855,.F.);
#9857=CARTESIAN_POINT('',(53.103789264,-30.113247708,19.6000508));
#9858=DIRECTION('',(0.,0.,-1.));
#9859=VECTOR('',#9858,1.);
#9860=LINE('',#9857,#9859);
#9861=EDGE_CURVE('',#9849,#9830,#9860,.T.);
#9862=ORIENTED_EDGE('',*,*,#9861,.T.);
#9863=EDGE_LOOP('',(#9839,#9847,#9856,#9862));
#9864=FACE_BOUND('',#9863,.T.);
#9865=ADVANCED_FACE('',(#9864),#9828,.F.);
#9866=CARTESIAN_POINT('',(53.103789264,-30.113247708,19.6000508));
#9867=CARTESIAN_POINT('',(53.103789264,-30.113247708,18.6000508));
#9868=CARTESIAN_POINT('',(54.539897723,-27.493610493,19.6000508));
#9869=CARTESIAN_POINT('',(54.539897723,-27.493610493,18.6000508));
#9870=CARTESIAN_POINT('',(55.712856274,-24.572980453,19.6000508));
#9871=CARTESIAN_POINT('',(55.712856274,-24.572980453,18.6000508));
#9872=CARTESIAN_POINT('',(56.568161523,-21.339442912,19.6000508));
#9873=CARTESIAN_POINT('',(56.568161523,-21.339442912,18.6000508));
#9874=B_SPLINE_SURFACE_WITH_KNOTS('',3,1,((#9866,#9867),(#9868,#9869),(#9870,#9871),(#9872,#9873)),.UNSPECIFIED.,.F.,.F.,.U.,(4,4),(2,2),(0.940628605,1.),(0.,1.),.UNSPECIFIED.);
#9875=CARTESIAN_POINT('',(56.568161523,-21.339442912,18.6000508));
#9876=VERTEX_POINT('',#9875);
#9877=CARTESIAN_POINT('',(53.103789265,-30.113247707,18.6000508));
#9878=CARTESIAN_POINT('',(54.539897723,-27.493610492,18.6000508));
#9879=CARTESIAN_POINT('',(55.712856274,-24.572980453,18.6000508));
#9880=CARTESIAN_POINT('',(56.568161523,-21.339442912,18.6000508));
#9881=B_SPLINE_CURVE_WITH_KNOTS('',3,(#9877,#9878,#9879,#9880),.UNSPECIFIED.,.F.,.F.,(4,4),(0.940628605,1.),.UNSPECIFIED.);
#9882=EDGE_CURVE('',#9830,#9876,#9881,.T.);
#9883=ORIENTED_EDGE('',*,*,#9882,.F.);
#9884=ORIENTED_EDGE('',*,*,#9861,.F.);
#9885=CARTESIAN_POINT('',(56.568161523,-21.339442912,19.6000508));
#9886=VERTEX_POINT('',#9885);
#9887=CARTESIAN_POINT('',(53.103789265,-30.113247707,19.6000508));
#9888=CARTESIAN_POINT('',(54.539897723,-27.493610492,19.6000508));
#9889=CARTESIAN_POINT('',(55.712856274,-24.572980453,19.6000508));
#9890=CARTESIAN_POINT('',(56.568161523,-21.339442912,19.6000508));
#9891=B_SPLINE_CURVE_WITH_KNOTS('',3,(#9887,#9888,#9889,#9890),.UNSPECIFIED.,.F.,.F.,(4,4),(0.940628605,1.),.UNSPECIFIED.);
#9892=EDGE_CURVE('',#9849,#9886,#9891,.T.);
#9893=ORIENTED_EDGE('',*,*,#9892,.T.);
#9894=CARTESIAN_POINT('',(56.568161523,-21.339442912,19.6000508));
#9895=DIRECTION('',(0.,0.,-1.));
#9896=VECTOR('',#9895,1.);
#9897=LINE('',#9894,#9896);
#9898=EDGE_CURVE('',#9886,#9876,#9897,.T.);
#9899=ORIENTED_EDGE('',*,*,#9898,.T.);
#9900=EDGE_LOOP('',(#9883,#9884,#9893,#9899));
#9901=FACE_BOUND('',#9900,.T.);
#9902=ADVANCED_FACE('',(#9901),#9874,.T.);
#9903=CARTESIAN_POINT('',(56.568161523,-21.339442912,19.6000508));
#9904=DIRECTION('',(-0.853327869,0.521374672,0.));
#9905=DIRECTION('',(-0.521374672,-0.853327869,0.));
#9906=AXIS2_PLACEMENT_3D('',#9903,#9904,#9905);
#9907=PLANE('',#9906);
#9908=CARTESIAN_POINT('',(56.568161523,-21.339442912,18.6000508));
#9909=DIRECTION('',(0.521374672,0.853327869,0.));
#9910=VECTOR('',#9909,3.3);
#9911=LINE('',#9908,#9910);
#9912=EDGE_CURVE('',#9876,#9832,#9911,.T.);
#9913=ORIENTED_EDGE('',*,*,#9912,.F.);
#9914=ORIENTED_EDGE('',*,*,#9898,.F.);
#9915=CARTESIAN_POINT('',(56.568161523,-21.339442912,19.6000508));
#9916=DIRECTION('',(0.521374672,0.853327869,0.));
#9917=VECTOR('',#9916,3.3);
#9918=LINE('',#9915,#9917);
#9919=EDGE_CURVE('',#9886,#9841,#9918,.T.);
#9920=ORIENTED_EDGE('',*,*,#9919,.T.);
#9921=ORIENTED_EDGE('',*,*,#9846,.T.);
#9922=EDGE_LOOP('',(#9913,#9914,#9920,#9921));
#9923=FACE_BOUND('',#9922,.T.);
#9924=ADVANCED_FACE('',(#9923),#9907,.T.);
#9925=CARTESIAN_POINT('',(23.113044952,-4.245477658,19.6000508));
#9926=DIRECTION('',(0.,0.,-1.));
#9927=DIRECTION('',(-1.,0.,0.));
#9928=AXIS2_PLACEMENT_3D('',#9925,#9926,#9927);
#9929=PLANE('',#9928);
#9930=ORIENTED_EDGE('',*,*,#9855,.T.);
#9931=ORIENTED_EDGE('',*,*,#9919,.F.);
#9932=ORIENTED_EDGE('',*,*,#9892,.F.);
#9933=EDGE_LOOP('',(#9930,#9931,#9932));
#9934=FACE_BOUND('',#9933,.T.);
#9935=ADVANCED_FACE('',(#9934),#9929,.F.);
#9936=CARTESIAN_POINT('',(23.113044952,-4.245477658,18.6000508));
#9937=DIRECTION('',(0.,0.,-1.));
#9938=DIRECTION('',(-1.,0.,0.));
#9939=AXIS2_PLACEMENT_3D('',#9936,#9937,#9938);
#9940=PLANE('',#9939);
#9941=ORIENTED_EDGE('',*,*,#9838,.F.);
#9942=ORIENTED_EDGE('',*,*,#9882,.T.);
#9943=ORIENTED_EDGE('',*,*,#9912,.T.);
#9944=EDGE_LOOP('',(#9941,#9942,#9943));
#9945=FACE_BOUND('',#9944,.T.);
#9946=ADVANCED_FACE('',(#9945),#9940,.T.);
#9947=CLOSED_SHELL('',(#9865,#9902,#9924,#9935,#9946));
#9948=MANIFOLD_SOLID_BREP('Extruded.019',#9947);
#9819=STYLED_ITEM('',(),#9948);
#7751=SHAPE_REPRESENTATION('Top Texture',(#7750),#7745);
#7752=ADVANCED_BREP_SHAPE_REPRESENTATION('Top Texture',(#8006,#8189,#8358,#8494,#8630,#8799,#8982,#9157,#9332,#9507,#9682,#9818,#9948),#7745);
#9956=SHAPE_REPRESENTATION_RELATIONSHIP('','',#7751,#7752);
#7759=PRODUCT('0','0','',(#3457));
#9957=PRODUCT_RELATED_PRODUCT_CATEGORY('part','',(#7759));
#9958=PRODUCT_DEFINITION_FORMATION_WITH_SPECIFIED_SOURCE('','',#7759,.NOT_KNOWN.);
#7760=PRODUCT_DEFINITION('design','',#9958,#3458);
#7758=PRODUCT_DEFINITION_SHAPE('','',#7760);
#9959=SHAPE_DEFINITION_REPRESENTATION(#7758,#7751);
#7746=DRAUGHTING_MODEL('',(),#7745);
#3486=SHAPE_REPRESENTATION('Top',(#3485,#5019,#7764),#3480);
#3487=ADVANCED_BREP_SHAPE_REPRESENTATION('Top',(#4992),#3480);
#9967=SHAPE_REPRESENTATION_RELATIONSHIP('','',#3486,#3487);
#3494=PRODUCT('0','0','',(#3457));
#9968=PRODUCT_RELATED_PRODUCT_CATEGORY('part','',(#3494));
#9969=PRODUCT_DEFINITION_FORMATION_WITH_SPECIFIED_SOURCE('','',#3494,.NOT_KNOWN.);
#3495=PRODUCT_DEFINITION('design','',#9969,#3458);
#3493=PRODUCT_DEFINITION_SHAPE('','',#3495);
#9970=SHAPE_DEFINITION_REPRESENTATION(#3493,#3486);
#3481=DRAUGHTING_MODEL('',(),#3480);
#9971=(NAMED_UNIT(*)PLANE_ANGLE_UNIT()SI_UNIT($,.RADIAN.));
#9972=PLANE_ANGLE_MEASURE_WITH_UNIT(PLANE_ANGLE_MEASURE(0.0174532925),#9971);
#9973=(CONVERSION_BASED_UNIT('DEGREE',#9972)NAMED_UNIT(#9974)PLANE_ANGLE_UNIT());
#9974=DIMENSIONAL_EXPONENTS(0.,0.,0.,0.,0.,0.,0.);
#9975=(NAMED_UNIT(*)SI_UNIT($,.STERADIAN.)SOLID_ANGLE_UNIT());
#9976=(LENGTH_UNIT()NAMED_UNIT(*)SI_UNIT(.MILLI.,.METRE.));
#9977=UNCERTAINTY_MEASURE_WITH_UNIT(LENGTH_MEASURE(1.000000E-05),#9976,'DISTANCE_ACCURACY_VALUE','Maximum Tolerance applied to model');
#9978=(GEOMETRIC_REPRESENTATION_CONTEXT(3)GLOBAL_UNCERTAINTY_ASSIGNED_CONTEXT((#9977))GLOBAL_UNIT_ASSIGNED_CONTEXT((#9976,#9973,#9975))REPRESENTATION_CONTEXT('','0'));
#9980=CARTESIAN_POINT('',(0.,0.,0.));
#9981=DIRECTION('',(0.,0.,1.));
#9982=DIRECTION('',(1.,0.,0.));
#9983=AXIS2_PLACEMENT_3D('',#9980,#9981,#9982);
#9994=CARTESIAN_POINT('',(0.,0.,0.));
#9995=DIRECTION('',(0.,0.,1.));
#9996=DIRECTION('',(1.,0.,-0.));
#9997=AXIS2_PLACEMENT_3D('',#9994,#9995,#9996);
#9998=ITEM_DEFINED_TRANSFORMATION('','',#9997,#9983);
#9999=(REPRESENTATION_RELATIONSHIP('','',#9984,#16)REPRESENTATION_RELATIONSHIP_WITH_TRANSFORMATION(#9998)SHAPE_REPRESENTATION_RELATIONSHIP());
#10000=NEXT_ASSEMBLY_USAGE_OCCURRENCE('QI Charger Cover - print separately_6','QI Charger Cover - print separately','QI Charger Cover - print separately',#25,#9993,$);
#10001=PRODUCT_DEFINITION_SHAPE('','',#10000);
#10002=CONTEXT_DEPENDENT_SHAPE_REPRESENTATION(#9999,#10001);
#10004=CARTESIAN_POINT('',(5.504504777,250.063385993,11.799457483));
#10005=DIRECTION('',(0.,0.,1.));
#10006=DIRECTION('',(1.,0.,0.));
#10007=AXIS2_PLACEMENT_3D('',#10004,#10005,#10006);
#10008=PLANE('',#10007);
#10009=CARTESIAN_POINT('',(5.504504777,48.799691071,11.799457483));
#10010=VERTEX_POINT('',#10009);
#10011=CARTESIAN_POINT('',(5.504504777,47.799691071,11.799457483));
#10012=VERTEX_POINT('',#10011);
#10013=CARTESIAN_POINT('',(5.504504777,48.799691071,11.799457483));
#10014=DIRECTION('',(0.,-1.,0.));
#10015=VECTOR('',#10014,1.);
#10016=LINE('',#10013,#10015);
#10017=EDGE_CURVE('',#10010,#10012,#10016,.T.);
#10018=ORIENTED_EDGE('',*,*,#10017,.F.);
#10019=CARTESIAN_POINT('',(-45.75381099,48.799691071,11.799457483));
#10020=VERTEX_POINT('',#10019);
#10021=CARTESIAN_POINT('',(5.504504777,48.799691071,11.799457483));
#10022=DIRECTION('',(-1.,0.,0.));
#10023=VECTOR('',#10022,51.258315768);
#10024=LINE('',#10021,#10023);
#10025=EDGE_CURVE('',#10010,#10020,#10024,.T.);
#10026=ORIENTED_EDGE('',*,*,#10025,.T.);
#10027=CARTESIAN_POINT('',(-45.75381099,47.799691071,11.799457483));
#10028=VERTEX_POINT('',#10027);
#10029=CARTESIAN_POINT('',(-45.75381099,48.799691071,11.799457483));
#10030=DIRECTION('',(0.,-1.,0.));
#10031=VECTOR('',#10030,1.);
#10032=LINE('',#10029,#10031);
#10033=EDGE_CURVE('',#10020,#10028,#10032,.T.);
#10034=ORIENTED_EDGE('',*,*,#10033,.T.);
#10035=CARTESIAN_POINT('',(-45.75381099,47.799691071,11.799457483));
#10036=DIRECTION('',(1.,0.,-0.));
#10037=VECTOR('',#10036,51.258315768);
#10038=LINE('',#10035,#10037);
#10039=EDGE_CURVE('',#10028,#10012,#10038,.T.);
#10040=ORIENTED_EDGE('',*,*,#10039,.T.);
#10041=EDGE_LOOP('',(#10018,#10026,#10034,#10040));
#10042=FACE_BOUND('',#10041,.T.);
#10043=ADVANCED_FACE('',(#10042),#10008,.T.);
#10044=CARTESIAN_POINT('',(-45.75381099,250.063385993,1.034466219));
#10045=DIRECTION('',(0.,0.,-1.));
#10046=DIRECTION('',(-1.,0.,0.));
#10047=AXIS2_PLACEMENT_3D('',#10044,#10045,#10046);
#10048=PLANE('',#10047);
#10049=CARTESIAN_POINT('',(-45.75381099,48.799691071,1.034466219));
#10050=VERTEX_POINT('',#10049);
#10051=CARTESIAN_POINT('',(-45.75381099,47.799691071,1.034466219));
#10052=VERTEX_POINT('',#10051);
#10053=CARTESIAN_POINT('',(-45.75381099,48.799691071,1.034466219));
#10054=DIRECTION('',(0.,-1.,0.));
#10055=VECTOR('',#10054,1.);
#10056=LINE('',#10053,#10055);
#10057=EDGE_CURVE('',#10050,#10052,#10056,.T.);
#10058=ORIENTED_EDGE('',*,*,#10057,.F.);
#10059=CARTESIAN_POINT('',(5.504504777,48.799691071,1.034466219));
#10060=VERTEX_POINT('',#10059);
#10061=CARTESIAN_POINT('',(-45.75381099,48.799691071,1.034466219));
#10062=DIRECTION('',(1.,0.,-0.));
#10063=VECTOR('',#10062,51.258315768);
#10064=LINE('',#10061,#10063);
#10065=EDGE_CURVE('',#10050,#10060,#10064,.T.);
#10066=ORIENTED_EDGE('',*,*,#10065,.T.);
#10067=CARTESIAN_POINT('',(5.504504777,47.799691071,1.034466219));
#10068=VERTEX_POINT('',#10067);
#10069=CARTESIAN_POINT('',(5.504504777,48.799691071,1.034466219));
#10070=DIRECTION('',(0.,-1.,0.));
#10071=VECTOR('',#10070,1.);
#10072=LINE('',#10069,#10071);
#10073=EDGE_CURVE('',#10060,#10068,#10072,.T.);
#10074=ORIENTED_EDGE('',*,*,#10073,.T.);
#10075=CARTESIAN_POINT('',(5.504504777,47.799691071,1.034466219));
#10076=DIRECTION('',(-1.,0.,0.));
#10077=VECTOR('',#10076,51.258315768);
#10078=LINE('',#10075,#10077);
#10079=EDGE_CURVE('',#10068,#10052,#10078,.T.);
#10080=ORIENTED_EDGE('',*,*,#10079,.T.);
#10081=EDGE_LOOP('',(#10058,#10066,#10074,#10080));
#10082=FACE_BOUND('',#10081,.T.);
#10083=ADVANCED_FACE('',(#10082),#10048,.T.);
#10084=CARTESIAN_POINT('',(-46.75381099,47.799691071,18.6000508));
#10085=DIRECTION('',(0.,1.,0.));
#10086=DIRECTION('',(0.,0.,1.));
#10087=AXIS2_PLACEMENT_3D('',#10084,#10085,#10086);
#10088=PLANE('',#10087);
#10089=ORIENTED_EDGE('',*,*,#10039,.F.);
#10090=CARTESIAN_POINT('',(-45.75381099,47.799691071,11.799457483));
#10091=DIRECTION('',(0.,0.,-1.));
#10092=VECTOR('',#10091,10.764991264);
#10093=LINE('',#10090,#10092);
#10094=EDGE_CURVE('',#10028,#10052,#10093,.T.);
#10095=ORIENTED_EDGE('',*,*,#10094,.T.);
#10096=ORIENTED_EDGE('',*,*,#10079,.F.);
#10097=CARTESIAN_POINT('',(5.504504777,47.799691071,11.799457483));
#10098=DIRECTION('',(0.,0.,-1.));
#10099=VECTOR('',#10098,10.764991264);
#10100=LINE('',#10097,#10099);
#10101=EDGE_CURVE('',#10012,#10068,#10100,.T.);
#10102=ORIENTED_EDGE('',*,*,#10101,.F.);
#10103=EDGE_LOOP('',(#10089,#10095,#10096,#10102));
#10104=FACE_BOUND('',#10103,.T.);
#10105=ADVANCED_FACE('',(#10104),#10088,.F.);
#10106=CARTESIAN_POINT('',(5.504504777,250.063385993,1.034466219));
#10107=DIRECTION('',(1.,0.,0.));
#10108=DIRECTION('',(0.,0.,-1.));
#10109=AXIS2_PLACEMENT_3D('',#10106,#10107,#10108);
#10110=PLANE('',#10109);
#10111=CARTESIAN_POINT('',(5.504504777,49.799691071,13.689437383));
#10112=VERTEX_POINT('',#10111);
#10113=CARTESIAN_POINT('',(5.504504777,49.799691071,-0.855513681));
#10114=VERTEX_POINT('',#10113);
#10115=CARTESIAN_POINT('',(5.504504777,49.799691071,13.689437383));
#10116=DIRECTION('',(0.,0.,-1.));
#10117=VECTOR('',#10116,14.544951064);
#10118=LINE('',#10115,#10117);
#10119=EDGE_CURVE('',#10112,#10114,#10118,.T.);
#10120=ORIENTED_EDGE('',*,*,#10119,.F.);
#10121=CARTESIAN_POINT('',(5.504504777,48.799691071,13.689437383));
#10122=VERTEX_POINT('',#10121);
#10123=CARTESIAN_POINT('',(5.504504777,49.799691071,13.689437383));
#10124=DIRECTION('',(0.,-1.,0.));
#10125=VECTOR('',#10124,1.);
#10126=LINE('',#10123,#10125);
#10127=EDGE_CURVE('',#10112,#10122,#10126,.T.);
#10128=ORIENTED_EDGE('',*,*,#10127,.T.);
#10129=CARTESIAN_POINT('',(5.504504777,48.799691071,11.799457483));
#10130=DIRECTION('',(0.,0.,1.));
#10131=VECTOR('',#10130,1.8899799);
#10132=LINE('',#10129,#10131);
#10133=EDGE_CURVE('',#10010,#10122,#10132,.T.);
#10134=ORIENTED_EDGE('',*,*,#10133,.F.);
#10135=ORIENTED_EDGE('',*,*,#10017,.T.);
#10136=ORIENTED_EDGE('',*,*,#10101,.T.);
#10137=ORIENTED_EDGE('',*,*,#10073,.F.);
#10138=CARTESIAN_POINT('',(5.504504777,48.799691071,-0.855513681));
#10139=VERTEX_POINT('',#10138);
#10140=CARTESIAN_POINT('',(5.504504777,48.799691071,-0.855513681));
#10141=DIRECTION('',(0.,0.,1.));
#10142=VECTOR('',#10141,1.8899799);
#10143=LINE('',#10140,#10142);
#10144=EDGE_CURVE('',#10139,#10060,#10143,.T.);
#10145=ORIENTED_EDGE('',*,*,#10144,.F.);
#10146=CARTESIAN_POINT('',(5.504504777,49.799691071,-0.855513681));
#10147=DIRECTION('',(0.,-1.,0.));
#10148=VECTOR('',#10147,1.);
#10149=LINE('',#10146,#10148);
#10150=EDGE_CURVE('',#10114,#10139,#10149,.T.);
#10151=ORIENTED_EDGE('',*,*,#10150,.F.);
#10152=EDGE_LOOP('',(#10120,#10128,#10134,#10135,#10136,#10137,#10145,#10151));
#10153=FACE_BOUND('',#10152,.T.);
#10154=ADVANCED_FACE('',(#10153),#10110,.T.);
#10155=CARTESIAN_POINT('',(-45.75381099,250.063385993,11.799457483));
#10156=DIRECTION('',(-1.,0.,0.));
#10157=DIRECTION('',(0.,0.,1.));
#10158=AXIS2_PLACEMENT_3D('',#10155,#10156,#10157);
#10159=PLANE('',#10158);
#10160=CARTESIAN_POINT('',(-45.75381099,49.799691071,-0.855513681));
#10161=VERTEX_POINT('',#10160);
#10162=CARTESIAN_POINT('',(-45.75381099,49.799691071,13.689437383));
#10163=VERTEX_POINT('',#10162);
#10164=CARTESIAN_POINT('',(-45.75381099,49.799691071,-0.855513681));
#10165=DIRECTION('',(0.,0.,1.));
#10166=VECTOR('',#10165,14.544951064);
#10167=LINE('',#10164,#10166);
#10168=EDGE_CURVE('',#10161,#10163,#10167,.T.);
#10169=ORIENTED_EDGE('',*,*,#10168,.F.);
#10170=CARTESIAN_POINT('',(-45.75381099,48.799691071,-0.855513681));
#10171=VERTEX_POINT('',#10170);
#10172=CARTESIAN_POINT('',(-45.75381099,49.799691071,-0.855513681));
#10173=DIRECTION('',(0.,-1.,0.));
#10174=VECTOR('',#10173,1.);
#10175=LINE('',#10172,#10174);
#10176=EDGE_CURVE('',#10161,#10171,#10175,.T.);
#10177=ORIENTED_EDGE('',*,*,#10176,.T.);
#10178=CARTESIAN_POINT('',(-45.75381099,48.799691071,1.034466219));
#10179=DIRECTION('',(0.,0.,-1.));
#10180=VECTOR('',#10179,1.8899799);
#10181=LINE('',#10178,#10180);
#10182=EDGE_CURVE('',#10050,#10171,#10181,.T.);
#10183=ORIENTED_EDGE('',*,*,#10182,.F.);
#10184=ORIENTED_EDGE('',*,*,#10057,.T.);
#10185=ORIENTED_EDGE('',*,*,#10094,.F.);
#10186=ORIENTED_EDGE('',*,*,#10033,.F.);
#10187=CARTESIAN_POINT('',(-45.75381099,48.799691071,13.689437383));
#10188=VERTEX_POINT('',#10187);
#10189=CARTESIAN_POINT('',(-45.75381099,48.799691071,13.689437383));
#10190=DIRECTION('',(0.,0.,-1.));
#10191=VECTOR('',#10190,1.8899799);
#10192=LINE('',#10189,#10191);
#10193=EDGE_CURVE('',#10188,#10020,#10192,.T.);
#10194=ORIENTED_EDGE('',*,*,#10193,.F.);
#10195=CARTESIAN_POINT('',(-45.75381099,49.799691071,13.689437383));
#10196=DIRECTION('',(0.,-1.,0.));
#10197=VECTOR('',#10196,1.);
#10198=LINE('',#10195,#10197);
#10199=EDGE_CURVE('',#10163,#10188,#10198,.T.);
#10200=ORIENTED_EDGE('',*,*,#10199,.F.);
#10201=EDGE_LOOP('',(#10169,#10177,#10183,#10184,#10185,#10186,#10194,#10200));
#10202=FACE_BOUND('',#10201,.T.);
#10203=ADVANCED_FACE('',(#10202),#10159,.T.);
#10204=CARTESIAN_POINT('',(-46.75381099,49.799691071,18.6000508));
#10205=DIRECTION('',(0.,1.,0.));
#10206=DIRECTION('',(0.,0.,1.));
#10207=AXIS2_PLACEMENT_3D('',#10204,#10205,#10206);
#10208=PLANE('',#10207);
#10209=ORIENTED_EDGE('',*,*,#10168,.T.);
#10210=CARTESIAN_POINT('',(-45.75381099,49.799691071,13.689437383));
#10211=DIRECTION('',(1.,0.,-0.));
#10212=VECTOR('',#10211,51.258315768);
#10213=LINE('',#10210,#10212);
#10214=EDGE_CURVE('',#10163,#10112,#10213,.T.);
#10215=ORIENTED_EDGE('',*,*,#10214,.T.);
#10216=ORIENTED_EDGE('',*,*,#10119,.T.);
#10217=CARTESIAN_POINT('',(5.504504777,49.799691071,-0.855513681));
#10218=DIRECTION('',(-1.,0.,0.));
#10219=VECTOR('',#10218,51.258315768);
#10220=LINE('',#10217,#10219);
#10221=EDGE_CURVE('',#10114,#10161,#10220,.T.);
#10222=ORIENTED_EDGE('',*,*,#10221,.T.);
#10223=EDGE_LOOP('',(#10209,#10215,#10216,#10222));
#10224=FACE_BOUND('',#10223,.T.);
#10225=CARTESIAN_POINT('',(-38.303362409,49.799691071,1.02289944));
#10226=VERTEX_POINT('',#10225);
#10227=CARTESIAN_POINT('',(-38.303362409,49.799691071,0.092289957));
#10228=DIRECTION('',(0.,1.,0.));
#10229=DIRECTION('',(0.,-0.,1.));
#10230=AXIS2_PLACEMENT_3D('',#10227,#10228,#10229);
#10231=CIRCLE('',#10230,0.930609484);
#10232=EDGE_CURVE('',#10226,#10226,#10231,.T.);
#10233=ORIENTED_EDGE('',*,*,#10232,.F.);
#10234=EDGE_LOOP('',(#10233));
#10235=FACE_BOUND('',#10234,.T.);
#10236=CARTESIAN_POINT('',(-1.060649985,49.799691071,1.02289944));
#10237=VERTEX_POINT('',#10236);
#10238=CARTESIAN_POINT('',(-1.060649985,49.799691071,0.092289957));
#10239=DIRECTION('',(0.,1.,0.));
#10240=DIRECTION('',(0.,-0.,1.));
#10241=AXIS2_PLACEMENT_3D('',#10238,#10239,#10240);
#10242=CIRCLE('',#10241,0.930609484);
#10243=EDGE_CURVE('',#10237,#10237,#10242,.T.);
#10244=ORIENTED_EDGE('',*,*,#10243,.F.);
#10245=EDGE_LOOP('',(#10244));
#10246=FACE_BOUND('',#10245,.T.);
#10247=CARTESIAN_POINT('',(-1.060649985,49.799691071,13.675056917));
#10248=VERTEX_POINT('',#10247);
#10249=CARTESIAN_POINT('',(-1.060649985,49.799691071,12.744447433));
#10250=DIRECTION('',(0.,1.,0.));
#10251=DIRECTION('',(0.,-0.,1.));
#10252=AXIS2_PLACEMENT_3D('',#10249,#10250,#10251);
#10253=CIRCLE('',#10252,0.930609484);
#10254=EDGE_CURVE('',#10248,#10248,#10253,.T.);
#10255=ORIENTED_EDGE('',*,*,#10254,.F.);
#10256=EDGE_LOOP('',(#10255));
#10257=FACE_BOUND('',#10256,.T.);
#10258=CARTESIAN_POINT('',(-38.303362409,49.799691071,13.675056917));
#10259=VERTEX_POINT('',#10258);
#10260=CARTESIAN_POINT('',(-38.303362409,49.799691071,12.744447433));
#10261=DIRECTION('',(0.,1.,0.));
#10262=DIRECTION('',(0.,-0.,1.));
#10263=AXIS2_PLACEMENT_3D('',#10260,#10261,#10262);
#10264=CIRCLE('',#10263,0.930609484);
#10265=EDGE_CURVE('',#10259,#10259,#10264,.T.);
#10266=ORIENTED_EDGE('',*,*,#10265,.F.);
#10267=EDGE_LOOP('',(#10266));
#10268=FACE_BOUND('',#10267,.T.);
#10269=ADVANCED_FACE('',(#10224,#10235,#10246,#10257,#10268),#10208,.T.);
#10270=CARTESIAN_POINT('',(-45.75381099,250.587114337,-0.855513681));
#10271=DIRECTION('',(0.,0.,-1.));
#10272=DIRECTION('',(-1.,0.,0.));
#10273=AXIS2_PLACEMENT_3D('',#10270,#10271,#10272);
#10274=PLANE('',#10273);
#10275=CARTESIAN_POINT('',(-45.75381099,48.799691071,-0.855513681));
#10276=DIRECTION('',(1.,0.,-0.));
#10277=VECTOR('',#10276,51.258315768);
#10278=LINE('',#10275,#10277);
#10279=EDGE_CURVE('',#10171,#10139,#10278,.T.);
#10280=ORIENTED_EDGE('',*,*,#10279,.F.);
#10281=ORIENTED_EDGE('',*,*,#10176,.F.);
#10282=ORIENTED_EDGE('',*,*,#10221,.F.);
#10283=ORIENTED_EDGE('',*,*,#10150,.T.);
#10284=EDGE_LOOP('',(#10280,#10281,#10282,#10283));
#10285=FACE_BOUND('',#10284,.T.);
#10286=ADVANCED_FACE('',(#10285),#10274,.T.);
#10287=CARTESIAN_POINT('',(95.284569731,48.799691071,1.034466219));
#10288=DIRECTION('',(0.,1.,0.));
#10289=DIRECTION('',(0.,0.,1.));
#10290=AXIS2_PLACEMENT_3D('',#10287,#10288,#10289);
#10291=PLANE('',#10290);
#10292=CARTESIAN_POINT('',(-38.303362409,48.799691071,1.02289944));
#10293=VERTEX_POINT('',#10292);
#10294=CARTESIAN_POINT('',(-38.303362409,48.799691071,0.092289957));
#10295=DIRECTION('',(0.,1.,0.));
#10296=DIRECTION('',(0.,-0.,1.));
#10297=AXIS2_PLACEMENT_3D('',#10294,#10295,#10296);
#10298=CIRCLE('',#10297,0.930609484);
#10299=EDGE_CURVE('',#10293,#10293,#10298,.T.);
#10300=ORIENTED_EDGE('',*,*,#10299,.T.);
#10301=EDGE_LOOP('',(#10300));
#10302=FACE_BOUND('',#10301,.T.);
#10303=CARTESIAN_POINT('',(-1.060649985,48.799691071,1.02289944));
#10304=VERTEX_POINT('',#10303);
#10305=CARTESIAN_POINT('',(-1.060649985,48.799691071,0.092289957));
#10306=DIRECTION('',(0.,1.,0.));
#10307=DIRECTION('',(0.,-0.,1.));
#10308=AXIS2_PLACEMENT_3D('',#10305,#10306,#10307);
#10309=CIRCLE('',#10308,0.930609484);
#10310=EDGE_CURVE('',#10304,#10304,#10309,.T.);
#10311=ORIENTED_EDGE('',*,*,#10310,.T.);
#10312=EDGE_LOOP('',(#10311));
#10313=FACE_BOUND('',#10312,.T.);
#10314=ORIENTED_EDGE('',*,*,#10182,.T.);
#10315=ORIENTED_EDGE('',*,*,#10279,.T.);
#10316=ORIENTED_EDGE('',*,*,#10144,.T.);
#10317=ORIENTED_EDGE('',*,*,#10065,.F.);
#10318=EDGE_LOOP('',(#10314,#10315,#10316,#10317));
#10319=FACE_BOUND('',#10318,.T.);
#10320=ADVANCED_FACE('',(#10302,#10313,#10319),#10291,.F.);
#10321=CARTESIAN_POINT('',(-1.060649985,-30.068904118,0.092289957));
#10322=DIRECTION('',(0.,1.,0.));
#10323=DIRECTION('',(0.,-0.,1.));
#10324=AXIS2_PLACEMENT_3D('',#10321,#10322,#10323);
#10325=CYLINDRICAL_SURFACE('',#10324,0.930609484);
#10326=CARTESIAN_POINT('',(-1.060649985,49.799691071,1.02289944));
#10327=DIRECTION('',(-0.,-1.,-0.));
#10328=VECTOR('',#10327,1.);
#10329=LINE('',#10326,#10328);
#10330=EDGE_CURVE('',#10237,#10304,#10329,.T.);
#10331=ORIENTED_EDGE('',*,*,#10330,.F.);
#10332=ORIENTED_EDGE('',*,*,#10243,.T.);
#10333=ORIENTED_EDGE('',*,*,#10330,.T.);
#10334=ORIENTED_EDGE('',*,*,#10310,.F.);
#10335=EDGE_LOOP('',(#10331,#10332,#10333,#10334));
#10336=FACE_BOUND('',#10335,.T.);
#10337=ADVANCED_FACE('',(#10336),#10325,.F.);
#10338=CARTESIAN_POINT('',(-38.303362409,-28.501352823,0.092289957));
#10339=DIRECTION('',(0.,1.,0.));
#10340=DIRECTION('',(0.,-0.,1.));
#10341=AXIS2_PLACEMENT_3D('',#10338,#10339,#10340);
#10342=CYLINDRICAL_SURFACE('',#10341,0.930609484);
#10343=CARTESIAN_POINT('',(-38.303362409,49.799691071,1.02289944));
#10344=DIRECTION('',(-0.,-1.,-0.));
#10345=VECTOR('',#10344,1.);
#10346=LINE('',#10343,#10345);
#10347=EDGE_CURVE('',#10226,#10293,#10346,.T.);
#10348=ORIENTED_EDGE('',*,*,#10347,.F.);
#10349=ORIENTED_EDGE('',*,*,#10232,.T.);
#10350=ORIENTED_EDGE('',*,*,#10347,.T.);
#10351=ORIENTED_EDGE('',*,*,#10299,.F.);
#10352=EDGE_LOOP('',(#10348,#10349,#10350,#10351));
#10353=FACE_BOUND('',#10352,.T.);
#10354=ADVANCED_FACE('',(#10353),#10342,.F.);
#10355=CARTESIAN_POINT('',(5.504504777,250.587114337,13.689437383));
#10356=DIRECTION('',(0.,0.,1.));
#10357=DIRECTION('',(1.,0.,0.));
#10358=AXIS2_PLACEMENT_3D('',#10355,#10356,#10357);
#10359=PLANE('',#10358);
#10360=CARTESIAN_POINT('',(5.504504777,48.799691071,13.689437383));
#10361=DIRECTION('',(-1.,0.,0.));
#10362=VECTOR('',#10361,51.258315768);
#10363=LINE('',#10360,#10362);
#10364=EDGE_CURVE('',#10122,#10188,#10363,.T.);
#10365=ORIENTED_EDGE('',*,*,#10364,.F.);
#10366=ORIENTED_EDGE('',*,*,#10127,.F.);
#10367=ORIENTED_EDGE('',*,*,#10214,.F.);
#10368=ORIENTED_EDGE('',*,*,#10199,.T.);
#10369=EDGE_LOOP('',(#10365,#10366,#10367,#10368));
#10370=FACE_BOUND('',#10369,.T.);
#10371=ADVANCED_FACE('',(#10370),#10359,.T.);
#10372=CARTESIAN_POINT('',(95.284569731,48.799691071,13.689437383));
#10373=DIRECTION('',(0.,1.,0.));
#10374=DIRECTION('',(0.,0.,1.));
#10375=AXIS2_PLACEMENT_3D('',#10372,#10373,#10374);
#10376=PLANE('',#10375);
#10377=CARTESIAN_POINT('',(-1.060649985,48.799691071,13.675056917));
#10378=VERTEX_POINT('',#10377);
#10379=CARTESIAN_POINT('',(-1.060649985,48.799691071,12.744447433));
#10380=DIRECTION('',(0.,1.,0.));
#10381=DIRECTION('',(0.,-0.,1.));
#10382=AXIS2_PLACEMENT_3D('',#10379,#10380,#10381);
#10383=CIRCLE('',#10382,0.930609484);
#10384=EDGE_CURVE('',#10378,#10378,#10383,.T.);
#10385=ORIENTED_EDGE('',*,*,#10384,.T.);
#10386=EDGE_LOOP('',(#10385));
#10387=FACE_BOUND('',#10386,.T.);
#10388=CARTESIAN_POINT('',(-38.303362409,48.799691071,13.675056917));
#10389=VERTEX_POINT('',#10388);
#10390=CARTESIAN_POINT('',(-38.303362409,48.799691071,12.744447433));
#10391=DIRECTION('',(0.,1.,0.));
#10392=DIRECTION('',(0.,-0.,1.));
#10393=AXIS2_PLACEMENT_3D('',#10390,#10391,#10392);
#10394=CIRCLE('',#10393,0.930609484);
#10395=EDGE_CURVE('',#10389,#10389,#10394,.T.);
#10396=ORIENTED_EDGE('',*,*,#10395,.T.);
#10397=EDGE_LOOP('',(#10396));
#10398=FACE_BOUND('',#10397,.T.);
#10399=ORIENTED_EDGE('',*,*,#10133,.T.);
#10400=ORIENTED_EDGE('',*,*,#10364,.T.);
#10401=ORIENTED_EDGE('',*,*,#10193,.T.);
#10402=ORIENTED_EDGE('',*,*,#10025,.F.);
#10403=EDGE_LOOP('',(#10399,#10400,#10401,#10402));
#10404=FACE_BOUND('',#10403,.T.);
#10405=ADVANCED_FACE('',(#10387,#10398,#10404),#10376,.F.);
#10406=CARTESIAN_POINT('',(-38.303362409,-28.501555458,12.744447433));
#10407=DIRECTION('',(0.,1.,0.));
#10408=DIRECTION('',(0.,-0.,1.));
#10409=AXIS2_PLACEMENT_3D('',#10406,#10407,#10408);
#10410=CYLINDRICAL_SURFACE('',#10409,0.930609484);
#10411=CARTESIAN_POINT('',(-38.303362409,49.799691071,13.675056917));
#10412=DIRECTION('',(-0.,-1.,-0.));
#10413=VECTOR('',#10412,1.);
#10414=LINE('',#10411,#10413);
#10415=EDGE_CURVE('',#10259,#10389,#10414,.T.);
#10416=ORIENTED_EDGE('',*,*,#10415,.F.);
#10417=ORIENTED_EDGE('',*,*,#10265,.T.);
#10418=ORIENTED_EDGE('',*,*,#10415,.T.);
#10419=ORIENTED_EDGE('',*,*,#10395,.F.);
#10420=EDGE_LOOP('',(#10416,#10417,#10418,#10419));
#10421=FACE_BOUND('',#10420,.T.);
#10422=ADVANCED_FACE('',(#10421),#10410,.F.);
#10423=CARTESIAN_POINT('',(-1.060649985,-30.068705156,12.744447433));
#10424=DIRECTION('',(0.,1.,0.));
#10425=DIRECTION('',(0.,-0.,1.));
#10426=AXIS2_PLACEMENT_3D('',#10423,#10424,#10425);
#10427=CYLINDRICAL_SURFACE('',#10426,0.930609484);
#10428=CARTESIAN_POINT('',(-1.060649985,49.799691071,13.675056917));
#10429=DIRECTION('',(-0.,-1.,-0.));
#10430=VECTOR('',#10429,1.);
#10431=LINE('',#10428,#10430);
#10432=EDGE_CURVE('',#10248,#10378,#10431,.T.);
#10433=ORIENTED_EDGE('',*,*,#10432,.F.);
#10434=ORIENTED_EDGE('',*,*,#10254,.T.);
#10435=ORIENTED_EDGE('',*,*,#10432,.T.);
#10436=ORIENTED_EDGE('',*,*,#10384,.F.);
#10437=EDGE_LOOP('',(#10433,#10434,#10435,#10436));
#10438=FACE_BOUND('',#10437,.T.);
#10439=ADVANCED_FACE('',(#10438),#10427,.F.);
#10440=CLOSED_SHELL('',(#10043,#10083,#10105,#10154,#10203,#10269,#10286,#10320,#10337,#10354,#10371,#10405,#10422,#10439));
#10441=MANIFOLD_SOLID_BREP('Solid 3579',#10440);
#10003=STYLED_ITEM('',(),#10441);
#9984=SHAPE_REPRESENTATION('QI Charger Cover - print separately',(#9983),#9978);
#9985=ADVANCED_BREP_SHAPE_REPRESENTATION('QI Charger Cover - print separately',(#10441),#9978);
#10449=SHAPE_REPRESENTATION_RELATIONSHIP('','',#9984,#9985);
#9992=PRODUCT('0','0','',(#3457));
#10450=PRODUCT_RELATED_PRODUCT_CATEGORY('part','',(#9992));
#10451=PRODUCT_DEFINITION_FORMATION_WITH_SPECIFIED_SOURCE('','',#9992,.NOT_KNOWN.);
#9993=PRODUCT_DEFINITION('design','',#10451,#3458);
#9991=PRODUCT_DEFINITION_SHAPE('','',#9993);
#10452=SHAPE_DEFINITION_REPRESENTATION(#9991,#9984);
#9979=DRAUGHTING_MODEL('',(),#9978);
#16=SHAPE_REPRESENTATION('root',(#15,#52,#3499,#9997),#10);
#24=PRODUCT('root','root','',(#3457));
#10453=PRODUCT_RELATED_PRODUCT_CATEGORY('part','',(#24));
#10454=PRODUCT_DEFINITION_FORMATION_WITH_SPECIFIED_SOURCE('','',#24,.NOT_KNOWN.);
#25=PRODUCT_DEFINITION('design','',#10454,#3458);
#23=PRODUCT_DEFINITION_SHAPE('','',#25);
#10455=SHAPE_DEFINITION_REPRESENTATION(#23,#16);
#11=DRAUGHTING_MODEL('',(),#10);
#1=MECHANICAL_DESIGN_GEOMETRIC_PRESENTATION_REPRESENTATION('',(#58,#745,#896,#1603,#1886,#2749,#3164,#3505,#5025,#5732,#5883,#6166,#7029,#7444,#7770,#8007,#8190,#8359,#8495,#8631,#8800,#8983,#9158,#9333,#9508,#9683,
#9819,#10003),#10);
ENDSEC;
END-ISO-10303-21;
